銘柄コード,銘柄名,株価,判定,出来高比率,出来高枯れ,出来高再増加,小実体,じわ切り上げ,日足代表価格上,MA5上,MA25上,MA75上,MA200上,全MA上,直近高値からの下落(%),損切り目安下幅(%)
2186,Sobal Corporation,923.0,🚀 Step3（エントリー候補）,2.83,✗,✓,✗,✓,✓,✓,✓,✓,✓,✓,0.0,1.7
3967,"Eltes Co.,Ltd.",612.0,🚀 Step3（エントリー候補）,2.57,✗,✓,✗,✓,✓,✓,✓,✓,✓,✓,-1.0,8.7
3958,"Sasatoku Printing Co.,Ltd.",554.0,🚀 Step3（エントリー候補）,3.27,✗,✓,✓,✓,✓,✓,✓,✓,✓,✓,-1.4,1.4
2179,"Seigakusha Co.,Ltd.",860.0,🚀 Step3（エントリー候補）,6.39,✗,✓,✓,✗,✓,✓,✓,✓,✓,✓,-3.2,9.0
2464,"Aoba-BBT, Inc.",377.0,🚀 Step3（エントリー候補）,3.07,✗,✓,✗,✓,✓,✓,✓,✓,✓,✓,-1.0,15.1
7928,"Asahi Kagaku Kogyo Co.,Ltd.",662.0,🚀 Step3（エントリー候補）,3.86,✗,✓,✓,✓,✓,✓,✓,✓,✓,✓,0.0,6.3
3607,"Kuraudia Holdings Co.,Ltd.",366.0,🚀 Step3（エントリー候補）,3.64,✗,✓,✗,✓,✓,✓,✓,✓,✓,✓,-0.8,4.9
3440,"NISSO GROUP Co.,Ltd.",958.0,🚀 Step3（エントリー候補）,3.39,✗,✓,✗,✓,✓,✓,✓,✓,✓,✓,-0.5,11.3
4447,"PBsystems,Inc.",506.0,🚀 Step3（エントリー候補）,3.22,✗,✓,✓,✓,✓,✓,✓,✓,✓,✓,-0.8,10.7
4707,KITAC Corporation,346.0,🚀 Step3（エントリー候補）,4.12,✗,✓,✗,✓,✓,✓,✓,✓,✓,✓,-0.3,7.8
4178,Sharing Innovations Inc.,551.0,🚀 Step3（エントリー候補）,6.45,✗,✓,✗,✓,✓,✓,✓,✓,✗,✗,-2.5,13.6
2385,Soiken Holdings Inc.,225.0,⏳ Step2完了（次の急騰待ち）,0.13,✓,✗,✓,✓,✓,✓,✓,✓,✗,✗,-1.7,7.1
7865,"People Co., Ltd.",346.0,⏳ Step2完了（次の急騰待ち）,1.2,✓,✗,✓,✓,✓,✓,✓,✗,✗,✗,-1.1,5.2
9363,"Daiun Co.,Ltd.",543.0,⏳ Step2完了（次の急騰待ち）,0.08,✓,✗,✓,✓,✓,✓,✓,✓,✓,✓,-2.2,7.9
9514,EF-ON Inc.,352.0,⏳ Step2完了（次の急騰待ち）,0.41,✓,✗,✓,✗,✓,✓,✓,✓,✓,✓,-1.1,9.9
9342,Sumasapo Inc.,995.0,⏳ Step2完了（次の急騰待ち）,0.6,✓,✗,✓,✓,✓,✓,✓,✓,✓,✓,0.0,21.9
2769,"Village Vanguard CO.,LTD.",915.0,⏳ Step2完了（次の急騰待ち）,0.51,✓,✗,✓,✓,✓,✓,✓,✓,✗,✗,0.0,3.8
9193,"Tokyo Kisen Co.,Ltd.",878.0,⏳ Step2完了（次の急騰待ち）,0.27,✓,✗,✓,✓,✓,✓,✓,✗,✗,✗,-3.3,4.2
8746,"Unbanked,Inc.",100.0,⏳ Step2完了（次の急騰待ち）,0.04,✓,✗,✓,✓,✓,✓,✓,✗,✗,✗,-7.4,9.0
7162,"ASTMAX Co., Ltd.",267.0,⏳ Step2完了（次の急騰待ち）,0.09,✓,✗,✓,✓,✓,✓,✓,✗,✓,✗,-4.3,13.1
7370,"Enjin Co., Ltd.",716.0,⏳ Step2完了（次の急騰待ち）,0.29,✓,✗,✓,✓,✓,✓,✓,✗,✗,✗,-0.1,2.4
7919,"Nozaki Insatsu Shigyo Co., Ltd.",227.0,⏳ Step2完了（次の急騰待ち）,0.23,✓,✗,✓,✓,✓,✓,✓,✓,✓,✓,-0.4,14.1
5527,Property Technologies Inc.,718.0,⏳ Step2完了（次の急騰待ち）,0.46,✓,✗,✓,✓,✓,✓,✓,✓,✓,✓,-1.6,9.2
6081,"Allied Architects, Inc.",168.0,⏳ Step2完了（次の急騰待ち）,0.1,✓,✗,✓,✓,✓,✓,✓,✗,✗,✗,-2.3,10.7
6424,"Takamisawa Cybernetics Company, Ltd.",898.0,⏳ Step2完了（次の急騰待ち）,0.34,✓,✗,✓,✓,✓,✓,✓,✓,✗,✗,-2.0,1.1
6428,OIZUMI Corporation,329.0,⏳ Step2完了（次の急騰待ち）,1.13,✓,✗,✓,✓,✓,✓,✓,✓,✓,✓,-0.9,6.1
8013,"Naigai Co.,Ltd.",360.0,⏳ Step2完了（次の急騰待ち）,0.07,✓,✗,✓,✓,✓,✓,✓,✓,✓,✓,-3.7,4.4
9723,"The Kyoto Hotel, Ltd.",637.0,⏳ Step2完了（次の急騰待ち）,0.17,✓,✗,✓,✓,✓,✓,✓,✓,✗,✗,-0.5,1.1
2454,"All About, Inc.",349.0,⏳ Step2完了（次の急騰待ち）,0.35,✓,✗,✓,✓,✓,✓,✓,✓,✗,✗,-0.3,4.9
9385,Shoei Corporation,760.0,⏳ Step2完了（次の急騰待ち）,0.27,✓,✗,✓,✓,✓,✓,✓,✓,✓,✓,-2.6,4.6
7872,"Estelle Holdings Co.,Ltd.",619.0,⏳ Step2完了（次の急騰待ち）,0.48,✓,✗,✓,✓,✓,✓,✓,✓,✓,✓,-0.2,2.7
4059,"Magmag, Inc.",420.0,⏳ Step2完了（次の急騰待ち）,0.42,✓,✗,✓,✓,✓,✓,✓,✓,✗,✗,-0.5,7.1
2459,"AUN CONSULTING, Inc.",178.0,⏳ Step2完了（次の急騰待ち）,0.12,✓,✗,✓,✓,✓,✓,✓,✓,✗,✗,-5.3,11.2
5616,"Ame Kaze Taiyo, Inc.",655.0,⏳ Step2完了（次の急騰待ち）,0.17,✓,✗,✓,✓,✓,✓,✓,✓,✗,✗,0.0,6.4
3113,UNIVA Oak Holdings Limited,83.0,⏳ Step2完了（次の急騰待ち）,0.16,✓,✗,✓,✓,✓,✓,✓,✓,✓,✓,-1.2,15.7
5287,"Ito Yogyo Co., Ltd",852.0,⏳ Step2完了（次の急騰待ち）,0.07,✓,✗,✓,✓,✓,✓,✓,✗,✗,✗,-9.2,6.7
324A,"Booking Resort Co., Ltd.",750.0,⏳ Step2完了（次の急騰待ち）,0.32,✓,✗,✓,✓,✓,✓,✓,✓,✗,✗,-4.7,8.3
3241,"WILL,Co.,Ltd.",605.0,⏳ Step2完了（次の急騰待ち）,0.35,✓,✗,✓,✓,✓,✓,✓,✓,✓,✓,-1.6,6.0
6166,"Nakamura Choukou Co., Ltd.",688.0,⏳ Step2完了（次の急騰待ち）,0.74,✓,✗,✓,✓,✓,✓,✓,✓,✓,✓,-1.6,16.9
5248,"TECHNOLOGIES, Inc.",501.0,⏳ Step2完了（次の急騰待ち）,0.15,✓,✗,✓,✓,✓,✓,✓,✓,✗,✗,-1.8,10.0
3953,"Ohmura Shigyo Co.,Ltd.",804.0,⏳ Step2完了（次の急騰待ち）,0.47,✓,✗,✓,✓,✓,✓,✓,✓,✓,✓,-0.6,7.1
3974,SCAT Inc.,671.0,⏳ Step2完了（次の急騰待ち）,0.39,✓,✗,✓,✓,✓,✓,✓,✓,✓,✓,-1.9,11.8
151A,Dive Group Inc.,652.0,⏳ Step2完了（次の急騰待ち）,0.3,✓,✗,✓,✓,✓,✓,✓,✓,✓,✓,-2.0,4.1
149A,"Thinca Co.,Ltd.",800.0,⏳ Step2完了（次の急騰待ち）,0.17,✓,✗,✓,✓,✓,✓,✓,✓,✗,✗,-3.6,10.5
3896,"Awa Paper & Technological Company, Inc.",419.0,⏳ Step2完了（次の急騰待ち）,0.32,✓,✗,✓,✓,✓,✓,✓,✓,✓,✓,0.0,14.8
3839,"ODK Solutions Company, Ltd.",644.0,⏳ Step2完了（次の急騰待ち）,0.55,✓,✗,✓,✓,✓,✓,✓,✓,✓,✓,-0.5,2.8
3358,"Trailhead Global Holdings,Inc.",100.0,⏳ Step2完了（次の急騰待ち）,0.24,✓,✗,✓,✓,✓,✓,✓,✓,✓,✓,-9.9,12.0
156A,Material Group Inc.,864.0,⏳ Step2完了（次の急騰待ち）,1.51,✓,✗,✓,✓,✓,✓,✓,✓,✓,✓,-1.8,6.8
5950,"Japan Power Fastening Co.,Ltd.",158.0,⏳ Step2完了（次の急騰待ち）,0.25,✓,✗,✓,✓,✓,✓,✓,✓,✗,✗,-1.2,10.8
4625,"Atomix Co.,Ltd.",800.0,⏳ Step2完了（次の急騰待ち）,0.51,✓,✗,✓,✓,✓,✓,✓,✓,✓,✓,-3.4,9.9
4531,"Yuki Gosei Kogyo Co., Ltd.",364.0,⏳ Step2完了（次の急騰待ち）,0.1,✓,✗,✓,✓,✓,✓,✓,✓,✓,✓,-1.1,11.5
3236,"Properst Co., Ltd.",298.0,⏳ Step2完了（次の急騰待ち）,0.26,✓,✗,✓,✓,✓,✓,✓,✓,✗,✗,-0.3,10.1
3377,BIKE O & COMPANY Ltd.,397.0,⏳ Step2完了（次の急騰待ち）,0.6,✓,✗,✓,✓,✓,✓,✓,✓,✓,✓,-0.5,8.6
6046,Linkbal Inc.,145.0,⏳ Step2完了（次の急騰待ち）,0.03,✓,✗,✓,✓,✓,✓,✓,✓,✗,✗,-5.2,15.2
3646,"Ekitan & Co., Ltd.",348.0,⏳ Step2完了（次の急騰待ち）,0.13,✓,✗,✓,✓,✓,✓,✓,✓,✓,✓,-0.3,4.9
4586,"MedRx Co., Ltd",67.0,⏳ Step2完了（次の急騰待ち）,0.34,✓,✗,✓,✓,✓,✓,✓,✓,✗,✗,-6.9,14.9
4885,Muromachi Chemicals Inc.,905.0,⏳ Step2完了（次の急騰待ち）,0.11,✓,✗,✓,✓,✓,✓,✓,✗,✗,✗,-1.0,3.3
4893,Noile-Immune Biotech Inc.,148.0,⏳ Step2完了（次の急騰待ち）,0.12,✓,✗,✓,✓,✓,✓,✓,✓,✓,✓,-0.7,12.2
6186,"Ichikura Co., Ltd.",387.0,⏳ Step2完了（次の急騰待ち）,0.1,✓,✗,✓,✓,✓,✓,✓,✓,✓,✓,-0.5,3.9
7640,"TOP CULTURE Co.,Ltd.",194.0,⏳ Step2完了（次の急騰待ち）,0.14,✓,✗,✓,✓,✓,✓,✓,✓,✓,✓,-2.5,14.4
6803,Teac Corporation,100.0,⏳ Step2完了（次の急騰待ち）,0.25,✓,✗,✓,✓,✓,✓,✓,✓,✗,✗,-1.0,5.0
6663,"Taiyo Technolex Co.,Ltd.",317.0,⏳ Step2完了（次の急騰待ち）,0.05,✓,✗,✓,✓,✓,✓,✓,✓,✓,✓,-5.4,9.8
7036,eMnet Japan.co.ltd.,669.0,⏳ Step2完了（次の急騰待ち）,0.21,✓,✗,✓,✓,✓,✓,✓,✓,✗,✗,-1.0,8.5
9656,Greenland Resort Company Limited,600.0,⏳ Step2完了（次の急騰待ち）,0.35,✓,✗,✓,✓,✓,✓,✓,✗,✗,✗,-0.5,3.3
5588,"Fast Accounting Co.,Ltd.",831.0,⏳ Step2完了（次の急騰待ち）,0.2,✓,✗,✓,✓,✓,✓,✓,✓,✗,✗,-8.3,11.8
4334,"YUKE'S Co.,Ltd.",385.0,⏳ Step2完了（次の急騰待ち）,0.11,✓,✗,✓,✓,✓,✓,✓,✓,✗,✗,-1.3,3.6
4075,"Brains Technology, Inc.",906.0,⏳ Step2完了（次の急騰待ち）,0.09,✓,✗,✓,✗,✓,✓,✓,✗,✗,✗,-3.0,9.8
4829,"Nihon Enterprise Co.,Ltd.",112.0,⏳ Step2完了（次の急騰待ち）,0.37,✓,✗,✓,✓,✓,✓,✓,✓,✓,✓,0.0,9.8
441A,NE Inc.,275.0,⏳ Step2完了（次の急騰待ち）,0.14,✓,✗,✓,✗,✓,✓,✓,✓,✗,✗,-4.8,13.5
4317,Ray Corporation,566.0,⏳ Step2完了（次の急騰待ち）,0.16,✓,✗,✓,✓,✓,✓,✓,✓,✗,✗,-2.1,14.5
4284,"SOLXYZ Co., Ltd.",441.0,⏳ Step2完了（次の急騰待ち）,0.3,✓,✗,✓,✗,✓,✓,✓,✓,✗,✗,-1.8,4.8
9853,"Ginza Renoir Co., Ltd.",910.0,⏳ Step2完了（次の急騰待ち）,0.4,✓,✗,✓,✓,✓,✓,✓,✓,✗,✗,-1.1,0.9
4167,Kokopelli Inc.,330.0,⏳ Step2完了（次の急騰待ち）,0.25,✓,✗,✓,✓,✓,✓,✓,✓,✓,✓,-3.2,13.9
3803,Image Information Inc.,595.0,⏳ Step2完了（次の急騰待ち）,0.12,✓,✗,✓,✓,✓,✓,✓,✓,✓,✓,-2.0,28.2
4814,Nextware Ltd.,167.0,⏳ Step2完了（次の急騰待ち）,0.04,✓,✗,✓,✓,✓,✓,✓,✓,✗,✗,-0.6,11.4
9854,"Aigan Co.,Ltd.",282.0,⏳ Step2完了（次の急騰待ち）,0.09,✓,✗,✓,✗,✓,✓,✓,✓,✓,✓,-6.0,11.7
3494,"Mullion Co., Ltd.",443.0,⏳ Step2完了（次の急騰待ち）,0.1,✓,✗,✓,✓,✓,✓,✓,✓,✓,✓,-3.3,4.5
5129,FIXER Inc.,262.0,⏳ Step2完了（次の急騰待ち）,0.34,✓,✗,✓,✓,✓,✓,✓,✓,✗,✗,-1.9,13.4
1443,"Giken Holdings Co., Ltd.",285.0,⏳ Step2完了（次の急騰待ち）,0.13,✓,✗,✓,✓,✓,✓,✓,✓,✓,✓,-0.7,14.0
4378,CINC Corp.,531.0,⏳ Step2完了（次の急騰待ち）,0.27,✓,✗,✓,✓,✓,✓,✓,✗,✓,✗,-1.3,14.1
3727,Aplix Corporation,155.0,⏳ Step2完了（次の急騰待ち）,0.16,✓,✗,✓,✓,✓,✓,✓,✓,✗,✗,-1.3,14.2
5216,"Kuramoto Co., Ltd.",156.0,⏳ Step2完了（次の急騰待ち）,0.05,✓,✗,✓,✓,✓,✓,✓,✓,✗,✗,-5.5,3.8
4932,"Almado, Inc.",760.0,⏳ Step2完了（次の急騰待ち）,0.5,✓,✗,✓,✗,✓,✓,✓,✓,✗,✗,-3.8,8.3
6218,ENSHU Limited,645.0,📉 Step2中（調整中）,0.63,✓,✗,✗,✓,✓,✓,✓,✓,✓,✓,-5.7,4.8
9376,"Eurasia Travel Co., Ltd.",831.0,📉 Step2中（調整中）,0.26,✓,✗,✗,✓,✓,✓,✓,✓,✓,✓,-1.0,6.6
7571,Yamano Holdings Corporation,92.0,📉 Step2中（調整中）,0.2,✓,✗,✗,✓,✓,✓,✓,✓,✗,✗,-2.1,12.0
6292,"Kawata Mfg. Co., Ltd.",857.0,📉 Step2中（調整中）,0.05,✓,✗,✗,✗,✓,✓,✓,✓,✓,✓,-1.0,6.9
7192,Mortgage Service Japan Limited,629.0,📉 Step2中（調整中）,0.11,✓,✗,✗,✗,✓,✓,✓,✓,✓,✓,-2.3,7.9
9237,"Emimen Co., Ltd.",960.0,📉 Step2中（調整中）,0.19,✓,✗,✗,✓,✓,✓,✓,✓,✓,✓,-1.5,18.1
7486,"Sanrin Co., Ltd.",813.0,📉 Step2中（調整中）,0.56,✓,✗,✗,✓,✓,✓,✓,✓,✓,✓,-0.5,7.5
9250,GRCS Inc.,963.0,📉 Step2中（調整中）,0.14,✓,✗,✗,✓,✓,✓,✓,✓,✗,✗,0.0,12.6
7443,"Yokohama Gyorui Co., Ltd.",666.0,📉 Step2中（調整中）,0.1,✓,✗,✗,✓,✓,✓,✓,✓,✓,✓,-0.9,5.1
9326,"Kantsu HD Co.,Ltd.",501.0,📉 Step2中（調整中）,0.6,✓,✗,✗,✓,✓,✓,✓,✓,✓,✓,-0.2,3.2
189A,"D & M Company Co., Ltd.",993.0,📉 Step2中（調整中）,0.24,✓,✗,✗,✓,✓,✓,✓,✓,✓,✓,-1.3,3.0
7360,"ONDECK Co., Ltd.",656.0,📉 Step2中（調整中）,0.69,✓,✗,✗,✓,✓,✓,✓,✓,✗,✗,-1.4,4.6
8617,"The Kosei Securities Co., Ltd.",620.0,📉 Step2中（調整中）,0.68,✓,✗,✗,✓,✓,✓,✓,✓,✓,✓,-1.4,12.3
241A,"ROXX,inc.",433.0,📉 Step2中（調整中）,0.11,✓,✗,✗,✓,✓,✓,✓,✗,✗,✗,-0.2,9.9
6888,Acmos Inc.,503.0,📉 Step2中（調整中）,0.31,✓,✗,✗,✓,✓,✓,✓,✓,✗,✗,-0.8,6.2
7057,"New Constructor's Network Co., Ltd.",930.0,📉 Step2中（調整中）,0.25,✓,✗,✗,✓,✓,✓,✓,✓,✗,✗,-3.1,4.6
7075,"QLS Holdings Co., Ltd",870.0,📉 Step2中（調整中）,0.27,✓,✗,✗,✓,✓,✓,✓,✓,✓,✓,-0.1,7.9
7064,"Howtelevision, Inc.",891.0,📉 Step2中（調整中）,1.3,✓,✗,✗,✓,✓,✓,✓,✓,✗,✗,-2.0,7.3
7422,"Toho Lamac Co., Ltd.",363.0,📉 Step2中（調整中）,0.14,✓,✗,✗,✓,✓,✓,✓,✗,✗,✗,-1.1,3.3
7367,"CELM,Inc.",336.0,📉 Step2中（調整中）,0.03,✓,✗,✗,✓,✓,✓,✓,✓,✓,✓,-1.2,1.5
8077,TORQ Inc.,215.0,📉 Step2中（調整中）,0.11,✓,✗,✗,✓,✓,✓,✓,✓,✗,✗,-10.4,4.7
9565,GLOE Inc.,675.0,📉 Step2中（調整中）,0.06,✓,✗,✗,✓,✓,✓,✓,✓,✗,✗,-3.6,6.5
8835,Taiheiyo Kouhatsu Incorporated,801.0,📉 Step2中（調整中）,0.18,✓,✗,✗,✓,✓,✓,✓,✓,✗,✗,-0.6,6.1
7898,"Wood One Co.,Ltd.",946.0,📉 Step2中（調整中）,0.38,✓,✗,✗,✓,✓,✓,✓,✓,✓,✓,-0.4,7.0
8912,Area Quest Inc.,156.0,📉 Step2中（調整中）,0.01,✓,✗,✗,✓,✓,✓,✓,✗,✗,✗,-1.3,3.8
2321,Softfront Holdings,136.0,📉 Step2中（調整中）,0.14,✓,✗,✗,✓,✓,✓,✓,✗,✗,✗,-1.4,14.0
220A,Faber Company Inc.,946.0,📉 Step2中（調整中）,0.3,✓,✗,✗,✓,✓,✓,✓,✓,✗,✗,-3.0,2.2
7883,"Sun Messe Co., Ltd.",403.0,📉 Step2中（調整中）,0.1,✓,✗,✗,✓,✓,✓,✓,✓,✓,✓,-2.2,3.7
2375,GiG Works Inc.,209.0,📉 Step2中（調整中）,0.37,✓,✗,✗,✓,✓,✓,✓,✓,✗,✗,-0.9,4.8
7807,"Kowa Co.,Ltd.",886.0,📉 Step2中（調整中）,0.05,✓,✗,✗,✓,✓,✓,✓,✓,✓,✓,0.0,7.8
7813,"Platz Co., Ltd.",875.0,📉 Step2中（調整中）,0.66,✓,✗,✗,✓,✓,✓,✓,✓,✓,✓,-0.3,10.3
2411,Gendai Agency Inc.,472.0,📉 Step2中（調整中）,0.13,✓,✗,✗,✓,✓,✓,✓,✓,✓,✓,-0.4,4.7
2438,"Asukanet Co., Ltd.",356.0,📉 Step2中（調整中）,0.2,✓,✗,✗,✓,✓,✓,✓,✓,✓,✓,-0.8,9.0
2408,"KG Intelligence CO., LTD.",859.0,📉 Step2中（調整中）,0.32,✓,✗,✗,✓,✓,✓,✓,✓,✓,✓,-1.8,4.2
7992,"The Sailor Pen Co., Ltd.",104.0,📉 Step2中（調整中）,0.11,✓,✗,✗,✓,✓,✓,✓,✓,✗,✗,-1.9,4.8
7980,"Shigematsu Works Co., Ltd.",851.0,📉 Step2中（調整中）,0.27,✓,✗,✗,✓,✓,✓,✓,✓,✓,✓,-4.0,6.2
2195,"Amita Holdings Co.,Ltd.",379.0,📉 Step2中（調整中）,0.28,✓,✗,✗,✓,✓,✓,✓,✓,✓,✓,-2.3,16.9
7897,"Hokushin Co., Ltd.",109.0,📉 Step2中（調整中）,0.77,✓,✗,✗,✓,✓,✓,✓,✓,✓,✓,-0.9,9.2
1844,"Ohmori Co.,Ltd.",494.0,📉 Step2中（調整中）,0.08,✓,✗,✗,✓,✓,✓,✓,✓,✗,✗,-1.2,7.9
175A,"Will Smart Co.,LTD.",635.0,📉 Step2中（調整中）,0.04,✓,✗,✗,✓,✓,✓,✓,✓,✗,✗,-2.5,7.6
9331,Caster Co.Ltd.,740.0,📉 Step2中（調整中）,0.29,✓,✗,✗,✗,✓,✓,✓,✗,✗,✗,-2.8,3.5
2156,Saylor Advertising.Inc.,276.0,📉 Step2中（調整中）,0.04,✓,✗,✗,✓,✓,✓,✓,✓,✗,✗,-0.7,6.9
9330,AGEHA Inc.,880.0,📉 Step2中（調整中）,0.03,✓,✗,✗,✓,✓,✓,✓,✓,✓,✓,-0.3,3.1
9475,"Shobunsha Holdings, Inc.",534.0,📉 Step2中（調整中）,0.32,✓,✗,✗,✓,✓,✓,✓,✓,✓,✓,-0.6,7.3
206A,"PRISM BioLab Co.,LTD",170.0,📉 Step2中（調整中）,0.27,✓,✗,✗,✓,✓,✓,✓,✓,✓,✓,-4.5,18.2
4990,"Showa Chemical Industry Co., Ltd.",505.0,📉 Step2中（調整中）,0.11,✓,✗,✗,✓,✓,✓,✓,✓,✓,✓,-4.9,4.2
6038,"IID, Inc.",832.0,📉 Step2中（調整中）,0.17,✓,✗,✗,✓,✓,✓,✓,✗,✗,✗,-1.3,3.4
3204,Toabo Corporation,504.0,📉 Step2中（調整中）,0.29,✓,✗,✗,✓,✓,✓,✓,✓,✓,✓,0.0,4.8
3223,"SLD Entertainment, Inc.",944.0,📉 Step2中（調整中）,0.29,✓,✗,✗,✓,✓,✓,✓,✓,✗,✗,0.0,3.5
5974,"Chugokukogyo Co.,Ltd.",852.0,📉 Step2中（調整中）,0.09,✓,✗,✗,✗,✓,✓,✓,✓,✓,✓,-1.2,3.3
3266,Fund Creation Group Company Limited,81.0,📉 Step2中（調整中）,0.23,✓,✗,✗,✓,✓,✓,✓,✓,✗,✗,0.0,4.9
3261,"GRANDES, Inc.",409.0,📉 Step2中（調整中）,0.54,✓,✗,✗,✓,✓,✓,✓,✓,✗,✗,-1.9,3.9
3246,"KOSE R.E. Co.,Ltd.",683.0,📉 Step2中（調整中）,0.34,✓,✗,✗,✓,✓,✓,✓,✓,✓,✓,-0.4,5.9
6177,AppBank Inc.,85.0,📉 Step2中（調整中）,0.05,✓,✗,✗,✓,✓,✓,✓,✓,✗,✗,-1.2,11.8
6069,"Trenders, Inc.",704.0,📉 Step2中（調整中）,0.12,✓,✗,✗,✓,✓,✓,✓,✓,✗,✗,-0.6,9.5
3134,Hamee Corp.,323.0,📉 Step2中（調整中）,0.29,✓,✗,✗,✓,✓,✓,✓,✗,✗,✗,0.0,17.0
9225,Bridge Consulting Group Inc.,982.0,📉 Step2中（調整中）,0.74,✓,✗,✗,✓,✓,✓,✓,✓,✗,✗,-1.7,3.5
9446,"SAKAI Holdings CO.,LTD",702.0,📉 Step2中（調整中）,0.14,✓,✗,✗,✓,✓,✓,✓,✓,✓,✓,-1.0,5.8
6696,TRaaS On Product Inc.,316.0,📉 Step2中（調整中）,0.09,✓,✗,✗,✗,✓,✓,✓,✓,✗,✗,-6.2,14.9
6664,"Optoelectronics Co., Ltd.",255.0,📉 Step2中（調整中）,0.05,✓,✗,✗,✓,✓,✓,✓,✓,✗,✗,-3.8,10.2
6347,"Placo Co., Ltd.",265.0,📉 Step2中（調整中）,0.1,✓,✗,✗,✓,✓,✓,✓,✓,✗,✗,-6.0,8.7
5940,"Fujisash Co.,Ltd.",766.0,📉 Step2中（調整中）,0.24,✓,✗,✗,✓,✓,✓,✓,✓,✗,✗,-5.9,7.4
5952,Amatei Incorporated,193.0,📉 Step2中（調整中）,0.03,✓,✗,✗,✓,✓,✓,✓,✓,✓,✓,0.0,7.3
7692,Earth Infinity Co.Ltd.,80.0,📉 Step2中（調整中）,0.17,✓,✗,✗,✓,✓,✓,✓,✗,✗,✗,-2.4,6.2
7619,"Tanaka Co.,Ltd.",967.0,📉 Step2中（調整中）,0.71,✓,✗,✗,✓,✓,✓,✓,✓,✓,✓,-2.8,7.4
7031,Inbound Tech Inc.,719.0,📉 Step2中（調整中）,0.4,✓,✗,✗,✓,✓,✓,✓,✓,✓,✓,-1.5,9.0
9423,Forval RealStraight Inc.,105.0,📉 Step2中（調整中）,0.32,✓,✗,✗,✓,✓,✓,✓,✓,✓,✓,-1.9,2.9
7782,"Sincere Co., LTD.",470.0,📉 Step2中（調整中）,0.59,✓,✗,✗,✓,✓,✓,✓,✓,✗,✗,-1.7,2.8
9218,"Mental Health Technologies Co.,Ltd.",784.0,📉 Step2中（調整中）,0.81,✓,✗,✗,✓,✓,✓,✓,✓,✓,✓,-0.6,7.3
3160,"Oomitsu Co., Ltd.",580.0,📉 Step2中（調整中）,0.26,✓,✗,✗,✓,✓,✓,✓,✓,✓,✓,-0.3,1.4
6334,"Meiji Machine Co., Ltd.",520.0,📉 Step2中（調整中）,0.93,✓,✗,✗,✓,✓,✓,✓,✓,✓,✓,0.0,14.8
3111,"Omikenshi Co., Ltd.",181.0,📉 Step2中（調整中）,0.42,✓,✗,✗,✓,✓,✓,✓,✓,✗,✗,-1.6,9.9
6049,ItoKuro Inc.,247.0,📉 Step2中（調整中）,0.05,✓,✗,✗,✓,✓,✓,✓,✗,✗,✗,0.0,3.2
6059,"UCHIYAMA HOLDINGS Co.,Ltd.",364.0,📉 Step2中（調整中）,0.37,✓,✗,✗,✓,✓,✓,✓,✓,✓,✓,0.0,6.9
6054,Livesense Inc.,116.0,📉 Step2中（調整中）,0.09,✓,✗,✗,✓,✓,✓,✓,✓,✗,✗,-7.2,7.8
5928,"Almetax Manufacturing Co., Ltd.",288.0,📉 Step2中（調整中）,0.07,✓,✗,✗,✓,✓,✓,✓,✓,✓,✓,0.0,3.8
7111,"INEST, Inc.",513.0,📉 Step2中（調整中）,0.28,✓,✗,✗,✓,✓,✓,✓,✓,✓,✓,-1.5,10.3
2673,"YUMEMITSUKETAI Co.,Ltd.",119.0,📉 Step2中（調整中）,0.02,✓,✗,✗,✓,✓,✓,✓,✓,✗,✗,-11.9,21.8
3058,Sanyodo Holdings Inc,709.0,📉 Step2中（調整中）,0.19,✓,✗,✗,✓,✓,✓,✓,✓,✓,✓,-4.8,2.1
6658,"Shirai Electronics Industrial Co., Ltd.",462.0,📉 Step2中（調整中）,0.5,✓,✗,✗,✓,✓,✓,✓,✓,✗,✗,-0.9,9.1
6555,"MS&Consulting Co., Ltd.",429.0,📉 Step2中（調整中）,0.22,✓,✗,✗,✓,✓,✓,✓,✗,✓,✗,-0.2,3.3
6557,AIAI Group Corporation,789.0,📉 Step2中（調整中）,0.59,✓,✗,✗,✓,✓,✓,✓,✓,✗,✗,-0.9,16.6
6578,"CORREC Co., Ltd.",510.0,📉 Step2中（調整中）,0.99,✓,✗,✗,✓,✓,✓,✓,✓,✓,✓,0.0,6.9
6551,"Tsunagu Group Holdings, Inc.",622.0,📉 Step2中（調整中）,0.22,✓,✗,✗,✓,✓,✓,✓,✓,✗,✗,-0.6,9.6
7362,Terminalcare Support Institute Inc.,876.0,📉 Step2中（調整中）,0.43,✓,✗,✗,✓,✓,✓,✓,✓,✓,✓,-2.7,5.5
6307,"Sansei Co.,Ltd.",485.0,📉 Step2中（調整中）,0.17,✓,✗,✗,✓,✓,✓,✓,✓,✗,✗,-3.6,11.8
7090,Ligua Inc.,919.0,📉 Step2中（調整中）,0.1,✓,✗,✗,✓,✓,✓,✓,✓,✗,✗,-1.1,14.7
7093,"adish Co., Ltd.",580.0,📉 Step2中（調整中）,0.11,✓,✗,✗,✓,✓,✓,✓,✓,✓,✓,-0.2,15.2
3071,"Stream Co.,Ltd.",105.0,📉 Step2中（調整中）,0.56,✓,✗,✗,✓,✓,✓,✓,✓,✓,✓,0.0,4.8
477A,"Startline CO.,LTD.",681.0,📉 Step2中（調整中）,0.1,✓,✗,✗,✗,✓,✓,✓,✓,✗,✗,-2.6,15.3
4735,"Kyoshin Co., Ltd.",304.0,📉 Step2中（調整中）,0.11,✓,✗,✗,✓,✓,✓,✓,✗,✗,✗,-1.6,2.3
3286,TRUST Holdings Inc.,899.0,📉 Step2中（調整中）,0.8,✓,✗,✗,✓,✓,✓,✓,✗,✗,✗,-0.4,4.8
4705,CLIP Corporation,797.0,📉 Step2中（調整中）,0.36,✓,✗,✗,✓,✓,✓,✓,✓,✗,✗,-1.0,3.4
3622,Netyear Group Corporation,500.0,📉 Step2中（調整中）,0.1,✓,✗,✗,✓,✓,✓,✓,✗,✗,✗,-3.1,4.4
3645,"Medical Net, Inc.",245.0,📉 Step2中（調整中）,0.61,✓,✗,✗,✓,✓,✓,✓,✗,✗,✗,-0.8,2.0
442A,"Classico, Inc.",980.0,📉 Step2中（調整中）,0.05,✓,✗,✗,✗,✓,✓,✓,✗,✗,✗,-0.5,4.1
4421,"D. I. System Co., Ltd.",948.0,📉 Step2中（調整中）,0.35,✓,✗,✗,✓,✓,✓,✓,✓,✓,✓,-0.1,5.0
3598,"Yamaki Co.,Ltd.",163.0,📉 Step2中（調整中）,0.25,✓,✗,✗,✓,✓,✓,✓,✓,✗,✗,-1.8,3.1
6031,Zeta Inc.,269.0,📉 Step2中（調整中）,0.08,✓,✗,✗,✓,✓,✓,✓,✓,✗,✗,-1.8,19.0
4615,"Shinto Paint Company, Limited",134.0,📉 Step2中（調整中）,1.02,✓,✗,✗,✓,✓,✓,✓,✓,✓,✓,-1.5,5.2
3627,Tecmira Holdings Inc.,268.0,📉 Step2中（調整中）,0.22,✓,✗,✗,✓,✓,✓,✓,✗,✗,✗,-2.9,3.4
6182,MetaReal Corporation,494.0,📉 Step2中（調整中）,0.2,✓,✗,✗,✓,✓,✓,✓,✗,✓,✗,-0.2,15.4
3461,"Palma Co., Ltd.",610.0,📉 Step2中（調整中）,0.52,✓,✗,✗,✓,✓,✓,✓,✓,✓,✓,-1.6,4.8
3571,"Sotoh Co., Ltd.",725.0,📉 Step2中（調整中）,0.53,✓,✗,✗,✓,✓,✓,✓,✓,✗,✗,-0.7,2.8
339A,"Progress Technologies Group, Inc.",935.0,📉 Step2中（調整中）,0.23,✓,✗,✗,✓,✓,✓,✓,✓,✗,✗,-2.4,9.8
4664,Japan Reliance Service Corporation,976.0,📉 Step2中（調整中）,0.28,✓,✗,✗,✓,✓,✓,✓,✓,✓,✓,-7.9,15.5
352A,"LOIVE Co.,Ltd.",549.0,📉 Step2中（調整中）,0.05,✓,✗,✗,✓,✓,✓,✓,✓,✗,✗,-5.3,15.7
4892,Cyfuse Biomedical K.K.,570.0,📉 Step2中（調整中）,0.18,✓,✗,✗,✓,✓,✓,✓,✓,✗,✗,-1.4,14.6
5031,Moi Corporation,334.0,📉 Step2中（調整中）,0.12,✓,✗,✗,✓,✓,✓,✓,✗,✓,✗,-4.0,7.8
5025,MERCURY Inc.,597.0,📉 Step2中（調整中）,0.69,✓,✗,✗,✓,✓,✓,✓,✓,✗,✗,-0.5,12.1
145A,L is B corp.,910.0,📉 Step2中（調整中）,0.5,✓,✗,✗,✓,✓,✓,✓,✓,✓,✓,-3.2,13.2
3985,TEMONA.inc.,188.0,📉 Step2中（調整中）,0.19,✓,✗,✗,✓,✓,✓,✓,✓,✗,✗,0.0,6.4
3955,"IMURA & Co.,Ltd.",845.0,📉 Step2中（調整中）,0.48,✓,✗,✗,✓,✓,✓,✓,✓,✗,✗,-1.2,3.4
4287,Just Planning Inc.,496.0,📉 Step2中（調整中）,0.39,✓,✗,✗,✓,✓,✓,✓,✓,✓,✓,-0.4,10.9
340A,"zig-zag,Inc.",338.0,📉 Step2中（調整中）,0.06,✓,✗,✗,✓,✓,✓,✓,✓,✗,✗,-0.3,11.5
4057,"Interfactory, Inc.",358.0,📉 Step2中（調整中）,0.37,✓,✗,✗,✓,✓,✓,✓,✓,✗,✗,0.0,3.6
549A,"HITO-TO-HITO Holdings Co.,Ltd.",521.0,📉 Step2中（調整中）,0.04,✓,✗,✗,✓,✓,✓,✓,✓,✗,✗,-1.7,13.2
478A,Hutzper Inc.,785.0,📉 Step2中（調整中）,0.2,✓,✗,✗,✗,✓,✓,✓,✓,✗,✗,-3.7,11.7
3779,"J Escom Holdings,Inc.",133.0,📉 Step2中（調整中）,0.01,✓,✗,✗,✓,✓,✓,✓,✗,✗,✗,-2.2,4.5
3802,"Ecomic Co., Ltd",501.0,📉 Step2中（調整中）,0.23,✓,✗,✗,✓,✓,✓,✓,✓,✓,✓,0.0,3.2
4016,"MIT Holdings Co., Ltd.",999.0,📉 Step2中（調整中）,0.57,✓,✗,✗,✓,✓,✓,✓,✓,✓,✓,0.0,8.2
520A,"J-Pharma Co., Ltd.",284.0,📉 Step2中（調整中）,0.54,✓,✗,✗,✓,✓,✓,✓,✗,✗,✗,-3.4,8.5
5162,Asahi Rubber Inc.,800.0,📉 Step2中（調整中）,0.19,✓,✗,✗,✓,✓,✓,✓,✓,✓,✓,-2.8,11.0
5138,"Rebase, Inc.",463.0,📉 Step2中（調整中）,0.12,✓,✗,✗,✓,✓,✓,✓,✓,✗,✗,-2.3,14.7
3416,PIXTA Inc.,900.0,📉 Step2中（調整中）,0.91,✓,✗,✗,✓,✓,✓,✓,✓,✓,✓,0.0,8.0
4388,"AI,Inc.",373.0,📉 Step2中（調整中）,0.36,✓,✗,✗,✓,✓,✓,✓,✓,✗,✗,0.0,5.6
4427,"EduLab, Inc.",229.0,📉 Step2中（調整中）,0.13,✓,✗,✗,✓,✓,✓,✓,✓,✗,✗,-1.3,18.8
3625,Techfirm Holdings Inc.,669.0,📉 Step2中（調整中）,0.26,✓,✗,✗,✗,✓,✓,✓,✓,✓,✓,-0.9,16.7
4594,"BrightPath Biotherapeutics Co., Ltd.",54.0,📉 Step2中（調整中）,0.08,✓,✗,✗,✓,✓,✓,✓,✓,✗,✗,-3.6,16.7
3559,p-ban.com Corp.,458.0,📉 Step2中（調整中）,0.28,✓,✗,✗,✓,✓,✓,✓,✓,✗,✗,0.0,14.4
4379,Photosynth inc.,445.0,📉 Step2中（調整中）,0.32,✓,✗,✗,✓,✓,✓,✓,✓,✓,✓,-2.8,14.6
4395,Accrete Inc.,716.0,📉 Step2中（調整中）,0.1,✓,✗,✗,✓,✓,✓,✓,✗,✗,✗,-3.2,12.8
4397,TeamSpirit Inc.,426.0,📉 Step2中（調整中）,0.54,✓,✗,✗,✓,✓,✓,✓,✓,✗,✗,-3.4,12.4
143A,"Ishin Co., Ltd.",701.0,📉 Step2中（調整中）,0.08,✓,✗,✗,✓,✓,✓,✓,✓,✗,✗,-2.2,9.0
155A,"Information Strategy and Technology Co.,Ltd.",848.0,📉 Step2中（調整中）,0.06,✓,✗,✗,✓,✓,✓,✓,✗,✗,✗,-3.6,11.6
4766,"PA Co., Ltd.",208.0,📉 Step2中（調整中）,0.44,✓,✗,✗,✓,✓,✓,✓,✓,✗,✗,-0.5,11.1
5133,Terilogy Holdings Corporation,321.0,📉 Step2中（調整中）,0.33,✓,✗,✗,✓,✓,✓,✓,✓,✓,✓,-1.2,8.4
4882,Perseus Proteomics Inc.,149.0,📉 Step2中（調整中）,0.24,✓,✗,✗,✓,✓,✓,✓,✗,✗,✗,-2.0,10.1
9872,"Kitakei Co., Ltd.",964.0,📉 Step2中（調整中）,0.21,✓,✗,✗,✓,✓,✓,✓,✓,✓,✓,-0.2,4.9
9827,"Lilycolor Co., Ltd.",641.0,📉 Step2中（調整中）,0.31,✓,✗,✗,✓,✓,✓,✓,✓,✓,✓,0.0,5.0
5247,"BTM, Inc.",582.0,📉 Step2中（調整中）,0.02,✓,✗,✗,✓,✓,✓,✓,✓,✗,✗,-2.0,10.1
4260,"Hybrid Technologies Co., Ltd.",214.0,📉 Step2中（調整中）,0.19,✓,✗,✗,✓,✓,✓,✓,✗,✗,✗,-5.3,9.3
4017,Creema Ltd.,215.0,📉 Step2中（調整中）,0.11,✓,✗,✗,✓,✓,✓,✓,✓,✗,✗,-3.2,7.0
4056,Neural Group Inc.,219.0,📉 Step2中（調整中）,0.27,✓,✗,✗,✓,✓,✓,✓,✗,✗,✗,-2.2,8.2
4069,BlueMeme Inc.,689.0,📉 Step2中（調整中）,1.12,✓,✗,✗,✓,✓,✓,✓,✗,✗,✗,-0.9,9.3
407A,"Unicon Holdings Co., Ltd.",943.0,📉 Step2中（調整中）,0.18,✓,✗,✗,✓,✓,✓,✓,✓,✗,✗,-3.2,8.7
4487,"Spacemarket,Inc.",231.0,📉 Step2中（調整中）,0.25,✓,✗,✗,✓,✓,✓,✓,✗,✗,✗,-3.3,11.3
4241,atect corporation,669.0,📉 Step2中（調整中）,1.72,✓,✗,✗,✓,✓,✓,✓,✓,✓,✓,-1.3,11.8
3911,Aiming Inc.,184.0,📉 Step2中（調整中）,0.6,✓,✗,✗,✓,✓,✓,✓,✓,✗,✗,-6.6,8.7
198A,PostPrime Inc.,171.0,📉 Step2中（調整中）,0.13,✓,✗,✗,✓,✓,✓,✓,✓,✗,✗,0.0,22.8
9978,"Bunkyodo Group Holdings Co., Ltd.",44.0,👀 監視継続,0.32,✓,✗,✗,✗,✓,✗,✗,✗,✗,✗,-4.3,0.0
1724,Synclayer Inc.,712.0,👀 監視継続,0.15,✓,✗,✗,✗,✓,✗,✓,✓,✓,✗,-1.8,4.6
177A,"Kohjin Bio Co., Ltd.",845.0,👀 監視継続,0.24,✓,✗,✓,✗,✓,✗,✗,✗,✗,✗,-6.7,1.1
1783,"Fantasista Co., Ltd.",48.0,👀 監視継続,0.11,✓,✗,✓,✗,✓,✗,✗,✗,✗,✗,-4.0,4.2
1840,"Tsuchiya Holdings Co., Ltd.",252.0,👀 監視継続,0.68,✓,✗,✗,✓,✓,✗,✓,✓,✓,✗,-1.2,5.6
184A,"Manabi-aid Co.,Ltd.",322.0,👀 監視継続,0.03,✓,✗,✓,✓,✓,✓,✗,✓,✗,✗,-18.3,5.3
190A,Chordia Therapeutics Inc.,72.0,👀 監視継続,0.48,✓,✗,✗,✗,✓,✗,✗,✗,✗,✗,-14.3,1.4
1994,Takahashi Curtain Wall Corporation,604.0,👀 監視継続,1.03,✗,✗,✓,✓,✓,✗,✓,✓,✓,✗,-2.7,11.4
2138,"CROOZ, Inc.",454.0,👀 監視継続,0.63,✓,✗,✗,✗,✓,✗,✗,✓,✗,✗,-4.0,7.5
2139,"Chuco Co., Ltd.",525.0,👀 監視継続,0.22,✓,✗,✓,✓,✓,✓,✗,✓,✓,✗,-1.3,3.2
9439,M H Group Ltd.,230.0,👀 監視継続,0.12,✓,✗,✓,✗,✓,✗,✓,✗,✗,✗,-3.8,4.3
9445,"Forval Telecom,Inc.",535.0,👀 監視継続,0.44,✗,✗,✗,✗,✓,✗,✗,✗,✗,✗,-1.3,0.9
9466,Aidma Marketing Communication Corporation,239.0,👀 監視継続,0.44,✗,✗,✗,✗,✓,✗,✓,✓,✓,✗,-2.0,7.9
9476,"Chuokeizai-Sha Holdings, Inc.",983.0,👀 監視継続,0.04,✓,✗,✗,✗,✓,✗,✗,✗,✓,✗,-3.6,1.5
9478,"SE Holdings and Incubations Co., Ltd.",508.0,👀 監視継続,0.3,✗,✗,✓,✗,✓,✗,✗,✗,✓,✗,-9.4,3.3
3396,Felissimo Corporation,880.0,👀 監視継続,1.95,✗,✗,✓,✓,✓,✓,✓,✓,✓,✓,-0.6,2.4
4370,Mobilus Corporation,313.0,👀 監視継続,7.23,✗,✓,✗,✓,✗,✓,✓,✓,✗,✗,-16.8,6.4
5619,MRSO Inc.,905.0,👀 監視継続,2.11,✗,✗,✗,✓,✓,✓,✓,✓,✓,✓,-0.1,9.5
7078,INCLUSIVE Holdings Inc.,368.0,👀 監視継続,10.27,✗,✓,✓,✓,✗,✓,✓,✓,✗,✗,-12.2,10.3
7049,"SHIKIGAKU. Co., Ltd.",886.0,👀 監視継続,1.65,✗,✗,✗,✓,✓,✓,✓,✓,✓,✓,-0.3,5.0
6775,TB Group Inc.,128.0,👀 監視継続,21.41,✗,✓,✗,✓,✗,✓,✓,✓,✓,✓,-21.0,13.3
3169,"Misawa & Co., Ltd.",676.0,👀 監視継続,1.68,✗,✗,✗,✓,✓,✓,✓,✓,✓,✓,0.0,6.4
7615,"KYOTO KIMONO YUZEN HOLDINGS Co., Ltd.",104.0,👀 監視継続,1.05,✗,✗,✗,✓,✗,✓,✓,✓,✗,✗,-15.4,12.5
9980,MRK Holdings Inc.,95.0,👀 監視継続,0.17,✓,✗,✓,✓,✓,✓,✗,✗,✗,✗,-3.1,3.2
3823,"THE WHY HOW DO COMPANY, Inc.",31.0,👀 監視継続,0.03,✓,✗,✗,✓,✗,✗,✓,✗,✗,✗,-3.1,9.7
3826,System Integrator Corp.,496.0,👀 監視継続,4.9,✗,✓,✓,✗,✓,✗,✓,✓,✓,✗,-3.3,10.9
3840,Path Corporation,57.0,👀 監視継続,0.43,✓,✗,✓,✓,✗,✗,✓,✗,✗,✗,-5.0,5.3
3848,"Data Applications Company, Limited",844.0,👀 監視継続,0.09,✓,✗,✓,✓,✓,✗,✓,✓,✗,✗,-1.6,4.0
3858,Ubiquitous AI Corporation,295.0,👀 監視継続,0.06,✓,✗,✗,✗,✓,✗,✓,✗,✗,✗,-2.3,5.1
3878,Tomoegawa Corporation,877.0,👀 監視継続,1.11,✗,✗,✓,✓,✓,✗,✓,✓,✓,✗,-6.2,16.8
387A,"Fuller, Inc.",923.0,👀 監視継続,0.09,✓,✗,✗,✓,✓,✗,✗,✓,✗,✗,-14.3,0.9
3904,KAYAC Inc.,428.0,👀 監視継続,0.39,✗,✗,✓,✗,✓,✗,✓,✓,✗,✗,-2.5,8.6
3908,Collabos Corporation,351.0,👀 監視継続,0.12,✓,✗,✗,✗,✓,✗,✓,✓,✓,✗,-2.0,4.8
3909,Showcase Inc.,191.0,👀 監視継続,0.12,✓,✗,✗,✓,✓,✓,✗,✗,✗,✗,-17.0,4.2
3910,MKSystem Corporation,280.0,👀 監視継続,0.62,✓,✗,✗,✗,✓,✗,✓,✓,✗,✗,-2.1,8.2
3917,"iRidge, Inc.",473.0,👀 監視継続,0.46,✓,✗,✗,✗,✗,✗,✗,✓,✗,✗,-6.3,11.6
3920,"Internetworking and Broadband Consulting Co.,Ltd.",983.0,👀 監視継続,0.01,✓,✗,✗,✓,✓,✓,✗,✗,✓,✗,-1.6,1.4
3927,Fuva Brain Limited,915.0,👀 監視継続,0.35,✓,✗,✓,✗,✓,✓,✗,✗,✗,✗,-10.1,3.5
3928,Mynet Inc.,236.0,👀 監視継続,0.08,✓,✗,✓,✓,✓,✓,✗,✗,✗,✗,-11.6,7.6
4265,Institution for a Global Society Corporation,289.0,👀 監視継続,0.05,✓,✗,✗,✗,✓,✗,✗,✗,✗,✗,-4.6,9.0
3986,"bBreak Systems Company, Limited",478.0,👀 監視継続,0.38,✓,✗,✓,✓,✓,✓,✗,✗,✓,✗,-4.2,3.6
3987,Ecomott Inc.,657.0,👀 監視継続,1.5,✗,✗,✗,✗,✓,✗,✓,✓,✓,✗,-4.4,11.7
3988,"SYS Holdings Co., Ltd.",550.0,👀 監視継続,0.24,✓,✗,✗,✗,✓,✗,✗,✓,✓,✗,-4.7,6.5
3991,"Wantedly, Inc.",939.0,👀 監視継続,0.07,✓,✗,✓,✗,✓,✗,✓,✓,✗,✗,-3.2,7.3
3996,Signpost Corporation,203.0,👀 監視継続,4.66,✗,✓,✗,✓,✗,✓,✓,✓,✗,✗,-8.1,5.9
3998,"SuRaLa Net Co.,Ltd.",301.0,👀 監視継続,0.07,✓,✗,✗,✓,✓,✓,✗,✗,✗,✗,-9.3,4.7
4014,"Karadanote, Inc.",508.0,👀 監視継続,0.9,✓,✗,✗,✗,✓,✓,✗,✓,✓,✗,-1.9,5.7
4015,Paycloud Holdings Inc.,538.0,👀 監視継続,0.56,✓,✗,✓,✗,✓,✗,✗,✓,✓,✗,-5.6,4.5
4019,"Stmn, Inc.",641.0,👀 監視継続,1.3,✗,✗,✗,✗,✓,✓,✓,✓,✗,✗,-8.9,6.6
4054,"Japan PropTech Co.,Ltd.",517.0,👀 監視継続,1.01,✓,✗,✗,✗,✓,✗,✗,✗,✗,✗,-10.9,1.4
3807,Fisco Ltd.,87.0,👀 監視継続,0.3,✓,✗,✓,✗,✓,✗,✓,✗,✗,✗,-4.4,5.7
3690,YRGLM Inc.,564.0,👀 監視継続,0.25,✓,✗,✗,✗,✓,✗,✓,✓,✓,✗,-1.2,6.2
3710,"Jorudan Co.,Ltd.",643.0,👀 監視継続,0.24,✓,✗,✗,✗,✓,✗,✓,✓,✓,✗,-6.9,4.7
3726,"4Cs HD Co., Ltd.",403.0,👀 監視継続,0.33,✓,✗,✓,✗,✓,✗,✓,✓,✗,✗,-1.9,13.2
3750,ADR Biomedical Holdings Inc.,780.0,👀 監視継続,0.58,✗,✗,✓,✓,✓,✓,✗,✗,✗,✗,-2.6,2.7
3760,"CAVE Interactive CO.,LTD.",730.0,👀 監視継続,0.71,✓,✗,✓,✗,✓,✗,✗,✓,✓,✗,-11.0,7.3
3796,"e-Seikatsu Co.,Ltd.",310.0,👀 監視継続,0.1,✓,✗,✗,✓,✓,✗,✓,✓,✓,✗,-1.9,12.6
4166,Cacco Inc.,634.0,👀 監視継続,0.02,✓,✗,✗,✓,✓,✓,✗,✗,✗,✗,-2.3,1.6
4168,"Yappli, Inc.",762.0,👀 監視継続,0.26,✓,✗,✗,✓,✓,✓,✗,✓,✗,✗,-7.0,4.5
4176,coconala Inc.,286.0,👀 監視継続,0.15,✓,✗,✗,✗,✓,✗,✓,✓,✗,✗,-5.0,11.2
4192,SpiderPlus & Co.,276.0,👀 監視継続,0.37,✓,✗,✗,✗,✓,✗,✗,✓,✗,✗,-7.1,4.3
4198,"TENDA Co.,LTD.",495.0,👀 監視継続,0.05,✓,✗,✗,✗,✓,✗,✓,✗,✗,✗,-4.4,2.8
4240,"Cluster Technology Co.,Ltd.",325.0,👀 監視継続,0.05,✓,✗,✗,✗,✓,✗,✓,✓,✗,✗,-7.7,7.7
3929,"Socialwire Co., Ltd.",242.0,👀 監視継続,0.29,✗,✗,✗,✗,✓,✗,✗,✗,✗,✗,-16.0,6.2
3930,"Hatena Co., Ltd.",776.0,👀 監視継続,0.28,✓,✗,✓,✓,✓,✓,✗,✗,✗,✗,-7.6,7.7
3935,"Edia Co., Ltd.",677.0,👀 監視継続,0.09,✓,✗,✓,✓,✓,✓,✗,✗,✗,✗,-5.2,3.2
3970,Innovation Inc.,856.0,👀 監視継続,0.88,✗,✗,✓,✗,✓,✗,✓,✓,✗,✗,-12.2,8.9
9973,"KOZO Holdings Co.,Ltd.",20.0,👀 監視継続,0.2,✓,✗,✓,✓,✗,✗,✗,✗,✗,✗,-4.8,5.0
137A,"Cocolive, Inc.",691.0,👀 監視継続,0.07,✓,✗,✓,✗,✓,✗,✗,✗,✗,✗,-9.7,4.1
1380,"Akikawa Foods & Farms Co., Ltd.",999.0,👀 監視継続,1.52,✓,✗,✗,✓,✓,✗,✗,✗,✗,✗,-3.5,0.5
1418,"Interlife Holdings Co., Ltd.",603.0,👀 監視継続,1.54,✗,✗,✗,✓,✓,✗,✓,✓,✓,✗,-1.6,12.6
1420,Sanyo Homes Corporation,636.0,👀 監視継続,0.3,✓,✗,✗,✓,✓,✓,✗,✓,✗,✗,-1.5,1.9
142A,"JINJIB Co., Ltd.",843.0,👀 監視継続,1.18,✗,✗,✓,✗,✓,✗,✓,✓,✓,✗,-4.7,11.9
1446,"CANDEAL Co.,Ltd",539.0,👀 監視継続,0.4,✓,✗,✓,✗,✓,✗,✗,✓,✗,✗,-2.4,1.5
157A,Green Monster Inc.,724.0,👀 監視継続,0.02,✓,✗,✓,✗,✓,✓,✗,✗,✗,✗,-12.6,3.3
1711,"SDS HOLDINGS Co.,Ltd.",239.0,👀 監視継続,0.27,✓,✗,✗,✗,✓,✗,✗,✓,✗,✗,-2.4,5.0
4484,"Lancers, Inc.",288.0,👀 監視継続,0.27,✓,✗,✓,✗,✓,✗,✗,✓,✗,✗,-3.7,3.1
4486,Unite and Grow Inc.,706.0,👀 監視継続,0.59,✗,✗,✓,✓,✓,✓,✓,✓,✓,✓,0.0,11.5
4288,"Asgent, Inc.",470.0,👀 監視継続,0.15,✓,✗,✓,✓,✓,✗,✓,✓,✗,✗,-3.1,17.9
4341,Seiryo Electric Corporation,893.0,👀 監視継続,0.32,✓,✗,✗,✗,✓,✗,✓,✓,✓,✗,-2.9,4.7
4351,Yamada Servicer Synthetic Office,827.0,👀 監視継続,0.1,✓,✗,✗,✓,✓,✓,✗,✗,✗,✗,-3.8,1.0
4376,Kufu Company Holdings Inc.,164.0,👀 監視継続,1.1,✗,✗,✗,✓,✗,✗,✓,✓,✓,✗,-8.9,6.1
4386,"SIG Group Co., Ltd.",898.0,👀 監視継続,0.15,✓,✗,✓,✗,✓,✗,✓,✓,✓,✗,-5.0,7.3
4387,"ZUU Co.,Ltd.",503.0,👀 監視継続,0.1,✓,✗,✗,✓,✓,✗,✓,✓,✗,✗,-3.8,10.5
3680,"Hottolink, Inc.",210.0,👀 監視継続,0.17,✓,✗,✗,✗,✓,✗,✗,✗,✗,✗,-3.2,2.9
3682,"Encourage Technologies Co., Ltd.",593.0,👀 監視継続,0.1,✓,✗,✗,✓,✓,✓,✗,✓,✗,✗,-6.6,3.9
3686,DLE Inc.,59.0,👀 監視継続,0.28,✓,✗,✓,✓,✓,✗,✗,✗,✗,✗,-7.8,5.1
3577,Tokai Senko K.K.,937.0,👀 監視継続,2.28,✗,✗,✗,✗,✓,✗,✗,✓,✓,✗,-3.0,1.8
3634,Sockets Inc.,600.0,👀 監視継続,0.05,✓,✗,✗,✓,✓,✗,✓,✓,✗,✗,-1.2,6.7
3641,"Papyless Co., Ltd.",978.0,👀 監視継続,0.52,✗,✗,✓,✗,✓,✗,✓,✓,✗,✗,-1.3,3.9
365A,"Izawa Towel Co.,Ltd.",793.0,👀 監視継続,1.22,✗,✗,✓,✗,✓,✗,✗,✓,✓,✗,-3.3,6.2
3667,"enish,inc.",27.0,👀 監視継続,0.68,✗,✗,✗,✗,✓,✗,✗,✗,✗,✗,-10.0,3.7
3671,"Softmax Co., Ltd",311.0,👀 監視継続,0.06,✓,✗,✗,✓,✓,✓,✗,✓,✗,✗,-8.0,5.1
3672,AltPlus Inc.,29.0,👀 監視継続,0.19,✗,✗,✓,✓,✗,✗,✓,✓,✗,✗,-14.7,10.3
4416,True Data Inc.,413.0,👀 監視継続,1.47,✗,✗,✗,✓,✗,✓,✓,✗,✗,✗,-11.4,7.3
4428,sinops Inc.,720.0,👀 監視継続,0.61,✗,✗,✗,✓,✓,✓,✓,✓,✓,✓,-1.5,8.3
4429,"Ricksoft Co., Ltd.",725.0,👀 監視継続,0.11,✓,✗,✗,✓,✓,✗,✓,✓,✗,✗,-1.6,5.5
4436,"MINKABU THE INFONOID, Inc.",412.0,👀 監視継続,0.34,✗,✗,✓,✗,✓,✗,✗,✗,✗,✗,-12.7,1.7
4437,"gooddays holdings, Inc.",778.0,👀 監視継続,0.74,✓,✗,✗,✗,✗,✗,✗,✗,✗,✗,-7.0,3.6
4438,Welby Inc.,257.0,👀 監視継続,0.03,✓,✗,✓,✗,✓,✗,✓,✗,✗,✗,-3.7,10.1
4442,"Valtes Holdings Co.,Ltd.",401.0,👀 監視継続,0.4,✓,✗,✗,✗,✓,✗,✗,✓,✗,✗,-2.9,3.2
472A,Mirrativ Inc.,575.0,👀 監視継続,1.01,✗,✗,✗,✓,✓,✓,✓,✓,✗,✗,-3.4,13.7
4736,Nippon RAD Inc.,585.0,👀 監視継続,0.06,✓,✗,✓,✗,✓,✗,✗,✗,✗,✗,-8.6,3.1
4750,"Daisan Co., Ltd.",572.0,👀 監視継続,0.04,✓,✗,✗,✓,✓,✗,✓,✓,✓,✗,-0.7,3.7
4772,"SM ENTERTAINMENT JAPAN Co.,Ltd.",71.0,👀 監視継続,0.23,✓,✗,✗,✓,✓,✓,✗,✗,✗,✗,-15.5,7.0
4777,Gala Incorporated,200.0,👀 監視継続,0.02,✓,✗,✓,✓,✓,✓,✗,✗,✗,✗,-5.2,2.5
4490,VisasQ Inc.,651.0,👀 監視継続,0.49,✓,✗,✓,✗,✓,✗,✗,✓,✓,✗,-5.7,6.5
4492,Genetec Corporation,378.0,👀 監視継続,0.49,✓,✗,✗,✓,✓,✓,✗,✗,✗,✗,-6.2,5.0
4496,Commerce One Holdings Inc.,778.0,👀 監視継続,0.71,✗,✗,✓,✓,✓,✓,✗,✓,✓,✗,-5.7,4.2
4558,"Chukyoiyakuhin Co.,Ltd.",200.0,👀 監視継続,0.14,✓,✗,✗,✓,✓,✗,✗,✓,✗,✗,-1.0,1.0
4564,"OncoTherapy Science, Inc.",22.0,👀 監視継続,1.69,✗,✗,✓,✓,✓,✓,✓,✓,✓,✓,-4.3,13.6
4571,"Nano Holdings, Inc.",104.0,👀 監視継続,0.67,✓,✗,✓,✗,✓,✗,✓,✗,✗,✗,-11.9,10.6
4576,"D. Western Therapeutics Institute, Inc.",88.0,👀 監視継続,0.06,✓,✗,✓,✓,✓,✗,✓,✓,✗,✗,-1.1,15.9
4582,SymBio Pharmaceuticals Limited,63.0,👀 監視継続,0.1,✓,✗,✓,✗,✓,✗,✗,✗,✗,✗,-14.9,4.8
4598,"Delta-Fly Pharma, Inc.",104.0,👀 監視継続,0.14,✓,✗,✓,✗,✓,✗,✗,✗,✗,✗,-6.3,11.5
3423,SE Corporation,276.0,👀 監視継続,0.17,✓,✗,✓,✗,✓,✗,✓,✓,✓,✗,-1.4,5.1
3469,"Dualtap Co., Ltd.",897.0,👀 監視継続,0.15,✓,✗,✓,✗,✓,✗,✗,✗,✗,✗,-1.3,0.8
3477,"FORLIFE Co., Ltd.",884.0,👀 監視継続,0.77,✗,✗,✗,✗,✓,✗,✓,✓,✓,✗,-1.6,4.0
3521,"Thermae-Yu Holdings Co., Ltd.",156.0,👀 監視継続,0.24,✓,✗,✓,✗,✓,✗,✓,✓,✗,✗,-1.3,3.8
3536,"Axas Holdings Co.,Ltd.",129.0,👀 監視継続,1.14,✓,✗,✗,✗,✓,✗,✗,✗,✗,✗,-2.3,0.0
3550,"STUDIO ATAO Co., Ltd.",216.0,👀 監視継続,0.25,✓,✗,✓,✗,✓,✗,✗,✗,✓,✗,-3.1,0.5
3557,"United & Collective Co., Ltd.",536.0,👀 監視継続,2.35,✗,✗,✗,✗,✓,✗,✗,✗,✗,✗,-7.1,0.0
3566,"Uniform Next Co., Ltd.",766.0,👀 監視継続,0.4,✓,✗,✗,✓,✓,✓,✗,✗,✓,✗,-18.9,3.4
4650,"SD ENTERTAINMENT,Inc.",266.0,👀 監視継続,0.5,✓,✗,✗,✗,✓,✗,✗,✗,✗,✗,-3.3,0.4
4657,"Environmental Control Center Co.,Ltd.",471.0,👀 監視継続,0.18,✓,✗,✗,✗,✓,✗,✗,✓,✓,✗,-7.5,4.7
4678,"SHUEI YOBIKO Co., Ltd.",330.0,👀 監視継続,0.23,✓,✗,✓,✓,✓,✗,✓,✓,✓,✗,-0.9,4.2
4679,"TAYA Co.,Ltd.",262.0,👀 監視継続,0.12,✓,✗,✗,✓,✓,✗,✓,✓,✗,✗,-2.6,4.6
4720,"Johnan Academic Preparatory Institute, Inc.",242.0,👀 監視継続,0.03,✓,✗,✗,✓,✓,✗,✗,✓,✗,✗,-1.6,0.8
4728,"Tose Co., Ltd.",645.0,👀 監視継続,5.21,✗,✓,✗,✗,✗,✗,✗,✓,✓,✗,-5.4,1.6
5033,Nulab Inc.,915.0,👀 監視継続,1.4,✗,✗,✗,✓,✓,✓,✓,✓,✓,✓,0.0,12.0
5035,HOUSEI Inc.,360.0,👀 監視継続,0.38,✓,✗,✓,✓,✓,✗,✓,✗,✗,✗,-3.7,3.1
5125,Fines inc.,469.0,👀 監視継続,0.07,✓,✗,✓,✗,✓,✗,✗,✗,✗,✗,-6.0,1.3
5134,"POPER Co.,Ltd.",484.0,👀 監視継続,0.17,✓,✗,✓,✗,✓,✗,✗,✗,✗,✗,-6.9,3.3
4845,"Scala, Inc.",353.0,👀 監視継続,0.75,✗,✗,✓,✗,✓,✗,✓,✓,✓,✗,-3.0,7.4
4880,"CellSource Co., Ltd.",343.0,👀 監視継続,0.45,✓,✗,✗,✗,✓,✗,✓,✓,✗,✗,-3.9,10.5
4881,FunPep Company Limited,50.0,👀 監視継続,0.53,✓,✗,✓,✗,✓,✓,✗,✗,✗,✗,-3.8,10.0
4883,Modalis Therapeutics Corporation,33.0,👀 監視継続,0.07,✓,✗,✓,✓,✓,✗,✓,✗,✗,✗,-2.9,12.1
4891,"TMS Co., Ltd.",110.0,👀 監視継続,1.31,✗,✗,✓,✓,✓,✓,✓,✗,✗,✗,-1.8,16.4
4896,"K Pharma,Inc.",760.0,👀 監視継続,0.17,✓,✗,✗,✗,✓,✗,✓,✓,✓,✗,-3.4,8.7
4918,Ivy Cosmetics Corporation,300.0,👀 監視継続,0.62,✓,✗,✗,✗,✓,✓,✗,✓,✗,✗,-8.8,1.7
4929,"Adjuvant Holdings Co.,Ltd.",739.0,👀 監視継続,0.07,✓,✗,✓,✓,✓,✗,✓,✓,✗,✗,-0.5,1.2
9812,"T.O. Holdings CO.,LTD.",243.0,👀 監視継続,0.71,✓,✗,✓,✓,✓,✗,✓,✓,✗,✗,-4.7,7.8
9816,Striders Corporation,258.0,👀 監視継続,0.07,✓,✗,✗,✓,✓,✗,✓,✓,✗,✗,-0.8,10.9
9835,"Juntendo Co.,Ltd.",514.0,👀 監視継続,2.76,✗,✓,✓,✓,✓,✗,✓,✓,✓,✗,-1.5,1.9
9876,"Cox Co., Ltd.",222.0,👀 監視継続,0.36,✓,✗,✓,✓,✓,✓,✗,✗,✗,✗,-4.3,4.1
9878,"SEKIDO Co., Ltd.",410.0,👀 監視継続,0.18,✓,✗,✗,✗,✓,✗,✗,✗,✗,✗,-4.4,0.2
9885,"Charle Co.,Ltd.",334.0,👀 監視継続,1.18,✓,✗,✗,✓,✓,✗,✗,✗,✗,✗,-1.8,2.1
9903,"Kanseki Co., Ltd.",890.0,👀 監視継続,7.01,✗,✓,✗,✗,✓,✗,✗,✗,✗,✗,-2.1,5.5
9929,"Heiwa Paper Co.,Ltd.",473.0,👀 監視継続,0.23,✗,✗,✗,✗,✓,✗,✓,✓,✓,✗,-0.8,2.3
9930,"Kitazawa Sangyo Co., Ltd.",399.0,👀 監視継続,0.65,✗,✗,✓,✗,✓,✗,✓,✓,✓,✗,-4.5,11.0
9969,"Shokubun Co., Ltd.",234.0,👀 監視継続,0.61,✓,✗,✗,✓,✓,✓,✗,✓,✗,✗,-1.7,0.9
9972,"Altech Co., Ltd.",281.0,👀 監視継続,0.13,✓,✗,✗,✓,✓,✗,✓,✓,✓,✗,-1.4,5.0
9904,"Verite Co., Ltd.",248.0,👀 監視継続,0.47,✗,✗,✗,✓,✓,✓,✓,✓,✗,✗,-4.2,9.3
5244,"jig.jp Co., Ltd.",183.0,👀 監視継続,0.58,✗,✗,✓,✓,✓,✓,✓,✓,✗,✗,-2.1,9.3
5252,"Nihon Knowledge Co,Ltd.",770.0,👀 監視継続,0.85,✓,✗,✗,✗,✓,✗,✗,✗,✓,✗,-7.3,3.1
5255,Monstarlab Inc.,92.0,👀 監視継続,0.21,✓,✗,✓,✓,✓,✓,✗,✓,✗,✗,-11.5,9.8
5341,"Asahi Eito Holdings Co.,Ltd.",148.0,👀 監視継続,0.12,✓,✗,✓,✓,✓,✗,✗,✗,✗,✗,-5.1,8.8
5355,"Nippon Crucible Co., Ltd.",674.0,👀 監視継続,0.52,✗,✗,✗,✗,✓,✗,✗,✓,✓,✗,-1.2,0.4
548A,"SystemEXE,Inc.",946.0,👀 監視継続,0.05,✓,✗,✓,✓,✓,✗,✗,✓,✗,✗,-6.8,5.9
5491,"Nippon Kinzoku Co., Ltd.",932.0,👀 監視継続,0.17,✓,✗,✗,✓,✓,✗,✓,✓,✓,✗,-3.7,7.2
4934,"Premier Anti-Aging Co., Ltd.",597.0,👀 監視継続,0.19,✓,✗,✗,✗,✓,✗,✗,✗,✗,✗,-3.2,2.3
4935,"Liberta Co.,Ltd.",214.0,👀 監視継続,0.2,✓,✗,✓,✓,✓,✓,✗,✗,✗,✗,-18.3,2.3
4936,AXXZIA Inc.,325.0,👀 監視継続,0.33,✓,✗,✗,✓,✓,✓,✗,✗,✗,✗,-0.9,3.1
4960,"Chemipro Kasei Kaisha, Ltd.",517.0,👀 監視継続,0.06,✓,✗,✗,✓,✓,✓,✗,✗,✗,✗,-9.0,9.1
5026,"Tripleize Co.,Ltd.",602.0,👀 監視継続,0.14,✓,✗,✗,✗,✓,✗,✓,✓,✗,✗,-2.7,12.0
5028,"SecondXight Analytica, Inc.",362.0,👀 監視継続,0.11,✓,✗,✓,✓,✓,✗,✗,✗,✗,✗,-8.1,5.2
3940,"Nomura System Corporation Co, Ltd.",130.0,👀 監視継続,0.67,✗,✗,✗,✓,✓,✓,✓,✓,✓,✓,-1.5,12.3
3815,"Media Kobo, Inc.",462.0,👀 監視継続,2.18,✗,✗,✓,✓,✓,✓,✓,✓,✗,✗,-0.9,4.3
4245,"Daiki Axis Co., Ltd.",723.0,👀 監視継続,0.84,✗,✗,✓,✓,✓,✓,✓,✓,✓,✓,0.0,7.3
3280,"STrust Co.,Ltd.",934.0,👀 監視継続,6.97,✗,✓,✗,✗,✓,✗,✓,✗,✗,✗,-3.0,5.5
330A,TalentX Inc.,496.0,👀 監視継続,0.13,✓,✗,✗,✗,✓,✗,✓,✓,✗,✗,-10.0,10.9
331A,Medix Inc.,485.0,👀 監視継続,0.49,✓,✗,✗,✗,✓,✗,✗,✗,✗,✗,-4.5,1.0
3326,"Runsystem Co.,Ltd.",645.0,👀 監視継続,0.43,✓,✗,✗,✗,✓,✗,✗,✓,✗,✗,-3.9,4.0
3359,"cotta CO.,LTD",522.0,👀 監視継続,0.46,✓,✗,✗,✓,✓,✗,✓,✓,✓,✗,-1.9,3.1
3370,"FUJITA CORPORATION Co.,Ltd.",468.0,👀 監視継続,0.04,✓,✗,✗,✗,✓,✓,✗,✗,✓,✗,-4.5,2.6
3372,"KANMONKAI Co., Ltd.",220.0,👀 監視継続,0.41,✓,✗,✗,✓,✓,✗,✗,✓,✗,✗,-0.9,0.5
3409,"Kitabo Co.,Ltd",93.0,👀 監視継続,0.21,✓,✗,✓,✗,✓,✗,✓,✗,✗,✗,-6.1,6.5
5194,"Sagami Rubber Industries Co., Ltd.",633.0,👀 監視継続,0.26,✓,✗,✗,✓,✓,✓,✗,✗,✗,✗,-5.7,0.5
519A,Basic Inc.,496.0,👀 監視継続,0.32,✓,✗,✗,✗,✓,✗,✗,✗,✗,✗,-9.7,6.0
3804,System D Inc.,464.0,👀 監視継続,0.55,✗,✗,✗,✓,✓,✓,✓,✓,✗,✗,-2.3,7.1
4394,"eXmotion Co., Ltd.",559.0,👀 監視継続,0.99,✗,✗,✓,✓,✓,✓,✓,✓,✓,✓,-0.4,3.4
3768,Riskmonster.com,570.0,👀 監視継続,0.54,✗,✗,✗,✓,✓,✓,✓,✓,✓,✓,-3.4,4.4
3758,Aeria Inc.,247.0,👀 監視継続,0.23,✗,✗,✗,✓,✓,✓,✓,✓,✗,✗,-1.2,4.9
4444,infoNet inc.,950.0,👀 監視継続,0.08,✗,✗,✗,✗,✓,✓,✓,✓,✓,✓,-9.5,5.4
4308,J-Stream Inc.,361.0,👀 監視継続,0.52,✗,✗,✗,✓,✓,✓,✓,✓,✓,✓,-1.9,3.6
3237,"Intrance Co., Ltd.",97.0,👀 監視継続,0.7,✓,✗,✗,✗,✗,✗,✗,✓,✓,✗,-11.8,8.2
323A,Flier Inc.,382.0,👀 監視継続,0.86,✗,✗,✗,✓,✓,✓,✓,✗,✗,✗,-13.0,9.7
3248,"Early Age Co., Ltd.",882.0,👀 監視継続,0.11,✓,✗,✗,✗,✓,✗,✗,✓,✓,✗,-1.5,4.8
3267,"Phil Company, Inc.",650.0,👀 監視継続,0.77,✓,✗,✗,✓,✓,✗,✓,✗,✗,✗,-3.7,8.8
5570,"Jenoba Co.,Ltd.",618.0,👀 監視継続,0.17,✓,✗,✗,✓,✓,✗,✓,✗,✗,✗,-1.9,3.6
5578,"AR advanced technology, Inc.",837.0,👀 監視継続,1.07,✗,✗,✗,✗,✓,✗,✓,✗,✗,✗,-5.2,9.7
5587,Inbound Platform Corp.,830.0,👀 監視継続,0.39,✓,✗,✗,✗,✓,✓,✗,✓,✗,✗,-15.3,3.6
5591,AVILEN Inc.,852.0,👀 監視継続,0.24,✓,✗,✗,✗,✓,✗,✓,✓,✗,✗,-4.7,10.2
5599,S&J Corporation,998.0,👀 監視継続,0.26,✓,✗,✗,✓,✓,✓,✗,✗,✗,✗,-12.5,2.7
5609,Nippon Chuzo K. K.,930.0,👀 監視継続,0.61,✓,✗,✗,✓,✓,✓,✗,✓,✓,✗,-1.0,2.7
5618,Nyle Inc.,282.0,👀 監視継続,0.06,✓,✗,✓,✓,✓,✗,✗,✗,✗,✗,-6.6,1.8
5697,"Sanyu Co., Ltd.",821.0,👀 監視継続,0.56,✗,✗,✗,✓,✓,✗,✓,✓,✓,✗,-3.3,14.1
5704,JMC Corporation,384.0,👀 監視継続,0.85,✗,✗,✓,✗,✓,✗,✗,✗,✗,✗,-7.9,3.6
5742,"NIC Autotec, Inc.",749.0,👀 監視継続,0.16,✓,✗,✗,✗,✓,✗,✓,✓,✓,✗,-2.1,4.9
3639,Voltage Incorporation,229.0,👀 監視継続,0.21,✗,✗,✗,✓,✓,✓,✓,✓,✗,✗,0.0,5.2
3674,"Aucfan Co., Ltd.",339.0,👀 監視継続,0.89,✗,✗,✓,✓,✓,✓,✓,✓,✓,✓,-0.3,7.4
4645,"Ichishin Holdings Co.,Ltd.",437.0,👀 監視継続,0.71,✗,✗,✗,✓,✓,✓,✓,✓,✓,✓,0.0,1.8
6185,SMN Corporation,370.0,👀 監視継続,0.09,✓,✗,✗,✓,✓,✗,✗,✗,✗,✗,-8.2,7.0
5956,"Toso Company, Limited",569.0,👀 監視継続,2.0,✗,✗,✓,✗,✓,✗,✗,✗,✗,✗,-6.1,0.5
5967,"Tone Co., Ltd.",456.0,👀 監視継続,0.84,✗,✗,✓,✓,✓,✗,✗,✗,✗,✗,-8.1,3.1
5973,Toami Corporation,612.0,👀 監視継続,0.99,✗,✗,✗,✗,✓,✗,✓,✓,✓,✗,-2.7,5.2
5986,"Molitec Steel Co., Ltd.",256.0,👀 監視継続,0.8,✓,✗,✗,✗,✓,✗,✓,✓,✓,✗,-3.0,9.0
5997,Kyoritsu Air Tech Inc.,913.0,👀 監視継続,0.55,✗,✗,✗,✗,✓,✗,✗,✓,✓,✗,-4.9,3.0
6029,Artra Group Corporation,190.0,👀 監視継続,0.14,✓,✗,✗,✓,✓,✓,✗,✗,✓,✗,-14.4,5.3
6034,MRT Inc.,636.0,👀 監視継続,1.29,✗,✗,✗,✓,✓,✗,✓,✓,✗,✗,-2.2,1.9
3192,"Shirohato Co., Ltd.",295.0,👀 監視継続,0.23,✓,✗,✗,✗,✓,✗,✓,✗,✗,✗,-2.3,8.1
3202,"Daitobo Co., Ltd.",128.0,👀 監視継続,0.07,✓,✗,✓,✓,✓,✗,✓,✗,✓,✗,-1.5,3.1
3224,"General Oyster, Inc.",684.0,👀 監視継続,2.75,✗,✓,✗,✗,✓,✗,✗,✗,✗,✗,-2.6,0.1
463A,"INTELLEX HOLDINGS Co.,Ltd.",995.0,👀 監視継続,0.36,✗,✗,✓,✓,✓,✓,✓,✓,✓,✓,-2.8,8.6
3293,"AZUMA HOUSE Co., Ltd.",779.0,👀 監視継続,0.84,✗,✗,✗,✓,✓,✓,✓,✓,✓,✓,0.1,2.1
3474,"G-Factory Co.,Ltd.",587.0,👀 監視継続,0.51,✗,✗,✓,✓,✓,✓,✓,✓,✓,✓,-0.5,4.4
3439,Mitsuchi Corporation,677.0,👀 監視継続,1.43,✗,✗,✗,✗,✓,✓,✓,✓,✓,✓,-2.7,4.4
5900,"Daiken Co.,Ltd.",899.0,👀 監視継続,0.14,✗,✗,✗,✓,✓,✓,✓,✓,✓,✓,0.0,7.7
3238,"Central General Development Co., Ltd.",387.0,👀 監視継続,0.5,✗,✗,✗,✗,✓,✓,✓,✓,✗,✗,-5.6,4.7
3123,"Saibo Co., Ltd.",653.0,👀 監視継続,0.11,✓,✗,✗,✓,✓,✗,✓,✓,✓,✗,-1.1,4.4
3137,"Fundely Co., Ltd.",207.0,👀 監視継続,0.03,✓,✗,✓,✗,✓,✗,✗,✓,✗,✗,-7.6,2.4
3143,O'will Corporation,686.0,👀 監視継続,1.03,✓,✗,✗,✗,✓,✗,✗,✓,✗,✗,-2.6,1.5
3161,AZEARTH Corporation,673.0,👀 監視継続,0.37,✓,✗,✗,✗,✓,✗,✓,✓,✓,✗,-1.6,3.6
3174,"Happiness and D Co.,Ltd.",402.0,👀 監視継続,1.51,✗,✗,✗,✗,✓,✗,✗,✗,✗,✗,-5.4,1.0
3185,"Dream Vision Co.,Ltd.",144.0,👀 監視継続,0.09,✓,✗,✗,✓,✓,✗,✗,✗,✗,✗,-8.9,4.9
3190,"HOTMAN Co.,Ltd.",581.0,👀 監視継続,4.01,✗,✓,✗,✗,✓,✗,✗,✓,✓,✗,-3.0,1.7
6074,JSS Corporation,517.0,👀 監視継続,0.46,✓,✗,✗,✗,✓,✓,✗,✓,✗,✗,-1.3,2.7
6090,"Human Metabolome Technologies, Inc.",625.0,👀 監視継続,0.17,✗,✗,✗,✓,✓,✗,✓,✓,✗,✗,-3.3,8.8
6093,"MITRA Group, Inc.",165.0,👀 監視継続,0.38,✓,✗,✓,✓,✓,✗,✓,✓,✗,✗,-1.2,5.5
6171,C.E.Management Integrated Laboratory Co.Ltd,372.0,👀 監視継続,0.26,✓,✗,✗,✓,✓,✗,✗,✗,✗,✗,-6.3,0.3
6181,Tameny Inc.,86.0,👀 監視継続,0.62,✗,✗,✗,✓,✓,✓,✓,✓,✗,✗,-1.1,12.8
6563,Mirai Works Inc.,471.0,👀 監視継続,0.59,✓,✗,✗,✗,✓,✗,✗,✗,✗,✗,-12.3,1.3
6579,"logly,Inc.",342.0,👀 監視継続,0.05,✓,✗,✗,✗,✓,✗,✗,✗,✓,✗,-7.6,1.8
6612,BALMUDA Inc.,590.0,👀 監視継続,1.67,✗,✗,✗,✗,✗,✗,✗,✗,✗,✗,-7.8,0.3
6614,"Shikino High-Tech CO.,LTD.",847.0,👀 監視継続,0.29,✓,✗,✓,✗,✓,✗,✗,✗,✓,✗,-9.4,7.2
6190,"PhoenixBio Co., Ltd.",338.0,👀 監視継続,0.07,✓,✗,✓,✗,✓,✗,✗,✗,✗,✗,-5.8,2.4
6195,"Hope, Inc.",204.0,👀 監視継続,0.21,✓,✗,✓,✓,✓,✓,✗,✗,✗,✗,-6.4,2.9
6198,"CAREER CO., LTD.",206.0,👀 監視継続,0.24,✓,✗,✗,✓,✓,✗,✗,✗,✗,✗,-4.2,3.9
6228,"J.E.T. Co., Ltd.",492.0,👀 監視継続,0.65,✓,✗,✗,✗,✓,✗,✗,✗,✗,✗,-14.7,3.9
6325,"Takakita Co., Ltd.",415.0,👀 監視継続,0.1,✓,✗,✓,✗,✓,✗,✓,✓,✓,✗,-1.4,4.8
6343,Freesia Macross Corporation,151.0,👀 監視継続,0.02,✓,✗,✓,✗,✓,✗,✓,✓,✗,✗,-1.9,6.6
6400,"Fuji Seiki Co.,Ltd.",288.0,👀 監視継続,0.18,✓,✗,✗,✗,✓,✗,✓,✓,✓,✗,-3.0,11.5
3069,JFLA Holdings Inc.,168.0,👀 監視継続,0.94,✗,✗,✓,✓,✓,✗,✓,✓,✓,✗,-1.2,8.9
3070,"JELLY BEANS GROUP Co., Ltd.",70.0,👀 監視継続,0.06,✓,✗,✓,✗,✓,✗,✗,✗,✗,✗,-9.1,4.3
3079,DVx Inc.,930.0,👀 監視継続,0.66,✓,✗,✓,✗,✓,✗,✗,✗,✗,✗,-2.7,0.1
6694,Zoom Corporation,715.0,👀 監視継続,3.4,✗,✓,✗,✗,✓,✗,✓,✓,✓,✗,-6.7,11.5
6699,"Diamond Electric Holdings Co., Ltd.",523.0,👀 監視継続,0.55,✓,✗,✓,✗,✓,✗,✓,✓,✗,✗,-2.2,9.9
6721,Wintest Corp.,73.0,👀 監視継続,0.17,✓,✗,✓,✓,✓,✓,✗,✗,✗,✗,-11.0,5.5
6731,Pixela Corporation,107.0,👀 監視継続,0.07,✓,✗,✓,✗,✓,✗,✗,✗,✗,✗,-7.0,3.7
6757,"OSG Corporation Co., Ltd.",880.0,👀 監視継続,0.29,✓,✗,✗,✗,✓,✗,✓,✓,✓,✗,-0.9,5.6
6771,"Ikegami Tsushinki Co., Ltd.",669.0,👀 監視継続,0.5,✓,✗,✗,✗,✓,✗,✓,✓,✗,✗,-3.2,6.6
6494,"NFK Holdings Co., Ltd.",97.0,👀 監視継続,0.12,✓,✗,✗,✓,✓,✓,✗,✗,✗,✗,-6.7,3.1
6495,"Miyairi Valve Mfg. Co., Ltd.",120.0,👀 監視継続,0.52,✓,✗,✓,✗,✓,✗,✗,✗,✗,✗,-14.9,5.8
6537,"Washhouse Co.,Ltd.",293.0,👀 監視継続,0.18,✓,✗,✓,✗,✓,✗,✗,✗,✗,✗,-6.7,0.7
6538,Disruptors Inc.,240.0,👀 監視継続,0.36,✓,✗,✓,✗,✓,✗,✗,✓,✗,✗,-14.6,2.9
6545,internet infinity Inc.,815.0,👀 監視継続,0.44,✓,✗,✗,✓,✓,✗,✗,✓,✓,✗,-10.1,6.6
6548,Tabikobo Co. Ltd.,114.0,👀 監視継続,0.34,✓,✗,✓,✓,✓,✗,✓,✓,✗,✗,-8.8,19.3
6552,GameWith Inc.,175.0,👀 監視継続,0.29,✓,✗,✗,✗,✓,✗,✓,✗,✗,✗,-2.2,5.7
6558,"Cookbiz Co.,Ltd.",680.0,👀 監視継続,0.63,✓,✗,✗,✓,✓,✓,✗,✓,✗,✗,-2.9,6.3
2978,TSUKURUBA Inc.,345.0,👀 監視継続,0.07,✓,✗,✓,✓,✓,✗,✗,✗,✗,✗,-3.9,6.4
2984,"Yamaichi Real Estate Co., Ltd",765.0,👀 監視継続,0.86,✓,✗,✗,✓,✓,✗,✓,✓,✓,✗,-1.8,6.0
298A,"GVA TECH,Inc.",317.0,👀 監視継続,0.4,✓,✗,✓,✗,✓,✗,✗,✓,✗,✗,-7.8,10.1
2999,"Home Position Co., Ltd.",619.0,👀 監視継続,3.69,✗,✓,✗,✓,✓,✓,✗,✓,✓,✗,-6.2,1.6
3011,"Banners Co., Ltd.",145.0,👀 監視継続,0.11,✓,✗,✓,✓,✓,✗,✓,✗,✗,✗,-0.7,2.1
302A,"b-style holdings,Inc.",630.0,👀 監視継続,0.04,✓,✗,✗,✓,✓,✗,✓,✓,✓,✗,-9.5,9.4
3035,ktk Inc.,779.0,👀 監視継続,4.25,✗,✓,✓,✓,✓,✓,✗,✗,✓,✗,-6.7,5.8
303A,visumo Inc.,600.0,👀 監視継続,0.1,✓,✗,✗,✓,✓,✗,✗,✗,✗,✗,-5.8,6.3
3041,"Beauty Kadan Holdings Co., Ltd.",402.0,👀 監視継続,0.39,✓,✗,✗,✓,✓,✓,✗,✗,✗,✗,-4.1,0.5
3042,SecuAvail Inc.,300.0,👀 監視継続,0.04,✓,✗,✗,✗,✓,✗,✓,✓,✗,✗,-2.6,5.0
3059,"Hiraki Co.,Ltd.",709.0,👀 監視継続,0.59,✗,✗,✗,✓,✓,✓,✗,✗,✗,✗,-0.8,0.3
3067,"Tokyo Ichiban Foods Co., Ltd.",458.0,👀 監視継続,0.39,✓,✗,✗,✗,✓,✗,✓,✓,✓,✗,-1.5,1.7
6633,Cgs Holdings Inc.,322.0,👀 監視継続,0.23,✓,✗,✗,✓,✓,✓,✗,✗,✗,✗,-2.4,2.5
6634,JN Group Inc.,71.0,👀 監視継続,0.22,✓,✗,✓,✗,✓,✗,✓,✓,✗,✗,-6.6,8.5
6635,"Di-Nikko Engineering Co., Ltd.",649.0,👀 監視継続,0.48,✗,✗,✗,✗,✓,✗,✗,✗,✓,✗,-15.5,8.6
6662,"Ubiteq, Inc.",225.0,👀 監視継続,0.24,✓,✗,✓,✓,✓,✗,✓,✓,✗,✗,-1.3,13.3
9215,"CaSy Co., Ltd.",976.0,👀 監視継続,0.8,✗,✗,✗,✓,✓,✓,✓,✓,✓,✓,-2.2,5.9
7604,"Umenohana Group Co.,Ltd.",897.0,👀 監視継続,0.77,✗,✗,✗,✓,✓,✓,✓,✓,✓,✓,-1.0,3.3
7590,"Takasho Co.,Ltd.",408.0,👀 監視継続,1.4,✗,✗,✗,✓,✓,✓,✓,✓,✓,✓,-2.9,4.9
2481,"Townnews-Sha Co.,Ltd.",669.0,👀 監視継続,0.83,✗,✗,✓,✓,✓,✓,✓,✓,✓,✓,-0.9,6.6
5936,"Toyo Shutter Co., Ltd.",900.0,👀 監視継続,0.42,✗,✗,✗,✓,✓,✓,✓,✓,✗,✗,-3.2,4.4
7062,"Fureasu Co.,Ltd.",700.0,👀 監視継続,1.91,✗,✗,✓,✗,✓,✗,✗,✗,✗,✗,-14.1,2.9
7066,"Peers Co.,Ltd.",439.0,👀 監視継続,0.11,✓,✗,✗,✓,✓,✓,✗,✓,✗,✗,-8.5,4.6
7074,Twenty-four seven Holdings Inc.,187.0,👀 監視継続,0.1,✓,✗,✗,✗,✓,✗,✗,✓,✗,✗,-9.7,6.4
7077,"ALiNK Internet, Inc.",998.0,👀 監視継続,5.48,✗,✓,✓,✗,✓,✗,✗,✗,✗,✗,-2.5,0.9
6776,"Tensho Electric Industries Co., Ltd.",284.0,👀 監視継続,1.29,✗,✗,✓,✓,✓,✓,✓,✓,✓,✓,-0.7,9.5
6786,RVH Inc.,48.0,👀 監視継続,0.02,✓,✗,✗,✗,✓,✗,✗,✗,✗,✗,-5.9,2.1
6819,"Izu Shaboten Resort Co.,Ltd",475.0,👀 監視継続,0.45,✓,✗,✗,✓,✓,✓,✗,✓,✓,✗,-1.2,1.1
6858,"Ono Sokki Co., Ltd.",826.0,👀 監視継続,0.7,✓,✗,✓,✗,✓,✓,✗,✗,✓,✗,-4.7,8.8
6867,Leader Electronics Corporation,411.0,👀 監視継続,0.16,✓,✗,✗,✓,✓,✓,✗,✗,✗,✗,-2.4,0.5
6926,"Okaya Electric Industries Co., Ltd.",188.0,👀 監視継続,0.29,✓,✗,✗,✓,✓,✗,✓,✗,✗,✗,-1.6,2.7
6982,"The Lead Co., Inc.",576.0,👀 監視継続,0.32,✓,✗,✗,✓,✓,✗,✗,✗,✗,✗,-6.2,1.2
7035,"and factory,inc.",267.0,👀 監視継続,3.39,✗,✓,✓,✗,✓,✗,✓,✓,✓,✗,-21.2,9.7
7037,teno. Holdings Company Limited,822.0,👀 監視継続,0.51,✓,✗,✗,✗,✓,✗,✗,✗,✗,✗,-6.6,0.5
2917,"Ohmoriya Co.,Ltd.",925.0,👀 監視継続,1.0,✗,✗,✗,✗,✓,✗,✗,✗,✓,✗,-2.8,0.1
2926,"Shinozakiya, Inc.",126.0,👀 監視継続,0.28,✓,✗,✗,✓,✓,✗,✓,✓,✓,✗,-8.0,15.9
7112,"Cube Co., Ltd.",699.0,👀 監視継続,0.29,✓,✗,✗,✓,✓,✗,✗,✗,✗,✗,-3.3,2.1
7114,"Foodison, Inc.",773.0,👀 監視継続,1.43,✗,✗,✗,✗,✓,✗,✗,✓,✗,✗,-4.6,4.7
7127,"Ikka Holdings Co.,Ltd.",703.0,👀 監視継続,0.92,✓,✗,✗,✓,✓,✗,✓,✓,✓,✗,-0.1,1.7
7140,Petgo Corporation,800.0,👀 監視継続,0.38,✓,✗,✓,✗,✓,✗,✗,✗,✗,✗,-1.8,0.2
7183,"Anshin Guarantor Service Co., Ltd.",254.0,👀 監視継続,0.17,✓,✗,✗,✓,✓,✗,✗,✗,✓,✗,-0.4,0.4
7196,Casa Inc.,743.0,👀 監視継続,0.27,✓,✗,✗,✗,✓,✗,✗,✗,✓,✗,-3.3,3.4
7215,"Faltec Co., Ltd.",441.0,👀 監視継続,0.75,✗,✗,✓,✗,✓,✗,✓,✓,✓,✗,-4.1,6.8
7217,"Tein, Inc.",453.0,👀 監視継続,9.48,✗,✓,✗,✗,✓,✗,✓,✓,✓,✗,-3.0,8.8
7040,"Sun-Life Holding Co.,Ltd.",973.0,👀 監視継続,0.22,✓,✗,✗,✓,✓,✗,✗,✗,✗,✗,-2.7,2.1
7041,"CRG Holdings Co.,Ltd.",345.0,👀 監視継続,0.48,✓,✗,✓,✗,✓,✗,✗,✓,✓,✗,-3.9,3.5
7042,"Access Group Holdings Co., Ltd.",697.0,👀 監視継続,0.14,✓,✗,✗,✗,✓,✗,✓,✓,✓,✗,-3.9,9.3
7043,"Alue Co.,Ltd.",943.0,👀 監視継続,1.17,✓,✗,✗,✗,✓,✗,✓,✓,✓,✗,-1.6,10.5
7044,Piala Inc.,525.0,👀 監視継続,0.05,✓,✗,✗,✓,✓,✗,✓,✓,✗,✗,-2.1,9.7
7048,VELTRA Corporation,154.0,👀 監視継続,0.23,✓,✗,✗,✗,✓,✗,✗,✓,✗,✗,-6.1,6.5
7060,geechs inc.,595.0,👀 監視継続,0.22,✓,✗,✓,✓,✓,✗,✗,✓,✓,✗,-3.6,4.5
6155,"Takamatsu Machinery Co., Ltd.",542.0,👀 監視継続,0.1,✗,✗,✗,✓,✓,✓,✓,✓,✓,✓,-2.5,10.9
6467,Nichidai Corporation,349.0,👀 監視継続,0.73,✗,✗,✓,✓,✓,✓,✓,✓,✓,✓,-1.7,8.0
6233,KLASS Corporation,395.0,👀 監視継続,0.3,✗,✗,✗,✓,✓,✓,✓,✓,✗,✗,-0.5,2.8
2762,"Sanko Marketing Foods Co., Ltd.",70.0,👀 監視継続,0.57,✗,✗,✓,✗,✓,✗,✗,✗,✗,✗,-15.7,1.4
2776,"SHINTO Holdings, Inc.",97.0,👀 監視継続,0.41,✗,✗,✗,✓,✗,✗,✓,✗,✗,✗,-12.6,8.2
2778,"Palemo Holdings Co.,Ltd.",114.0,👀 監視継続,0.17,✓,✗,✗,✓,✓,✗,✓,✓,✗,✗,-1.7,5.3
2788,"Apple International Co., Ltd.",434.0,👀 監視継続,2.24,✗,✗,✗,✓,✓,✓,✓,✓,✓,✓,-1.6,12.9
2789,"Karula Co.,LTD.",474.0,👀 監視継続,0.36,✓,✗,✗,✓,✓,✗,✗,✓,✓,✗,-1.5,1.9
2795,Nippon Primex Inc.,960.0,👀 監視継続,0.33,✓,✗,✗,✗,✓,✗,✗,✓,✓,✗,-3.0,2.7
2796,Pharmarise Holdings Corporation,500.0,👀 監視継続,0.52,✓,✗,✗,✓,✓,✗,✓,✓,✗,✗,-1.0,2.8
281A,"Informetis Co., Ltd.",438.0,👀 監視継続,0.05,✓,✗,✗,✓,✓,✗,✗,✗,✗,✗,-9.9,7.3
2876,Delsole Corporation,475.0,👀 監視継続,0.23,✓,✗,✗,✓,✓,✓,✗,✓,✓,✗,-4.8,5.3
2877,NittoBest Corporation,745.0,👀 監視継続,0.75,✗,✗,✓,✗,✓,✗,✓,✓,✓,✗,-1.3,2.0
288A,Laxus Technologies Inc.,97.0,👀 監視継続,1.07,✗,✗,✓,✓,✗,✗,✓,✓,✗,✗,-10.2,8.2
2894,"Ishii Food Co., Ltd.",352.0,👀 監視継続,0.52,✗,✗,✗,✗,✓,✗,✓,✓,✓,✗,-2.2,9.1
7080,"Sportsfield Co., Ltd.",841.0,👀 監視継続,0.82,✗,✗,✗,✗,✓,✗,✓,✓,✓,✗,-4.4,6.1
7096,StemCell Institute Inc.,763.0,👀 監視継続,0.12,✓,✗,✗,✗,✓,✗,✓,✓,✗,✗,-1.5,8.4
7578,"Nichiryoku Co.,Ltd.",75.0,👀 監視継続,0.28,✗,✗,✓,✓,✓,✓,✓,✗,✗,✗,-5.1,14.7
7585,Kan-Nanmaru Corporation,407.0,👀 監視継続,0.36,✓,✗,✗,✓,✓,✗,✗,✗,✗,✗,-0.7,0.5
7255,Sakurai Ltd.,506.0,👀 監視継続,1.1,✓,✗,✗,✗,✓,✗,✗,✓,✗,✗,-9.3,6.3
7291,"Nihon Plast Co., Ltd.",460.0,👀 監視継続,0.54,✗,✗,✓,✓,✓,✓,✗,✗,✓,✗,-6.1,9.6
7297,"Car Mate Mfg. Co., Ltd.",859.0,👀 監視継続,0.59,✗,✗,✗,✗,✓,✗,✗,✗,✗,✗,-4.1,1.0
7325,IRRC Corporation,697.0,👀 監視継続,0.15,✓,✗,✗,✓,✓,✗,✗,✓,✗,✗,-5.8,4.6
7345,AI Partners Financial Inc.,945.0,👀 監視継続,2.1,✗,✗,✗,✗,✓,✓,✗,✗,✓,✗,-4.4,4.2
7351,"Goodpatch, Inc.",460.0,👀 監視継続,0.18,✗,✗,✗,✗,✓,✗,✓,✓,✗,✗,-4.2,6.1
7353,"KIYO Learning Co.,Ltd.",550.0,👀 監視継続,0.64,✗,✗,✗,✓,✓,✓,✗,✗,✗,✗,-3.5,3.1
7356,Retty Inc.,117.0,👀 監視継続,0.77,✗,✗,✗,✗,✗,✗,✗,✗,✗,✗,-18.2,3.4
7369,"Meiho Holdings,Inc.",353.0,👀 監視継続,0.28,✓,✗,✗,✓,✓,✗,✗,✗,✗,✗,-15.8,3.7
7372,Decollte Holdings Corporation,389.0,👀 監視継続,0.07,✓,✗,✓,✗,✓,✗,✓,✓,✗,✗,-4.7,5.1
2722,"IK HOLDINGS Co.,Ltd.",358.0,👀 監視継続,0.33,✓,✗,✓,✗,✓,✗,✓,✗,✗,✗,-0.6,1.1
2735,"Watts Co., Ltd.",710.0,👀 監視継続,5.12,✗,✓,✓,✗,✓,✗,✓,✓,✓,✗,-2.7,7.0
2736,"Festaria Holdings Co., Ltd.",665.0,👀 監視継続,3.57,✗,✓,✗,✗,✓,✗,✗,✗,✓,✗,-1.8,1.2
7625,"Global-Dining, Inc.",474.0,👀 監視継続,0.23,✓,✗,✗,✓,✓,✓,✗,✓,✓,✗,-3.5,3.4
7687,"MICREED Co.,Ltd.",461.0,👀 監視継続,1.09,✗,✗,✗,✓,✓,✓,✓,✓,✓,✓,-2.7,10.6
7707,"Precision System Science Co., Ltd.",219.0,👀 監視継続,0.2,✓,✗,✓,✓,✓,✗,✓,✓,✓,✗,-6.8,11.0
7771,"Nihon Seimitsu Co., Ltd.",279.0,👀 監視継続,0.11,✓,✗,✗,✗,✓,✗,✗,✗,✗,✗,-11.4,3.9
7776,CellSeed Inc.,231.0,👀 監視継続,0.13,✓,✗,✗,✗,✓,✗,✓,✓,✗,✗,-4.5,13.4
7427,"Echo Trading Co., Ltd.",836.0,👀 監視継続,0.58,✗,✗,✓,✓,✓,✗,✓,✓,✗,✗,-2.1,3.0
7442,"Nakayamafuku Co.,Ltd.",484.0,👀 監視継続,1.17,✗,✗,✓,✗,✓,✗,✗,✓,✓,✗,-2.8,2.1
7462,CAPITA Inc.,387.0,👀 監視継続,0.49,✓,✗,✗,✓,✓,✓,✗,✓,✓,✗,-7.4,7.5
7494,"Konaka Co.,Ltd.",246.0,👀 監視継続,0.69,✗,✗,✗,✓,✓,✓,✓,✓,✓,✓,-0.4,6.5
7524,Marche Corporation,177.0,👀 監視継続,0.95,✗,✗,✗,✗,✓,✗,✗,✗,✗,✗,-3.8,1.1
7527,SystemSoft Corporation,53.0,👀 監視継続,0.28,✓,✗,✓,✗,✓,✗,✓,✓,✗,✗,-3.6,15.1
7538,"Daisui Co.,Ltd.",390.0,👀 監視継続,0.42,✓,✗,✗,✗,✓,✗,✓,✓,✓,✗,-4.4,5.1
7544,"Three F Co.,Ltd.",558.0,👀 監視継続,0.5,✓,✗,✓,✗,✓,✓,✗,✗,✓,✗,-1.8,3.8
7555,"Ota Floriculture Auction Co.,Ltd.",744.0,👀 監視継続,0.08,✓,✗,✗,✗,✓,✗,✓,✗,✓,✗,-1.8,1.1
7399,"Nansin Co., Ltd.",609.0,👀 監視継続,0.67,✗,✗,✗,✓,✓,✓,✓,✓,✓,✓,-0.5,3.0
2916,"Semba Tohka Industries Co., Ltd",748.0,👀 監視継続,1.42,✗,✗,✓,✓,✓,✓,✓,✓,✓,✓,-0.1,4.3
6659,"Media Links Co.,Ltd.",51.0,👀 監視継続,1.0,✗,✗,✗,✓,✓,✓,✓,✗,✓,✗,-1.9,27.5
6964,"Sanko Co., Ltd.",705.0,👀 監視継続,0.8,✗,✗,✗,✓,✓,✓,✓,✓,✓,✓,-1.4,4.5
6897,Twinbird Corporation,687.0,👀 監視継続,1.1,✗,✗,✗,✓,✓,✓,✓,✓,✓,✓,-0.3,3.1
2479,JTEC Corporation,243.0,👀 監視継続,0.39,✗,✗,✗,✗,✓,✗,✓,✓,✓,✗,-2.0,3.3
248A,KIDS STAR Inc.,812.0,👀 監視継続,0.06,✓,✗,✗,✗,✓,✗,✗,✗,✗,✗,-4.9,0.4
2493,"E-SUPPORTLINK, Ltd.",945.0,👀 監視継続,0.39,✓,✗,✗,✗,✓,✗,✓,✓,✗,✗,-0.7,0.8
2499,"Nihonwasou Holdings, Inc.",294.0,👀 監視継続,0.44,✓,✗,✗,✓,✓,✗,✓,✓,✗,✗,-1.7,3.4
2654,Asmo Corporation,425.0,👀 監視継続,0.7,✓,✗,✓,✗,✓,✗,✓,✓,✓,✗,-0.9,6.4
265A,Hmcomm Inc.,701.0,👀 監視継続,0.05,✓,✗,✗,✗,✓,✗,✓,✓,✗,✗,-4.8,10.7
2666,"AUTOWAVE Co., Ltd.",183.0,👀 監視継続,0.48,✗,✗,✗,✓,✓,✓,✗,✓,✓,✗,-6.6,6.0
2667,"ImageONE Co., Ltd.",101.0,👀 監視継続,0.07,✓,✗,✗,✗,✓,✗,✗,✗,✗,✗,-15.1,3.0
2687,CVS Bay Area Inc.,501.0,👀 監視継続,4.21,✗,✓,✓,✗,✓,✗,✗,✓,✓,✗,-2.1,4.2
2693,YKT Corporation,293.0,👀 監視継続,1.22,✓,✗,✗,✗,✓,✗,✗,✗,✓,✗,-12.0,0.7
7601,"Poplar Co., Ltd.",165.0,👀 監視継続,0.28,✓,✗,✓,✗,✓,✗,✗,✗,✗,✗,-1.8,0.6
7602,"Ledax Co.,Ltd.",166.0,👀 監視継続,0.05,✓,✗,✗,✓,✓,✓,✗,✓,✗,✗,-7.3,4.8
7610,"Tay Two Co., Ltd.",143.0,👀 監視継続,0.67,✓,✗,✗,✓,✓,✓,✗,✓,✓,✗,-4.0,4.2
7624,"Naito & Co., Ltd.",153.0,👀 監視継続,1.09,✗,✗,✓,✓,✓,✗,✓,✓,✓,✗,-2.5,11.1
2404,"Tetsujin Holdings, Inc.",550.0,👀 監視継続,14.11,✗,✓,✓,✗,✓,✗,✗,✗,✓,✗,-7.6,0.0
2424,Brass Corporation,597.0,👀 監視継続,1.31,✗,✗,✗,✗,✓,✗,✗,✗,✗,✗,-1.0,1.7
2425,"Care Service Co.,Ltd.",660.0,👀 監視継続,0.35,✓,✗,✓,✗,✓,✗,✗,✗,✗,✗,-4.9,0.6
2435,"CEDAR.Co.,Ltd.",210.0,👀 監視継続,0.1,✓,✗,✗,✗,✓,✗,✗,✓,✗,✗,-4.5,1.9
2437,"Shinwa Wise Holdings Co.,Ltd.",622.0,👀 監視継続,0.32,✓,✗,✓,✓,✓,✓,✗,✓,✓,✗,-11.3,10.6
7791,"Dreambed Co.,Ltd.",827.0,👀 監視継続,0.42,✓,✗,✓,✓,✓,✗,✓,✓,✓,✗,-1.3,4.5
7795,"Kyoritsu Co.,Ltd.",225.0,👀 監視継続,0.43,✓,✗,✗,✗,✓,✗,✓,✓,✓,✗,-2.2,11.6
7805,Printnet Inc.,731.0,👀 監視継続,10.41,✗,✓,✗,✗,✓,✗,✗,✗,✓,✗,-5.1,0.4
7831,Wellco Holdings Corporation,67.0,👀 監視継続,0.08,✓,✗,✓,✗,✓,✗,✗,✗,✗,✗,-4.3,1.5
7833,IFIS Japan Ltd.,651.0,👀 監視継続,0.14,✓,✗,✗,✓,✓,✗,✓,✓,✗,✗,-0.6,2.6
7836,"AVIX,Inc.",77.0,👀 監視継続,0.07,✓,✗,✗,✗,✓,✗,✗,✗,✗,✗,-7.2,3.9
7837,"R. C. Core Co., Ltd.",334.0,👀 監視継続,0.11,✓,✗,✗,✓,✓,✗,✗,✓,✗,✗,-8.7,2.7
7850,"Sougou Shouken Co.,Ltd.",810.0,👀 監視継続,0.77,✗,✗,✗,✗,✓,✗,✗,✗,✗,✗,-3.1,1.2
7863,"Hiraga Co.,Ltd.",944.0,👀 監視継続,0.62,✓,✗,✗,✓,✓,✓,✗,✗,✗,✗,-3.7,2.9
2440,"Gurunavi, Inc.",131.0,👀 監視継続,0.71,✓,✗,✗,✓,✓,✗,✓,✓,✗,✗,-3.0,10.7
8836,RISE Inc.,27.0,👀 監視継続,0.04,✓,✗,✓,✗,✗,✗,✓,✓,✗,✗,-6.9,3.7
8894,"Revolution Co., Ltd.",22.0,👀 監視継続,0.23,✓,✗,✓,✗,✓,✗,✗,✗,✗,✗,-4.3,9.1
7886,"Yamato Mobility & Mfg. Co.,Ltd.",648.0,👀 監視継続,0.37,✓,✗,✗,✗,✗,✗,✗,✗,✗,✗,-13.6,1.5
7896,"Seven Industries Co., Ltd.",510.0,👀 監視継続,0.42,✓,✗,✗,✗,✓,✗,✓,✓,✗,✗,-3.0,1.4
7918,"VIA Holdings,Inc.",106.0,👀 監視継続,0.24,✓,✗,✗,✗,✓,✗,✓,✓,✗,✗,-2.8,10.4
7939,"Kensoh Co.,Ltd.",602.0,👀 監視継続,0.32,✓,✗,✗,✗,✓,✗,✗,✓,✓,✗,-3.7,3.5
7953,"Kikusui Chemical Industries Co., Ltd.",400.0,👀 監視継続,0.34,✗,✗,✗,✗,✓,✗,✓,✓,✓,✗,-1.2,4.2
8105,Bitcoin Japan Corporation,88.0,👀 監視継続,0.23,✓,✗,✗,✗,✗,✗,✗,✗,✗,✗,-13.7,3.4
8107,Kimuratan Corporation,31.0,👀 監視継続,0.08,✓,✗,✓,✓,✗,✗,✗,✗,✗,✗,-3.1,0.0
8119,Sanyei Corporation,772.0,👀 監視継続,0.24,✗,✗,✗,✗,✓,✓,✗,✓,✗,✗,-2.8,1.4
2351,ASJ Inc.,325.0,👀 監視継続,0.09,✗,✗,✗,✗,✓,✗,✓,✗,✗,✗,-12.2,7.4
2370,"MEDINET Co., Ltd.",25.0,👀 監視継続,0.88,✓,✗,✗,✗,✓,✗,✗,✗,✗,✗,-3.8,4.0
2373,Care Twentyone Corporation,407.0,👀 監視継続,0.18,✓,✗,✗,✗,✓,✗,✓,✗,✗,✗,-1.0,2.2
2376,Scinex Corporation,776.0,👀 監視継続,0.02,✓,✗,✗,✗,✓,✗,✓,✓,✓,✗,-2.6,5.4
2388,"Wedge Holdings CO.,LTD.",35.0,👀 監視継続,0.2,✓,✗,✗,✗,✓,✗,✗,✗,✗,✗,-7.9,2.9
7371,Zenken Corporation,771.0,👀 監視継続,1.17,✗,✗,✗,✓,✓,✓,✓,✓,✓,✓,-1.2,8.0
6778,"Artiza Networks, Inc.",657.0,👀 監視継続,1.4,✗,✗,✓,✓,✓,✓,✓,✓,✓,✓,0.0,9.7
7150,"The Shimane Bank,Ltd.",532.0,👀 監視継続,0.9,✗,✗,✓,✓,✓,✓,✓,✓,✓,✓,-3.3,12.0
7461,"Kimura Co.,Ltd.",490.0,👀 監視継続,0.73,✗,✗,✗,✓,✓,✓,✓,✓,✓,✓,-1.0,6.1
9240,Delivery Consulting Inc.,440.0,👀 監視継続,0.14,✓,✗,✗,✗,✓,✗,✓,✓,✗,✗,-4.3,11.1
8135,Zett Corporation,444.0,👀 監視継続,0.14,✗,✗,✗,✗,✓,✗,✓,✓,✗,✗,-1.3,6.1
8165,"Senshukai Co., Ltd.",105.0,👀 監視継続,0.42,✓,✗,✗,✗,✓,✗,✗,✗,✗,✗,-8.7,0.0
8166,"Taka-Q Co., Ltd.",78.0,👀 監視継続,0.24,✓,✗,✗,✓,✓,✗,✗,✗,✗,✗,-1.3,1.3
8181,"Totenko Co., Ltd.",996.0,👀 監視継続,0.99,✗,✗,✓,✓,✓,✓,✗,✗,✗,✗,-2.3,1.1
8226,Rikei Corporation,391.0,👀 監視継続,0.15,✓,✗,✗,✗,✓,✗,✓,✓,✗,✗,-3.5,12.8
8230,"Hasegawa Co., Ltd.",313.0,👀 監視継続,0.84,✓,✗,✗,✓,✓,✓,✗,✓,✗,✗,-1.6,1.0
8247,"Daiwa Co.,Ltd.",315.0,👀 監視継続,0.76,✗,✗,✗,✗,✓,✗,✓,✓,✗,✗,-1.9,10.8
8260,"Izutsuya Co., Ltd.",373.0,👀 監視継続,1.37,✓,✗,✓,✗,✓,✗,✗,✗,✗,✗,-2.4,1.6
8518,"Japan Asia Investment Co., Ltd.",137.0,👀 監視継続,0.17,✓,✗,✓,✗,✓,✗,✓,✓,✗,✗,-5.5,10.9
8742,"Kobayashi Yoko Co., Ltd.",556.0,👀 監視継続,0.05,✓,✗,✓,✗,✓,✗,✓,✓,✓,✗,-1.6,5.6
8769,"Advantage Risk Management Co., Ltd.",501.0,👀 監視継続,0.15,✓,✗,✗,✓,✓,✓,✗,✓,✗,✗,-5.6,3.8
2215,"First Baking Co., Ltd.",607.0,👀 監視継続,0.27,✓,✗,✗,✓,✓,✗,✗,✓,✗,✗,-6.6,1.5
2286,"Hayashikane Sangyo Co.,Ltd.",916.0,👀 監視継続,0.76,✗,✗,✓,✗,✓,✗,✓,✓,✓,✗,-10.8,8.7
2291,"Fukutome Meat Packers, Ltd.",511.0,👀 監視継続,0.18,✓,✗,✗,✗,✓,✗,✗,✗,✗,✗,-4.8,0.6
2300,"Kyokuto Co., Ltd.",498.0,👀 監視継続,0.85,✓,✗,✗,✓,✓,✗,✗,✗,✗,✗,-1.2,2.2
2304,"CSS Holdings,Ltd.",921.0,👀 監視継続,0.65,✗,✗,✓,✓,✓,✓,✗,✗,✗,✗,-5.3,3.1
2311,"EPCO Co.,Ltd.",784.0,👀 監視継続,0.51,✓,✗,✓,✗,✓,✗,✓,✓,✗,✗,-1.3,4.7
2338,"Quantum Solutions Co.,Ltd.",116.0,👀 監視継続,0.27,✓,✗,✗,✗,✗,✗,✗,✗,✗,✗,-17.1,0.0
2341,"Arbeit-Times Co., Ltd.",172.0,👀 監視継続,0.2,✓,✗,✓,✓,✓,✗,✓,✓,✗,✗,-1.1,6.4
8938,"GLOME Holdings,Inc.",334.0,👀 監視継続,0.1,✓,✗,✗,✗,✓,✗,✗,✓,✗,✗,-5.6,3.9
8944,"Land Business Co.,Ltd.",242.0,👀 監視継続,0.7,✓,✗,✗,✗,✓,✗,✗,✗,✗,✗,-4.3,1.2
8946,Asian Star Co.,75.0,👀 監視継続,0.13,✓,✗,✗,✗,✓,✗,✗,✗,✗,✗,-8.5,1.3
9162,"Bleach, Inc.",230.0,👀 監視継続,6.54,✗,✓,✓,✗,✓,✗,✗,✗,✗,✗,-1.3,2.2
9212,"Green Earth Institute Co., Ltd.",263.0,👀 監視継続,0.26,✓,✗,✓,✗,✓,✗,✗,✗,✗,✗,-5.7,5.3
9219,GiXo Ltd.,875.0,👀 監視継続,4.1,✗,✓,✗,✗,✓,✗,✗,✓,✗,✗,-2.9,3.4
9223,"ASNOVA Co., Ltd.",447.0,👀 監視継続,0.37,✓,✗,✓,✓,✓,✗,✓,✓,✗,✗,-2.6,10.3
9235,"Ureru Net Advertising Group Co.,Ltd.",495.0,👀 監視継続,0.1,✓,✗,✓,✗,✓,✓,✗,✗,✗,✗,-3.5,4.8
2055,"Nichiwa Sangyo Co., Ltd.",349.0,👀 監視継続,0.54,✗,✗,✗,✗,✓,✓,✓,✓,✓,✓,-2.8,6.6
9760,"Shingakukai Holdings Co.,Ltd.",120.0,👀 監視継続,1.75,✗,✗,✓,✓,✓,✓,✓,✓,✗,✗,-2.4,2.5
7879,Noda Corporation,676.0,👀 監視継続,0.69,✗,✗,✗,✓,✓,✓,✓,✓,✓,✓,-0.6,5.2
7847,Graphite Design Inc.,686.0,👀 監視継続,1.05,✗,✗,✗,✓,✓,✓,✓,✓,✓,✓,-1.0,9.6
9561,GLAD CUBE Inc.,417.0,👀 監視継続,0.53,✗,✗,✗,✓,✓,✓,✓,✓,✗,✗,-4.6,6.2
9685,"KYCOM Holdings Co., Ltd.",560.0,👀 監視継続,1.03,✗,✗,✓,✗,✓,✗,✗,✗,✗,✗,-3.8,1.2
9704,"AGORA Hospitality Group Co., Ltd",30.0,👀 監視継続,0.13,✓,✗,✗,✓,✓,✓,✗,✗,✗,✗,-6.2,6.7
9253,Slogan Inc.,729.0,👀 監視継続,0.06,✓,✗,✗,✗,✓,✗,✓,✗,✗,✗,-3.1,3.3
9259,"TAKAYOSHI Holdings, INC.",837.0,👀 監視継続,0.37,✓,✗,✓,✗,✓,✗,✗,✓,✗,✗,-7.8,3.1
9262,"Silver Life Co., Ltd.",690.0,👀 監視継続,0.4,✓,✗,✗,✓,✓,✗,✓,✓,✗,✗,-1.3,8.5
9327,"e-LogiT co.,ltd.",190.0,👀 監視継続,0.23,✓,✗,✗,✗,✓,✗,✓,✗,✗,✗,-7.3,5.3
9345,"Bizmates, Inc.",594.0,👀 監視継続,1.17,✓,✗,✓,✗,✓,✗,✗,✓,✗,✗,-10.0,0.7
9417,"Smartvalue Co., Ltd.",329.0,👀 監視継続,0.07,✓,✗,✗,✗,✓,✗,✗,✓,✗,✗,-10.4,5.8
9419,"WirelessGate, Inc.",293.0,👀 監視継続,0.16,✓,✗,✗,✗,✓,✗,✓,✓,✓,✗,-2.7,4.4
9421,NJ Holdings Inc.,508.0,👀 監視継続,0.5,✓,✗,✗,✓,✓,✗,✓,✗,✗,✗,-1.0,2.4
2164,"Chiikishinbunsha Co.,Ltd.",157.0,👀 監視継続,3.69,✗,✓,✓,✓,✗,✓,✗,✗,✗,✗,-13.7,7.6
2183,"Linical Co., Ltd.",207.0,👀 監視継続,1.0,✓,✗,✗,✓,✓,✗,✗,✗,✗,✗,-2.8,2.9
2193,Cookpad Inc.,131.0,👀 監視継続,0.76,✓,✗,✗,✗,✓,✗,✓,✓,✗,✗,-5.8,13.0
3965,"Capital Asset Planning, Inc.",918.0,👀 監視継続,2.34,✗,✗,✗,✓,✓,✓,✓,✓,✓,✓,0.0,7.4
130A,Veritas In Silico Inc.,426.0,👀 監視継続,0.04,✓,✗,✗,✗,✓,✗,✓,✓,✗,✗,-10.7,7.0
9340,"ASO International, Inc.",720.0,👀 監視継続,2.05,✗,✗,✗,✓,✓,✓,✓,✓,✓,✓,-1.6,4.9
