銘柄コード,銘柄名,株価,判定,出来高比率,出来高枯れ,出来高再増加,小実体,じわ切り上げ,日足代表価格上,MA5上,MA25上,MA75上,MA200上,全MA上,直近高値からの下落(%),損切り目安下幅(%),急騰期待スコア,優先ランク,スコア根拠,監視優先度
2479,JTEC Corporation,267.0,🚀 Step3（エントリー候補）,3.45,✗,✓,✓,✓,✓,✓,✓,✓,✓,✓,-0.7,11.6,84,A,stage=32; position=27; volume=9; shape=11; risk=5,★★ 強監視
3248,"Early Age Co., Ltd.",897.0,🚀 Step3（エントリー候補）,2.6,✗,✓,✗,✓,✓,✓,✓,✓,✓,✓,0.0,2.1,81,A,stage=32; position=27; volume=9; shape=5; risk=8,★★ 強監視
3202,"Daitobo Co., Ltd.",130.0,⏳ Step2完了（次の急騰待ち）,0.6,✓,✗,✓,✓,✓,✓,✓,✓,✓,✓,-1.5,3.8,80,A,stage=24; position=27; volume=8; shape=11; risk=10,★★ 強監視
7837,"R. C. Core Co., Ltd.",344.0,⏳ Step2完了（次の急騰待ち）,0.03,✓,✗,✓,✓,✓,✓,✓,✓,✓,✓,-1.1,4.9,80,A,stage=24; position=27; volume=8; shape=11; risk=10,★★ 強監視
9363,"Daiun Co.,Ltd.",537.0,⏳ Step2完了（次の急騰待ち）,0.21,✓,✗,✓,✓,✓,✓,✓,✓,✓,✓,-2.0,3.5,80,A,stage=24; position=27; volume=8; shape=11; risk=10,★★ 強監視
9423,Forval RealStraight Inc.,105.0,⏳ Step2完了（次の急騰待ち）,0.48,✓,✗,✓,✓,✓,✓,✓,✓,✓,✓,-1.9,2.9,80,A,stage=24; position=27; volume=8; shape=11; risk=10,★★ 強監視
2424,Brass Corporation,657.0,🚀 Step3（エントリー候補）,19.82,✗,✓,✗,✓,✓,✓,✓,✓,✓,✓,-0.3,10.2,79,A,stage=32; position=27; volume=10; shape=5; risk=5,★★ 強監視
4341,Seiryo Electric Corporation,920.0,⏳ Step2完了（次の急騰待ち）,0.1,✓,✗,✓,✓,✓,✓,✓,✓,✓,✓,-3.2,7.5,79,A,stage=24; position=27; volume=8; shape=11; risk=9,★★ 強監視
4428,sinops Inc.,709.0,⏳ Step2完了（次の急騰待ち）,0.32,✓,✗,✓,✓,✓,✓,✓,✓,✓,✓,-2.7,6.9,79,A,stage=24; position=27; volume=8; shape=11; risk=9,★★ 強監視
5900,"Daiken Co.,Ltd.",907.0,⏳ Step2完了（次の急騰待ち）,0.65,✓,✗,✓,✓,✓,✓,✓,✓,✓,✓,-1.0,7.8,79,A,stage=24; position=27; volume=8; shape=11; risk=9,★★ 強監視
7833,IFIS Japan Ltd.,680.0,⏳ Step2完了（次の急騰待ち）,0.1,✓,✗,✓,✓,✓,✓,✓,✓,✓,✓,-1.4,6.5,79,A,stage=24; position=27; volume=8; shape=11; risk=9,★★ 強監視
4379,Photosynth inc.,467.0,🚀 Step3（エントリー候補）,3.39,✗,✓,✗,✓,✓,✓,✓,✓,✓,✓,-2.7,14.8,78,A,stage=32; position=27; volume=9; shape=5; risk=5,★★ 強監視
3123,"Saibo Co., Ltd.",650.0,⏳ Step2完了（次の急騰待ち）,0.4,✓,✗,✓,✓,✓,✓,✓,✓,✓,✓,-0.9,3.2,78,A,stage=24; position=27; volume=8; shape=11; risk=8,★★ 強監視
5952,Amatei Incorporated,192.0,⏳ Step2完了（次の急騰待ち）,0.02,✓,✗,✓,✓,✓,✓,✓,✓,✓,✓,-0.5,6.2,77,B,stage=24; position=27; volume=8; shape=11; risk=7,★ 監視
7371,Zenken Corporation,810.0,⏳ Step2完了（次の急騰待ち）,1.09,✓,✗,✓,✓,✓,✓,✓,✓,✓,✓,-1.7,9.9,77,B,stage=24; position=27; volume=8; shape=11; risk=7,★ 監視
2877,NittoBest Corporation,751.0,⏳ Step2完了（次の急騰待ち）,0.96,✓,✗,✓,✗,✓,✓,✓,✓,✓,✓,-5.8,2.8,75,B,stage=24; position=27; volume=8; shape=6; risk=10,★ 監視
9376,"Eurasia Travel Co., Ltd.",845.0,⏳ Step2完了（次の急騰待ち）,0.25,✓,✗,✓,✓,✓,✓,✓,✓,✓,✓,0.0,8.2,75,B,stage=24; position=27; volume=8; shape=11; risk=5,★ 監視
3266,Fund Creation Group Company Limited,81.0,⏳ Step2完了（次の急騰待ち）,0.04,✓,✗,✓,✓,✓,✓,✓,✓,✗,✗,-1.2,3.7,74,B,stage=24; position=21; volume=8; shape=11; risk=10,★ 監視
3758,Aeria Inc.,246.0,⏳ Step2完了（次の急騰待ち）,0.21,✓,✗,✓,✓,✓,✓,✓,✓,✗,✗,-3.9,3.3,74,B,stage=24; position=21; volume=8; shape=11; risk=10,★ 監視
6803,Teac Corporation,99.0,⏳ Step2完了（次の急騰待ち）,0.61,✓,✗,✓,✓,✓,✓,✓,✓,✗,✗,-2.0,3.0,74,B,stage=24; position=21; volume=8; shape=11; risk=10,★ 監視
6888,Acmos Inc.,500.0,⏳ Step2完了（次の急騰待ち）,0.09,✓,✗,✓,✓,✓,✓,✓,✓,✗,✗,-1.4,5.0,74,B,stage=24; position=21; volume=8; shape=11; risk=10,★ 監視
9978,"Bunkyodo Group Holdings Co., Ltd.",45.0,⏳ Step2完了（次の急騰待ち）,0.09,✓,✗,✓,✓,✓,✓,✓,✓,✗,✗,-2.2,2.2,74,B,stage=24; position=21; volume=8; shape=11; risk=10,★ 監視
3823,"THE WHY HOW DO COMPANY, Inc.",53.0,🚀 Step3（エントリー候補）,15.21,✗,✓,✗,✓,✓,✓,✓,✓,✓,✓,0.0,45.3,73,B,stage=32; position=27; volume=10; shape=5; risk=-1 | risk: stop width >15%,★ 監視
1711,"SDS HOLDINGS Co.,Ltd.",246.0,⏳ Step2完了（次の急騰待ち）,0.14,✓,✗,✓,✓,✓,✓,✓,✓,✗,✗,-1.2,7.7,73,B,stage=24; position=21; volume=8; shape=11; risk=9,★ 監視
2341,"Arbeit-Times Co., Ltd.",172.0,⏳ Step2完了（次の急騰待ち）,0.17,✓,✗,✓,✓,✓,✓,✓,✓,✗,✗,-2.3,6.4,73,B,stage=24; position=21; volume=8; shape=11; risk=9,★ 監視
3137,"Fundely Co., Ltd.",219.0,⏳ Step2完了（次の急騰待ち）,0.04,✓,✗,✓,✓,✓,✓,✓,✓,✗,✗,-2.2,7.8,73,B,stage=24; position=21; volume=8; shape=11; risk=9,★ 監視
340A,"zig-zag,Inc.",325.0,⏳ Step2完了（次の急騰待ち）,0.1,✓,✗,✓,✓,✓,✓,✓,✓,✗,✗,-4.4,7.4,73,B,stage=24; position=21; volume=8; shape=11; risk=9,★ 監視
8260,"Izutsuya Co., Ltd.",392.0,⏳ Step2完了（次の急騰待ち）,0.65,✓,✗,✓,✓,✓,✓,✓,✓,✗,✗,-3.2,5.9,73,B,stage=24; position=21; volume=8; shape=11; risk=9,★ 監視
4929,"Adjuvant Holdings Co.,Ltd.",740.0,⏳ Step2完了（次の急騰待ち）,0.28,✓,✗,✓,✓,✓,✓,✓,✓,✗,✗,-0.4,0.9,72,B,stage=24; position=21; volume=8; shape=11; risk=8,★ 監視
7114,"Foodison, Inc.",790.0,⏳ Step2完了（次の急騰待ち）,0.64,✓,✗,✓,✓,✓,✓,✓,✓,✗,✗,-0.9,3.8,72,B,stage=24; position=21; volume=8; shape=11; risk=8,★ 監視
130A,Veritas In Silico Inc.,434.0,⏳ Step2完了（次の急騰待ち）,0.07,✓,✗,✓,✓,✓,✓,✓,✓,✗,✗,-6.5,8.3,71,B,stage=24; position=21; volume=8; shape=11; risk=7,★ 監視
3042,SecuAvail Inc.,307.0,⏳ Step2完了（次の急騰待ち）,0.7,✓,✗,✓,✓,✓,✓,✓,✓,✗,✗,0.0,7.2,71,B,stage=24; position=21; volume=8; shape=11; risk=7,★ 監視
3326,"Runsystem Co.,Ltd.",664.0,⏳ Step2完了（次の急騰待ち）,0.31,✓,✗,✓,✓,✓,✓,✓,✓,✗,✗,-0.2,5.1,71,B,stage=24; position=21; volume=8; shape=11; risk=7,★ 監視
3928,Mynet Inc.,242.0,⏳ Step2完了（次の急騰待ち）,0.03,✓,✗,✓,✓,✓,✓,✓,✓,✗,✗,-0.4,7.0,71,B,stage=24; position=21; volume=8; shape=11; risk=7,★ 監視
4594,"BrightPath Biotherapeutics Co., Ltd.",60.0,⏳ Step2完了（次の急騰待ち）,0.22,✓,✗,✓,✓,✓,✓,✓,✓,✓,✓,-4.8,20.0,71,B,stage=24; position=27; volume=8; shape=11; risk=1 | risk: stop width >15%,★ 監視
6335,"Tokyo Kikai Seisakusho, Ltd.",594.0,⏳ Step2完了（次の急騰待ち）,0.3,✓,✗,✓,✓,✓,✓,✓,✗,✓,✗,-2.5,5.7,71,B,stage=24; position=19; volume=8; shape=11; risk=9,★ 監視
246A,ASUA Inc.,1077.0,⏳ Step2完了（次の急騰待ち）,0.77,✓,✗,✓,✓,✓,✓,✓,✓,✓,✓,0.0,17.5,69,B,stage=24; position=27; volume=8; shape=11; risk=-1 | risk: stop width >15%,★ 監視
3672,AltPlus Inc.,29.0,⏳ Step2完了（次の急騰待ち）,0.14,✓,✗,✓,✓,✓,✓,✓,✓,✗,✗,-14.7,10.3,69,B,stage=24; position=21; volume=8; shape=11; risk=5,★ 監視
5578,"AR advanced technology, Inc.",900.0,⏳ Step2完了（次の急騰待ち）,0.3,✓,✗,✓,✓,✓,✓,✓,✓,✗,✗,-0.9,11.7,69,B,stage=24; position=21; volume=8; shape=11; risk=5,★ 監視
6786,RVH Inc.,49.0,⏳ Step2完了（次の急騰待ち）,0.04,✓,✗,✓,✓,✓,✓,✓,✗,✗,✗,-3.9,2.0,69,B,stage=24; position=16; volume=8; shape=11; risk=10,★ 監視
8107,Kimuratan Corporation,31.0,⏳ Step2完了（次の急騰待ち）,0.83,✓,✗,✓,✓,✓,✓,✓,✗,✗,✗,-3.1,3.2,69,B,stage=24; position=16; volume=8; shape=11; risk=10,★ 監視
3927,Fuva Brain Limited,914.0,⏳ Step2完了（次の急騰待ち）,0.43,✓,✗,✓,✓,✓,✓,✓,✗,✗,✗,-3.5,5.9,68,B,stage=24; position=16; volume=8; shape=11; risk=9,★ 監視
3917,"iRidge, Inc.",489.0,⏳ Step2完了（次の急騰待ち）,0.33,✓,✗,✓,✓,✓,✓,✓,✓,✗,✗,-0.4,14.5,67,C,stage=24; position=21; volume=8; shape=11; risk=3,継続監視
6664,"Optoelectronics Co., Ltd.",265.0,⏳ Step2完了（次の急騰待ち）,0.02,✓,✗,✓,✓,✓,✓,✓,✓,✗,✗,-0.7,13.6,67,C,stage=24; position=21; volume=8; shape=11; risk=3,継続監視
9259,"TAKAYOSHI Holdings, INC.",854.0,⏳ Step2完了（次の急騰待ち）,0.23,✓,✗,✓,✗,✓,✓,✓,✓,✗,✗,-0.8,5.0,67,C,stage=24; position=21; volume=8; shape=6; risk=8,継続監視
9878,"SEKIDO Co., Ltd.",418.0,⏳ Step2完了（次の急騰待ち）,0.22,✓,✗,✓,✓,✓,✓,✓,✗,✗,✗,-0.5,2.2,67,C,stage=24; position=16; volume=8; shape=11; risk=8,継続監視
4772,"SM ENTERTAINMENT JAPAN Co.,Ltd.",72.0,⏳ Step2完了（次の急騰待ち）,0.39,✓,✗,✓,✓,✓,✓,✓,✗,✗,✗,-1.4,8.3,66,C,stage=24; position=16; volume=8; shape=11; risk=7,継続監視
195A,MUSCAT GROUP Inc.,706.0,⏳ Step2完了（次の急騰待ち）,0.32,✓,✗,✓,✓,✓,✓,✓,✓,✗,✗,-5.0,19.3,65,C,stage=24; position=21; volume=8; shape=11; risk=1 | risk: stop width >15%,継続監視
3477,"FORLIFE Co., Ltd.",904.0,📉 Step2中（調整中）,0.63,✓,✗,✗,✓,✓,✓,✓,✓,✓,✓,-1.1,4.8,64,C,stage=14; position=27; volume=8; shape=5; risk=10,継続監視
4444,infoNet inc.,955.0,📉 Step2中（調整中）,0.79,✓,✗,✗,✓,✓,✓,✓,✓,✓,✓,-1.4,4.0,64,C,stage=14; position=27; volume=8; shape=5; risk=10,継続監視
4484,"Lancers, Inc.",297.0,📉 Step2中（調整中）,0.14,✓,✗,✗,✓,✓,✓,✓,✓,✓,✓,-3.9,4.0,64,C,stage=14; position=27; volume=8; shape=5; risk=10,継続監視
4728,"Tose Co., Ltd.",652.0,📉 Step2中（調整中）,0.35,✓,✗,✗,✓,✓,✓,✓,✓,✓,✓,-2.5,3.0,64,C,stage=14; position=27; volume=8; shape=5; risk=10,継続監視
5742,"NIC Autotec, Inc.",756.0,📉 Step2中（調整中）,0.17,✓,✗,✗,✓,✓,✓,✓,✓,✓,✓,-1.2,4.4,64,C,stage=14; position=27; volume=8; shape=5; risk=10,継続監視
5928,"Almetax Manufacturing Co., Ltd.",290.0,📉 Step2中（調整中）,0.09,✓,✗,✗,✓,✓,✓,✓,✓,✓,✓,-2.0,4.5,64,C,stage=14; position=27; volume=8; shape=5; risk=10,継続監視
5936,"Toyo Shutter Co., Ltd.",915.0,📉 Step2中（調整中）,0.07,✓,✗,✗,✓,✓,✓,✓,✓,✓,✓,-1.1,4.4,64,C,stage=14; position=27; volume=8; shape=5; risk=10,継続監視
7544,"Three F Co.,Ltd.",554.0,📉 Step2中（調整中）,0.19,✓,✗,✗,✓,✓,✓,✓,✓,✓,✓,-2.3,2.1,64,C,stage=14; position=27; volume=8; shape=5; risk=10,継続監視
7939,"Kensoh Co.,Ltd.",605.0,📉 Step2中（調整中）,0.15,✓,✗,✗,✓,✓,✓,✓,✓,✓,✓,-1.3,2.1,64,C,stage=14; position=27; volume=8; shape=5; risk=10,継続監視
8944,"Land Business Co.,Ltd.",248.0,📉 Step2中（調整中）,0.17,✓,✗,✗,✓,✓,✓,✓,✓,✓,✓,-1.2,3.6,64,C,stage=14; position=27; volume=8; shape=5; risk=10,継続監視
2894,"Ishii Food Co., Ltd.",363.0,📉 Step2中（調整中）,0.58,✓,✗,✗,✓,✓,✓,✓,✓,✓,✓,-4.2,8.0,63,C,stage=14; position=27; volume=8; shape=5; risk=9,継続監視
4707,KITAC Corporation,341.0,📉 Step2中（調整中）,0.28,✓,✗,✗,✓,✓,✓,✓,✓,✓,✓,-7.6,6.5,63,C,stage=14; position=27; volume=8; shape=5; risk=9,継続監視
5986,"Molitec Steel Co., Ltd.",258.0,📉 Step2中（調整中）,0.34,✓,✗,✗,✓,✓,✓,✓,✓,✓,✓,-2.3,6.2,63,C,stage=14; position=27; volume=8; shape=5; risk=9,継続監視
6029,Artra Group Corporation,191.0,📉 Step2中（調整中）,0.23,✓,✗,✗,✓,✓,✓,✓,✓,✓,✓,-3.0,5.8,63,C,stage=14; position=27; volume=8; shape=5; risk=9,継続監視
6063,"Emergency Assistance Japan Co., Ltd.",1007.0,📉 Step2中（調整中）,0.12,✓,✗,✗,✓,✓,✓,✓,✓,✓,✓,-1.8,5.7,63,C,stage=14; position=27; volume=8; shape=5; risk=9,継続監視
7066,"Peers Co.,Ltd.",459.0,📉 Step2中（調整中）,0.05,✓,✗,✗,✓,✓,✓,✓,✓,✓,✓,-7.5,7.8,63,C,stage=14; position=27; volume=8; shape=5; risk=9,継続監視
7362,Terminalcare Support Institute Inc.,878.0,📉 Step2中（調整中）,0.24,✓,✗,✗,✓,✓,✓,✓,✓,✓,✓,-1.8,5.7,63,C,stage=14; position=27; volume=8; shape=5; risk=9,継続監視
7687,"MICREED Co.,Ltd.",453.0,📉 Step2中（調整中）,0.67,✓,✗,✗,✓,✓,✓,✓,✓,✓,✓,-4.4,6.8,63,C,stage=14; position=27; volume=8; shape=5; risk=9,継続監視
9215,"CaSy Co., Ltd.",986.0,📉 Step2中（調整中）,0.24,✓,✗,✗,✓,✓,✓,✓,✓,✓,✓,-2.5,5.2,63,C,stage=14; position=27; volume=8; shape=5; risk=9,継続監視
9419,"WirelessGate, Inc.",297.0,📉 Step2中（調整中）,0.44,✓,✗,✗,✓,✓,✓,✓,✓,✓,✓,-2.6,5.1,63,C,stage=14; position=27; volume=8; shape=5; risk=9,継続監視
3190,"HOTMAN Co.,Ltd.",587.0,📉 Step2中（調整中）,0.44,✓,✗,✗,✓,✓,✓,✓,✓,✓,✓,-0.8,2.9,62,C,stage=14; position=27; volume=8; shape=5; risk=8,継続監視
3439,Mitsuchi Corporation,686.0,📉 Step2中（調整中）,0.84,✓,✗,✗,✓,✓,✓,✓,✓,✓,✓,-0.4,4.5,62,C,stage=14; position=27; volume=8; shape=5; risk=8,継続監視
365A,"Izawa Towel Co.,Ltd.",788.0,📉 Step2中（調整中）,0.25,✓,✗,✗,✓,✓,✓,✓,✓,✓,✓,-0.9,4.3,62,C,stage=14; position=27; volume=8; shape=5; risk=8,継続監視
4645,"Ichishin Holdings Co.,Ltd.",438.0,📉 Step2中（調整中）,0.43,✓,✗,✗,✓,✓,✓,✓,✓,✓,✓,0.0,2.1,62,C,stage=14; position=27; volume=8; shape=5; risk=8,継続監視
6757,"OSG Corporation Co., Ltd.",889.0,📉 Step2中（調整中）,0.69,✓,✗,✗,✓,✓,✓,✓,✓,✓,✓,-0.9,3.6,62,C,stage=14; position=27; volume=8; shape=5; risk=8,継続監視
7555,"Ota Floriculture Auction Co.,Ltd.",749.0,📉 Step2中（調整中）,0.61,✓,✗,✗,✓,✓,✓,✓,✓,✓,✓,-0.1,1.6,62,C,stage=14; position=27; volume=8; shape=5; risk=8,継続監視
7872,"Estelle Holdings Co.,Ltd.",617.0,📉 Step2中（調整中）,0.13,✓,✗,✗,✓,✓,✓,✓,✓,✓,✓,-0.5,2.3,62,C,stage=14; position=27; volume=8; shape=5; risk=8,継続監視
9330,AGEHA Inc.,890.0,📉 Step2中（調整中）,0.1,✓,✗,✗,✓,✓,✓,✓,✓,✓,✓,0.0,3.3,62,C,stage=14; position=27; volume=8; shape=5; risk=8,継続監視
149A,"Thinca Co.,Ltd.",805.0,📉 Step2中（調整中）,0.07,✓,✗,✗,✓,✓,✓,✓,✓,✓,✓,-3.0,8.7,61,C,stage=14; position=27; volume=8; shape=5; risk=7,継続監視
156A,Material Group Inc.,867.0,📉 Step2中（調整中）,0.21,✓,✗,✗,✓,✓,✓,✓,✓,✓,✓,-4.4,9.1,61,C,stage=14; position=27; volume=8; shape=5; risk=7,継続監視
3223,"SLD Entertainment, Inc.",975.0,📉 Step2中（調整中）,0.22,✓,✗,✗,✓,✓,✓,✓,✓,✓,✓,0.0,6.6,61,C,stage=14; position=27; volume=8; shape=5; risk=7,継続監視
5527,Property Technologies Inc.,732.0,📉 Step2中（調整中）,0.12,✓,✗,✗,✓,✓,✓,✓,✓,✓,✓,-2.4,8.1,61,C,stage=14; position=27; volume=8; shape=5; risk=7,継続監視
5588,"Fast Accounting Co.,Ltd.",856.0,📉 Step2中（調整中）,0.44,✓,✗,✗,✓,✓,✓,✓,✓,✓,✓,-3.3,11.2,61,C,stage=14; position=27; volume=8; shape=5; risk=7,継続監視
7043,"Alue Co.,Ltd.",945.0,📉 Step2中（調整中）,0.3,✓,✗,✗,✓,✓,✓,✓,✓,✓,✓,-1.0,10.2,61,C,stage=14; position=27; volume=8; shape=5; risk=7,継続監視
7291,"Nihon Plast Co., Ltd.",466.0,📉 Step2中（調整中）,0.41,✓,✗,✗,✓,✓,✓,✓,✓,✓,✓,-1.9,10.7,61,C,stage=14; position=27; volume=8; shape=5; risk=7,継続監視
7619,"Tanaka Co.,Ltd.",985.0,📉 Step2中（調整中）,0.08,✓,✗,✗,✓,✓,✓,✓,✓,✓,✓,-0.4,7.5,61,C,stage=14; position=27; volume=8; shape=5; risk=7,継続監視
9218,"Mental Health Technologies Co.,Ltd.",793.0,📉 Step2中（調整中）,0.49,✓,✗,✗,✓,✓,✓,✓,✓,✓,✓,-0.5,7.9,61,C,stage=14; position=27; volume=8; shape=5; risk=7,継続監視
2376,Scinex Corporation,800.0,📉 Step2中（調整中）,0.42,✓,✗,✗,✓,✓,✓,✓,✓,✓,✓,0.0,8.2,59,C,stage=14; position=27; volume=8; shape=5; risk=5,継続監視
2411,Gendai Agency Inc.,470.0,📉 Step2中（調整中）,0.25,✓,✗,✗,✗,✓,✓,✓,✓,✓,✓,-1.1,3.0,59,C,stage=14; position=27; volume=8; shape=0; risk=10,継続監視
3559,p-ban.com Corp.,466.0,📉 Step2中（調整中）,0.14,✓,✗,✗,✓,✓,✓,✓,✓,✓,✓,-1.9,12.9,59,C,stage=14; position=27; volume=8; shape=5; risk=5,継続監視
3625,Techfirm Holdings Inc.,680.0,📉 Step2中（調整中）,0.16,✓,✗,✗,✓,✓,✓,✓,✓,✓,✓,-0.7,11.2,59,C,stage=14; position=27; volume=8; shape=5; risk=5,継続監視
3796,"e-Seikatsu Co.,Ltd.",328.0,📉 Step2中（調整中）,0.36,✓,✗,✗,✓,✓,✓,✓,✓,✓,✓,-4.7,12.8,59,C,stage=14; position=27; volume=8; shape=5; risk=5,継続監視
4896,"K Pharma,Inc.",813.0,📉 Step2中（調整中）,0.19,✓,✗,✗,✓,✓,✓,✓,✓,✓,✓,-3.8,12.2,59,C,stage=14; position=27; volume=8; shape=5; risk=5,継続監視
5248,"TECHNOLOGIES, Inc.",519.0,📉 Step2中（調整中）,0.29,✓,✗,✗,✓,✓,✓,✓,✓,✓,✓,-1.7,13.1,59,C,stage=14; position=27; volume=8; shape=5; risk=5,継続監視
6182,MetaReal Corporation,514.0,📉 Step2中（調整中）,0.17,✓,✗,✗,✓,✓,✓,✓,✓,✓,✓,-5.5,13.8,59,C,stage=14; position=27; volume=8; shape=5; risk=5,継続監視
9342,Sumasapo Inc.,987.0,📉 Step2中（調整中）,0.07,✓,✗,✗,✓,✓,✓,✓,✓,✓,✓,-0.8,8.1,59,C,stage=14; position=27; volume=8; shape=5; risk=5,継続監視
1380,"Akikawa Foods & Farms Co., Ltd.",1000.0,📉 Step2中（調整中）,0.18,✓,✗,✗,✓,✓,✓,✓,✓,✗,✗,-3.4,0.6,58,C,stage=14; position=21; volume=8; shape=5; risk=10,継続監視
2769,"Village Vanguard CO.,LTD.",925.0,📉 Step2中（調整中）,0.36,✓,✗,✗,✓,✓,✓,✓,✓,✗,✗,-1.5,3.6,58,C,stage=14; position=21; volume=8; shape=5; risk=10,継続監視
2876,Delsole Corporation,475.0,📉 Step2中（調整中）,0.09,✓,✗,✗,✗,✓,✓,✓,✓,✓,✓,-2.1,5.3,58,C,stage=14; position=27; volume=8; shape=0; risk=9,継続監視
3634,Sockets Inc.,594.0,📉 Step2中（調整中）,0.03,✓,✗,✗,✓,✓,✓,✓,✓,✗,✗,-4.2,3.2,58,C,stage=14; position=21; volume=8; shape=5; risk=10,継続監視
3671,"Softmax Co., Ltd",309.0,📉 Step2中（調整中）,0.06,✓,✗,✗,✓,✓,✓,✓,✓,✗,✗,-1.9,4.5,58,C,stage=14; position=21; volume=8; shape=5; risk=10,継続監視
3674,"Aucfan Co., Ltd.",339.0,📉 Step2中（調整中）,0.34,✓,✗,✗,✗,✓,✓,✓,✓,✓,✓,-3.7,7.4,58,C,stage=14; position=27; volume=8; shape=0; risk=9,継続監視
4198,"TENDA Co.,LTD.",505.0,📉 Step2中（調整中）,0.24,✓,✗,✗,✓,✓,✓,✓,✓,✗,✗,-2.5,4.2,58,C,stage=14; position=21; volume=8; shape=5; risk=10,継続監視
5194,"Sagami Rubber Industries Co., Ltd.",641.0,📉 Step2中（調整中）,0.1,✓,✗,✗,✓,✓,✓,✓,✓,✗,✗,-1.5,1.7,58,C,stage=14; position=21; volume=8; shape=5; risk=10,継続監視
6093,"MITRA Group, Inc.",161.0,📉 Step2中（調整中）,0.21,✓,✗,✗,✓,✓,✓,✓,✓,✗,✗,-2.4,3.7,58,C,stage=14; position=21; volume=8; shape=5; risk=10,継続監視
6494,"NFK Holdings Co., Ltd.",98.0,📉 Step2中（調整中）,0.31,✓,✗,✗,✓,✓,✓,✓,✓,✗,✗,-1.0,4.1,58,C,stage=14; position=21; volume=8; shape=5; risk=10,継続監視
7036,eMnet Japan.co.ltd.,666.0,📉 Step2中（調整中）,0.14,✓,✗,✗,✓,✓,✓,✓,✓,✗,✗,-3.3,4.5,58,C,stage=14; position=21; volume=8; shape=5; risk=10,継続監視
7044,Piala Inc.,519.0,📉 Step2中（調整中）,0.22,✓,✗,✗,✓,✓,✓,✓,✓,✗,✗,-2.8,5.0,58,C,stage=14; position=21; volume=8; shape=5; risk=10,継続監視
7360,"ONDECK Co., Ltd.",658.0,📉 Step2中（調整中）,0.68,✓,✗,✗,✓,✓,✓,✓,✓,✗,✗,-1.9,4.3,58,C,stage=14; position=21; volume=8; shape=5; risk=10,継続監視
8946,Asian Star Co.,76.0,📉 Step2中（調整中）,0.14,✓,✗,✗,✓,✓,✓,✓,✓,✗,✗,-2.6,2.6,58,C,stage=14; position=21; volume=8; shape=5; risk=10,継続監視
2156,Saylor Advertising.Inc.,282.0,📉 Step2中（調整中）,0.13,✓,✗,✗,✓,✓,✓,✓,✓,✗,✗,-1.1,6.0,57,C,stage=14; position=21; volume=8; shape=5; risk=9,継続監視
2778,"Palemo Holdings Co.,Ltd.",116.0,📉 Step2中（調整中）,0.16,✓,✗,✗,✓,✓,✓,✓,✓,✗,✗,-2.5,6.9,57,C,stage=14; position=21; volume=8; shape=5; risk=9,継続監視
3807,Fisco Ltd.,89.0,📉 Step2中（調整中）,0.32,✓,✗,✗,✓,✓,✓,✓,✓,✗,✗,-4.3,7.9,57,C,stage=14; position=21; volume=8; shape=5; risk=9,継続監視
3985,TEMONA.inc.,193.0,📉 Step2中（調整中）,0.14,✓,✗,✗,✓,✓,✓,✓,✓,✗,✗,-1.0,7.8,57,C,stage=14; position=21; volume=8; shape=5; risk=9,継続監視
3996,Signpost Corporation,207.0,📉 Step2中（調整中）,0.45,✓,✗,✗,✓,✓,✓,✓,✓,✗,✗,-6.3,7.7,57,C,stage=14; position=21; volume=8; shape=5; risk=9,継続監視
4017,Creema Ltd.,215.0,📉 Step2中（調整中）,0.05,✓,✗,✗,✓,✓,✓,✓,✓,✗,✗,-3.2,6.0,57,C,stage=14; position=21; volume=8; shape=5; risk=9,継続監視
4284,"SOLXYZ Co., Ltd.",449.0,📉 Step2中（調整中）,0.37,✓,✗,✗,✓,✓,✓,✓,✓,✗,✗,-4.9,6.5,57,C,stage=14; position=21; volume=8; shape=5; risk=9,継続監視
548A,"SystemEXE,Inc.",959.0,📉 Step2中（調整中）,0.11,✓,✗,✗,✓,✓,✓,✓,✓,✗,✗,-3.0,7.2,57,C,stage=14; position=21; volume=8; shape=5; risk=9,継続監視
6538,Disruptors Inc.,252.0,📉 Step2中（調整中）,0.33,✓,✗,✗,✓,✓,✓,✓,✓,✗,✗,-1.9,6.7,57,C,stage=14; position=21; volume=8; shape=5; risk=9,継続監視
6658,"Shirai Electronics Industrial Co., Ltd.",453.0,📉 Step2中（調整中）,0.26,✓,✗,✗,✓,✓,✓,✓,✓,✗,✗,-2.4,6.8,57,C,stage=14; position=21; volume=8; shape=5; risk=9,継続監視
7351,"Goodpatch, Inc.",495.0,📉 Step2中（調整中）,0.28,✓,✗,✗,✓,✓,✓,✓,✓,✓,✓,0.0,14.6,57,C,stage=14; position=27; volume=8; shape=5; risk=3,継続監視
8835,Taiheiyo Kouhatsu Incorporated,800.0,📉 Step2中（調整中）,0.02,✓,✗,✗,✓,✓,✓,✓,✓,✗,✗,-1.8,6.0,57,C,stage=14; position=21; volume=8; shape=5; risk=9,継続監視
8938,"GLOME Holdings,Inc.",337.0,📉 Step2中（調整中）,0.15,✓,✗,✗,✓,✓,✓,✓,✓,✗,✗,-2.6,6.5,57,C,stage=14; position=21; volume=8; shape=5; risk=9,継続監視
9561,GLAD CUBE Inc.,425.0,📉 Step2中（調整中）,0.19,✓,✗,✗,✓,✓,✓,✓,✓,✗,✗,-3.8,6.8,57,C,stage=14; position=21; volume=8; shape=5; risk=9,継続監視
4650,"SD ENTERTAINMENT,Inc.",271.0,📉 Step2中（調整中）,0.9,✓,✗,✗,✓,✓,✓,✓,✓,✗,✗,-0.7,1.8,56,C,stage=14; position=21; volume=8; shape=5; risk=8,継続監視
4705,CLIP Corporation,795.0,📉 Step2中（調整中）,0.18,✓,✗,✗,✓,✓,✓,✓,✓,✗,✗,-0.6,2.4,56,C,stage=14; position=21; volume=8; shape=5; risk=8,継続監視
5125,Fines inc.,485.0,📉 Step2中（調整中）,0.14,✓,✗,✗,✓,✓,✓,✓,✓,✗,✗,-0.4,4.3,56,C,stage=14; position=21; volume=8; shape=5; risk=8,継続監視
6166,"Nakamura Choukou Co., Ltd.",658.0,📉 Step2中（調整中）,0.1,✓,✗,✗,✗,✓,✓,✓,✓,✓,✓,-5.9,8.4,56,C,stage=14; position=27; volume=8; shape=0; risk=7,継続監視
9193,"Tokyo Kisen Co.,Ltd.",885.0,📉 Step2中（調整中）,0.15,✓,✗,✗,✓,✓,✓,✓,✓,✗,✗,-0.9,3.7,56,C,stage=14; position=21; volume=8; shape=5; risk=8,継続監視
9445,"Forval Telecom,Inc.",546.0,📉 Step2中（調整中）,1.22,✓,✗,✗,✓,✓,✓,✓,✓,✗,✗,-0.7,2.9,56,C,stage=14; position=21; volume=8; shape=5; risk=8,継続監視
9466,Aidma Marketing Communication Corporation,241.0,📉 Step2中（調整中）,0.45,✓,✗,✗,✗,✓,✓,✓,✓,✓,✓,-3.2,8.7,56,C,stage=14; position=27; volume=8; shape=0; risk=7,継続監視
9853,"Ginza Renoir Co., Ltd.",909.0,📉 Step2中（調整中）,0.24,✓,✗,✗,✓,✓,✓,✓,✓,✗,✗,-0.4,0.8,56,C,stage=14; position=21; volume=8; shape=5; risk=8,継続監視
143A,"Ishin Co., Ltd.",730.0,📉 Step2中（調整中）,0.26,✓,✗,✗,✓,✓,✓,✓,✓,✗,✗,-1.2,9.0,55,C,stage=14; position=21; volume=8; shape=5; risk=7,継続監視
2323,fonfun corporation,343.0,📉 Step2中（調整中）,0.11,✓,✗,✗,✓,✓,✓,✓,✓,✓,✓,-4.2,23.0,55,C,stage=14; position=27; volume=8; shape=5; risk=1 | risk: stop width >15%,継続監視
3628,"Data Horizon Co.,Ltd.",669.0,📉 Step2中（調整中）,0.07,✓,✗,✗,✓,✓,✓,✓,✓,✓,✓,-1.5,19.6,55,C,stage=14; position=27; volume=8; shape=5; risk=1 | risk: stop width >15%,継続監視
3639,Voltage Incorporation,236.0,📉 Step2中（調整中）,0.13,✓,✗,✗,✓,✓,✓,✓,✓,✗,✗,-2.5,8.1,55,C,stage=14; position=21; volume=8; shape=5; risk=7,継続監視
3970,Innovation Inc.,855.0,📉 Step2中（調整中）,0.85,✓,✗,✗,✓,✓,✓,✓,✓,✗,✗,-3.1,8.3,55,C,stage=14; position=21; volume=8; shape=5; risk=7,継続監視
4360,"MANAC Chemical Partners Co.,Ltd",960.0,📉 Step2中（調整中）,0.17,✓,✗,✗,✓,✓,✓,✓,✓,✓,✓,-7.7,19.8,55,C,stage=14; position=27; volume=8; shape=5; risk=1 | risk: stop width >15%,継続監視
441A,NE Inc.,275.0,📉 Step2中（調整中）,0.41,✓,✗,✗,✓,✓,✓,✓,✓,✗,✗,-4.8,9.1,55,C,stage=14; position=21; volume=8; shape=5; risk=7,継続監視
4884,"Kringle Pharma, Inc.",440.0,📉 Step2中（調整中）,0.12,✓,✗,✗,✓,✓,✓,✓,✓,✓,✓,-5.0,27.0,55,C,stage=14; position=27; volume=8; shape=5; risk=1 | risk: stop width >15%,継続監視
5870,Nalnet Communications Inc.,894.0,📉 Step2中（調整中）,0.08,✓,✗,✗,✓,✓,✓,✓,✓,✗,✗,-6.9,10.9,55,C,stage=14; position=21; volume=8; shape=5; risk=7,継続監視
6551,"Tsunagu Group Holdings, Inc.",620.0,📉 Step2中（調整中）,0.28,✓,✗,✗,✓,✓,✓,✓,✓,✗,✗,-3.0,9.0,55,C,stage=14; position=21; volume=8; shape=5; risk=7,継続監視
4167,Kokopelli Inc.,327.0,📉 Step2中（調整中）,0.17,✓,✗,✗,✗,✓,✓,✓,✓,✓,✓,-6.3,13.1,54,D,stage=14; position=27; volume=8; shape=0; risk=5,低優先
7196,Casa Inc.,749.0,📉 Step2中（調整中）,0.44,✓,✗,✗,✓,✓,✓,✓,✗,✓,✗,-0.1,2.9,54,D,stage=14; position=19; volume=8; shape=5; risk=8,低優先
352A,"LOIVE Co.,Ltd.",544.0,📉 Step2中（調整中）,0.01,✓,✗,✗,✓,✓,✓,✓,✓,✗,✗,-2.3,12.3,53,D,stage=14; position=21; volume=8; shape=5; risk=5,低優先
3646,"Ekitan & Co., Ltd.",350.0,📉 Step2中（調整中）,0.34,✓,✗,✗,✗,✓,✓,✓,✓,✓,✓,-16.9,5.4,53,D,stage=14; position=27; volume=8; shape=0; risk=4,低優先
3935,"Edia Co., Ltd.",729.0,📉 Step2中（調整中）,0.27,✓,✗,✗,✓,✓,✓,✓,✓,✗,✗,-0.7,10.2,53,D,stage=14; position=21; volume=8; shape=5; risk=5,低優先
4679,"TAYA Co.,Ltd.",263.0,📉 Step2中（調整中）,0.4,✓,✗,✗,✗,✓,✓,✓,✓,✗,✗,-2.6,4.6,53,D,stage=14; position=21; volume=8; shape=0; risk=10,低優先
4932,"Almado, Inc.",826.0,📉 Step2中（調整中）,0.21,✓,✗,✗,✓,✓,✓,✓,✓,✗,✗,-2.2,13.9,53,D,stage=14; position=21; volume=8; shape=5; risk=5,低優先
5035,HOUSEI Inc.,366.0,📉 Step2中（調整中）,0.33,✓,✗,✗,✗,✓,✓,✓,✓,✗,✗,-1.9,4.1,53,D,stage=14; position=21; volume=8; shape=0; risk=10,低優先
6038,"IID, Inc.",830.0,📉 Step2中（調整中）,0.22,✓,✗,✗,✓,✓,✓,✓,✗,✗,✗,-2.0,2.9,53,D,stage=14; position=16; volume=8; shape=5; risk=10,低優先
7090,Ligua Inc.,956.0,📉 Step2中（調整中）,0.26,✓,✗,✗,✓,✓,✓,✓,✓,✓,✓,0.0,16.4,53,D,stage=14; position=27; volume=8; shape=5; risk=-1 | risk: stop width >15%,低優先
9162,"Bleach, Inc.",230.0,📉 Step2中（調整中）,0.08,✓,✗,✗,✓,✓,✓,✓,✗,✗,✗,-1.7,2.2,53,D,stage=14; position=16; volume=8; shape=5; risk=10,低優先
3710,"Jorudan Co.,Ltd.",640.0,👀 監視継続,0.34,✓,✗,✓,✓,✓,✓,✗,✓,✓,✗,-2.1,4.2,53,D,stage=4; position=20; volume=8; shape=11; risk=10,低優先
4615,"Shinto Paint Company, Limited",131.0,👀 監視継続,0.43,✓,✗,✓,✓,✓,✓,✗,✓,✓,✗,-3.0,3.1,53,D,stage=4; position=20; volume=8; shape=11; risk=10,低優先
6428,OIZUMI Corporation,326.0,👀 監視継続,0.16,✓,✗,✓,✓,✓,✓,✗,✓,✓,✗,-1.5,3.7,53,D,stage=4; position=20; volume=8; shape=11; risk=10,低優先
7538,"Daisui Co.,Ltd.",392.0,👀 監視継続,1.06,✓,✗,✓,✓,✓,✗,✓,✓,✓,✗,-1.8,4.1,53,D,stage=4; position=20; volume=8; shape=11; risk=10,低優先
7883,"Sun Messe Co., Ltd.",401.0,👀 監視継続,0.6,✓,✗,✓,✓,✓,✓,✗,✓,✓,✗,-1.5,1.5,53,D,stage=4; position=20; volume=8; shape=11; risk=10,低優先
7953,"Kikusui Chemical Industries Co., Ltd.",399.0,👀 監視継続,0.11,✓,✗,✓,✓,✓,✓,✗,✓,✓,✗,-1.5,3.8,53,D,stage=4; position=20; volume=8; shape=11; risk=10,低優先
9385,Shoei Corporation,753.0,👀 監視継続,0.17,✓,✗,✓,✓,✓,✓,✗,✓,✓,✗,-1.7,3.7,53,D,stage=4; position=20; volume=8; shape=11; risk=10,低優先
4260,"Hybrid Technologies Co., Ltd.",215.0,📉 Step2中（調整中）,0.09,✓,✗,✗,✓,✓,✓,✓,✗,✗,✗,-3.2,5.6,52,D,stage=14; position=16; volume=8; shape=5; risk=9,低優先
3161,AZEARTH Corporation,670.0,👀 監視継続,1.23,✗,✗,✓,✓,✓,✓,✓,✓,✓,✓,-2.0,2.2,52,D,stage=4; position=27; volume=0; shape=11; risk=10,低優先
4490,VisasQ Inc.,655.0,👀 監視継続,0.08,✓,✗,✓,✓,✓,✓,✗,✓,✓,✗,-4.9,5.2,52,D,stage=4; position=20; volume=8; shape=11; risk=9,低優先
9475,"Shobunsha Holdings, Inc.",538.0,👀 監視継続,0.16,✓,✗,✓,✓,✓,✗,✓,✓,✓,✗,-1.3,8.0,52,D,stage=4; position=20; volume=8; shape=11; risk=9,低優先
4736,Nippon RAD Inc.,590.0,📉 Step2中（調整中）,0.31,✓,✗,✗,✓,✓,✓,✓,✗,✗,✗,-0.8,3.4,51,D,stage=14; position=16; volume=8; shape=5; risk=8,低優先
7042,"Access Group Holdings Co., Ltd.",697.0,👀 監視継続,0.1,✗,✗,✓,✓,✓,✓,✓,✓,✓,✓,-4.5,7.3,51,D,stage=4; position=27; volume=0; shape=11; risk=9,低優先
155A,"Information Strategy and Technology Co.,Ltd.",844.0,📉 Step2中（調整中）,0.12,✓,✗,✗,✓,✓,✓,✓,✗,✗,✗,-1.5,11.1,50,D,stage=14; position=16; volume=8; shape=5; risk=7,低優先
175A,"Will Smart Co.,LTD.",633.0,📉 Step2中（調整中）,0.03,✓,✗,✗,✗,✓,✓,✓,✓,✗,✗,-14.0,7.3,50,D,stage=14; position=21; volume=8; shape=0; risk=7,低優先
3727,Aplix Corporation,169.0,📉 Step2中（調整中）,0.12,✓,✗,✗,✗,✓,✓,✓,✓,✓,✓,-3.4,16.6,50,D,stage=14; position=27; volume=8; shape=0; risk=1 | risk: stop width >15%,低優先
480A,"LiB Consulting co.,ltd",931.0,📉 Step2中（調整中）,0.12,✓,✗,✗,✓,✓,✓,✓,✗,✗,✗,-4.2,9.7,50,D,stage=14; position=16; volume=8; shape=5; risk=7,低優先
5591,AVILEN Inc.,870.0,📉 Step2中（調整中）,0.12,✓,✗,✗,✗,✓,✓,✓,✓,✗,✗,-4.2,10.2,50,D,stage=14; position=21; volume=8; shape=0; risk=7,低優先
6177,AppBank Inc.,85.0,📉 Step2中（調整中）,0.03,✓,✗,✗,✓,✓,✓,✓,✓,✗,✗,-15.8,10.6,50,D,stage=14; position=21; volume=8; shape=5; risk=2,低優先
6721,Wintest Corp.,77.0,📉 Step2中（調整中）,0.66,✓,✗,✗,✓,✓,✓,✓,✗,✗,✗,-1.3,10.4,50,D,stage=14; position=16; volume=8; shape=5; risk=7,低優先
2286,"Hayashikane Sangyo Co.,Ltd.",904.0,👀 監視継続,0.5,✓,✗,✓,✓,✓,✓,✗,✓,✓,✗,-12.0,7.5,50,D,stage=4; position=20; volume=8; shape=11; risk=7,低優先
3494,"Mullion Co., Ltd.",456.0,👀 監視継続,0.4,✓,✗,✓,✓,✓,✗,✓,✓,✓,✗,-0.9,7.2,50,D,stage=4; position=20; volume=8; shape=11; risk=7,低優先
3641,"Papyless Co., Ltd.",999.0,👀 監視継続,0.76,✗,✗,✓,✓,✓,✓,✓,✓,✓,✓,0.0,4.8,50,D,stage=4; position=27; volume=0; shape=11; risk=8,低優先
5950,"Japan Power Fastening Co.,Ltd.",151.0,👀 監視継続,0.15,✓,✗,✓,✓,✓,✓,✗,✓,✗,✗,-6.8,4.6,50,D,stage=4; position=17; volume=8; shape=11; risk=10,低優先
6343,Freesia Macross Corporation,147.0,👀 監視継続,0.09,✓,✗,✓,✓,✓,✓,✗,✓,✗,✗,-4.5,3.4,50,D,stage=4; position=17; volume=8; shape=11; risk=10,低優先
7462,CAPITA Inc.,403.0,👀 監視継続,0.58,✓,✗,✓,✓,✓,✗,✓,✓,✓,✗,-1.7,11.2,50,D,stage=4; position=20; volume=8; shape=11; risk=7,低優先
7590,"Takasho Co.,Ltd.",398.0,👀 監視継続,0.42,✓,✗,✓,✓,✓,✓,✗,✓,✗,✗,-5.2,2.0,50,D,stage=4; position=17; volume=8; shape=11; risk=10,低優先
6836,"Plat'Home Co., Ltd.",841.0,📉 Step2中（調整中）,0.03,✓,✗,✗,✓,✓,✓,✓,✓,✗,✗,-2.9,15.6,49,D,stage=14; position=21; volume=8; shape=5; risk=1 | risk: stop width >15%,低優先
7422,"Toho Lamac Co., Ltd.",417.0,📉 Step2中（調整中）,0.4,✓,✗,✗,✓,✓,✓,✓,✓,✗,✗,-3.0,15.8,49,D,stage=14; position=21; volume=8; shape=5; risk=1 | risk: stop width >15%,低優先
8518,"Japan Asia Investment Co., Ltd.",155.0,📉 Step2中（調整中）,0.12,✓,✗,✗,✓,✓,✓,✓,✓,✗,✗,-1.3,19.4,49,D,stage=14; position=21; volume=8; shape=5; risk=1 | risk: stop width >15%,低優先
3423,SE Corporation,272.0,👀 監視継続,0.05,✓,✗,✓,✓,✓,✗,✗,✓,✓,✗,-2.5,0.7,49,D,stage=4; position=16; volume=8; shape=11; risk=10,低優先
3858,Ubiquitous AI Corporation,304.0,👀 監視継続,0.26,✓,✗,✓,✓,✓,✗,✓,✓,✗,✗,-2.6,5.9,49,D,stage=4; position=17; volume=8; shape=11; risk=9,低優先
6059,"UCHIYAMA HOLDINGS Co.,Ltd.",369.0,👀 監視継続,0.29,✗,✗,✓,✓,✓,✓,✓,✓,✓,✓,0.0,7.0,49,D,stage=4; position=27; volume=0; shape=11; risk=7,低優先
7080,"Sportsfield Co., Ltd.",882.0,👀 監視継続,0.51,✗,✗,✓,✓,✓,✓,✓,✓,✓,✓,-3.5,8.5,49,D,stage=4; position=27; volume=0; shape=11; risk=7,低優先
7776,CellSeed Inc.,226.0,👀 監視継続,0.15,✓,✗,✓,✓,✓,✓,✗,✓,✗,✗,-5.4,5.3,49,D,stage=4; position=17; volume=8; shape=11; risk=9,低優先
2195,"Amita Holdings Co.,Ltd.",365.0,📉 Step2中（調整中）,0.33,✓,✗,✓,✓,✗,✓,✓,✓,✗,✗,-15.9,9.6,48,D,stage=14; position=13; volume=8; shape=11; risk=2,低優先
6982,"The Lead Co., Inc.",581.0,📉 Step2中（調整中）,0.09,✓,✗,✗,✗,✓,✓,✓,✗,✗,✗,-1.2,2.1,48,D,stage=14; position=16; volume=8; shape=0; risk=10,低優先
3988,"SYS Holdings Co., Ltd.",559.0,👀 監視継続,2.22,✗,✗,✗,✓,✓,✓,✓,✓,✓,✓,-3.1,5.0,48,D,stage=4; position=27; volume=2; shape=5; risk=10,低優先
7120,SHINKO Inc.,999.0,👀 監視継続,0.14,✓,✗,✓,✓,✓,✓,✗,✗,✓,✗,-2.1,2.9,48,D,stage=4; position=15; volume=8; shape=11; risk=10,低優先
1418,"Interlife Holdings Co., Ltd.",586.0,👀 監視継続,0.24,✓,✗,✗,✓,✓,✓,✗,✓,✓,✗,-2.0,2.6,47,D,stage=4; position=20; volume=8; shape=5; risk=10,低優先
2193,Cookpad Inc.,130.0,👀 監視継続,0.46,✓,✗,✓,✓,✓,✓,✗,✓,✗,✗,-6.5,9.2,47,D,stage=4; position=17; volume=8; shape=11; risk=7,低優先
3160,"Oomitsu Co., Ltd.",579.0,👀 監視継続,0.26,✓,✗,✓,✓,✓,✗,✗,✓,✓,✗,-0.3,0.3,47,D,stage=4; position=16; volume=8; shape=11; risk=8,低優先
3760,"CAVE Interactive CO.,LTD.",710.0,👀 監視継続,0.32,✓,✗,✗,✓,✓,✓,✗,✓,✓,✗,-4.7,4.4,47,D,stage=4; position=20; volume=8; shape=5; risk=10,低優先
3768,Riskmonster.com,559.0,👀 監視継続,0.71,✓,✗,✗,✓,✓,✓,✗,✓,✓,✗,-2.6,2.5,47,D,stage=4; position=20; volume=8; shape=5; risk=10,低優先
3940,"Nomura System Corporation Co, Ltd.",133.0,👀 監視継続,1.34,✗,✗,✓,✓,✓,✓,✓,✓,✓,✓,-1.5,14.3,47,D,stage=4; position=27; volume=0; shape=11; risk=5,低優先
4558,"Chukyoiyakuhin Co.,Ltd.",201.0,👀 監視継続,0.14,✓,✗,✗,✓,✓,✓,✗,✓,✓,✗,-1.0,1.5,47,D,stage=4; position=20; volume=8; shape=5; risk=10,低優先
5491,"Nippon Kinzoku Co., Ltd.",929.0,👀 監視継続,1.85,✗,✗,✗,✓,✓,✓,✓,✓,✓,✓,-3.7,5.7,47,D,stage=4; position=27; volume=2; shape=5; risk=9,低優先
5974,"Chugokukogyo Co.,Ltd.",841.0,👀 監視継続,0.04,✓,✗,✗,✓,✓,✓,✗,✓,✓,✗,-1.9,2.0,47,D,stage=4; position=20; volume=8; shape=5; risk=10,低優先
5997,Kyoritsu Air Tech Inc.,907.0,👀 監視継続,3.7,✗,✓,✗,✓,✓,✓,✗,✓,✓,✗,-5.4,6.3,47,D,stage=4; position=20; volume=9; shape=5; risk=9,低優先
6614,"Shikino High-Tech CO.,LTD.",869.0,👀 監視継続,0.08,✓,✗,✓,✓,✓,✓,✗,✗,✓,✗,-4.9,5.3,47,D,stage=4; position=15; volume=8; shape=11; risk=9,低優先
7150,"The Shimane Bank,Ltd.",521.0,👀 監視継続,0.54,✓,✗,✓,✓,✓,✓,✗,✓,✗,✗,-5.3,8.8,47,D,stage=4; position=17; volume=8; shape=11; risk=7,低優先
7486,"Sanrin Co., Ltd.",805.0,👀 監視継続,0.21,✓,✗,✗,✓,✓,✓,✗,✓,✓,✗,-3.9,4.2,47,D,stage=4; position=20; volume=8; shape=5; risk=10,低優先
7807,"Kowa Co.,Ltd.",855.0,👀 監視継続,0.17,✓,✗,✗,✓,✓,✓,✗,✓,✓,✗,-3.5,2.9,47,D,stage=4; position=20; volume=8; shape=5; risk=10,低優先
7847,Graphite Design Inc.,631.0,👀 監視継続,0.42,✓,✗,✗,✓,✓,✓,✗,✓,✓,✗,-6.9,1.3,47,D,stage=4; position=20; volume=8; shape=5; risk=10,低優先
7980,"Shigematsu Works Co., Ltd.",877.0,👀 監視継続,1.63,✗,✗,✗,✓,✓,✓,✓,✓,✓,✓,-4.3,5.6,47,D,stage=4; position=27; volume=2; shape=5; risk=9,低優先
9929,"Heiwa Paper Co.,Ltd.",473.0,👀 監視継続,0.3,✓,✗,✗,✓,✓,✗,✓,✓,✓,✗,-1.5,2.3,47,D,stage=4; position=20; volume=8; shape=5; risk=10,低優先
3224,"General Oyster, Inc.",699.0,📉 Step2中（調整中）,0.06,✓,✗,✗,✗,✓,✓,✓,✗,✗,✗,-0.1,2.4,46,D,stage=14; position=16; volume=8; shape=0; risk=8,低優先
3461,"Palma Co., Ltd.",620.0,👀 監視継続,0.74,✗,✗,✓,✗,✓,✓,✓,✓,✓,✓,-3.1,5.2,46,D,stage=4; position=27; volume=0; shape=6; risk=9,低優先
3607,"Kuraudia Holdings Co.,Ltd.",361.0,👀 監視継続,1.7,✗,✗,✗,✓,✓,✓,✓,✓,✓,✓,-0.8,3.9,46,D,stage=4; position=27; volume=2; shape=5; risk=8,低優先
4245,"Daiki Axis Co., Ltd.",707.0,👀 監視継続,0.15,✓,✗,✗,✓,✓,✓,✗,✓,✓,✗,-3.0,5.2,46,D,stage=4; position=20; volume=8; shape=5; risk=9,低優先
5973,Toami Corporation,612.0,👀 監視継続,0.52,✓,✗,✗,✓,✓,✓,✗,✓,✓,✗,-2.9,5.2,46,D,stage=4; position=20; volume=8; shape=5; risk=9,低優先
7372,Decollte Holdings Corporation,391.0,👀 監視継続,0.21,✓,✗,✓,✓,✓,✗,✗,✓,✗,✗,-3.9,2.6,46,D,stage=4; position=13; volume=8; shape=11; risk=10,低優先
7443,"Yokohama Gyorui Co., Ltd.",667.0,👀 監視継続,0.51,✗,✗,✗,✓,✓,✓,✓,✓,✓,✓,-2.5,4.9,46,D,stage=4; position=27; volume=0; shape=5; risk=10,低優先
7800,"Amifa Co.,Ltd.",983.0,👀 監視継続,0.07,✓,✗,✗,✓,✓,✓,✗,✓,✓,✗,-6.1,5.2,46,D,stage=4; position=20; volume=8; shape=5; risk=9,低優先
7897,"Hokushin Co., Ltd.",106.0,👀 監視継続,0.3,✓,✗,✗,✓,✓,✓,✗,✓,✓,✗,-3.6,5.7,46,D,stage=4; position=20; volume=8; shape=5; risk=9,低優先
7992,"The Sailor Pen Co., Ltd.",103.0,👀 監視継続,0.08,✓,✗,✓,✓,✓,✗,✗,✓,✗,✗,-4.6,1.9,46,D,stage=4; position=13; volume=8; shape=11; risk=10,低優先
8013,"Naigai Co.,Ltd.",367.0,👀 監視継続,0.04,✓,✗,✗,✓,✓,✗,✓,✓,✓,✗,-1.9,6.3,46,D,stage=4; position=20; volume=8; shape=5; risk=9,低優先
8836,RISE Inc.,27.0,👀 監視継続,0.03,✓,✗,✓,✓,✓,✗,✗,✓,✗,✗,-3.6,3.7,46,D,stage=4; position=13; volume=8; shape=11; risk=10,低優先
9816,Striders Corporation,248.0,👀 監視継続,0.06,✓,✗,✓,✓,✓,✗,✗,✓,✗,✗,-4.6,4.4,46,D,stage=4; position=13; volume=8; shape=11; risk=10,低優先
2373,Care Twentyone Corporation,447.0,👀 監視継続,1.55,✗,✗,✗,✓,✓,✓,✓,✓,✓,✓,-2.2,10.3,45,D,stage=4; position=27; volume=2; shape=5; risk=7,低優先
2984,"Yamaichi Real Estate Co., Ltd",758.0,👀 監視継続,0.43,✗,✗,✓,✓,✓,✓,✗,✓,✓,✗,-2.7,2.4,45,D,stage=4; position=20; volume=0; shape=11; risk=10,低優先
3246,"KOSE R.E. Co.,Ltd.",690.0,👀 監視継続,0.24,✗,✗,✗,✓,✓,✓,✓,✓,✓,✓,-1.1,5.8,45,D,stage=4; position=27; volume=0; shape=5; risk=9,低優先
3909,Showcase Inc.,192.0,👀 監視継続,0.15,✓,✗,✓,✓,✓,✓,✗,✗,✗,✗,-2.0,4.7,45,D,stage=4; position=12; volume=8; shape=11; risk=10,低優先
4429,"Ricksoft Co., Ltd.",748.0,👀 監視継続,0.33,✗,✗,✓,✓,✓,✓,✓,✓,✗,✗,-3.0,7.6,45,D,stage=4; position=21; volume=0; shape=11; risk=9,低優先
4436,"MINKABU THE INFONOID, Inc.",418.0,👀 監視継続,0.26,✓,✗,✓,✓,✓,✓,✗,✗,✗,✗,-2.1,3.1,45,D,stage=4; position=12; volume=8; shape=11; risk=10,低優先
4447,"PBsystems,Inc.",500.0,👀 監視継続,0.82,✗,✗,✗,✓,✓,✓,✓,✓,✓,✓,-2.2,7.4,45,D,stage=4; position=27; volume=0; shape=5; risk=9,低優先
5697,"Sanyu Co., Ltd.",814.0,👀 監視継続,0.06,✓,✗,✓,✗,✓,✓,✗,✓,✓,✗,-2.6,8.4,45,D,stage=4; position=20; volume=8; shape=6; risk=7,低優先
6069,"Trenders, Inc.",670.0,👀 監視継続,0.15,✓,✗,✓,✗,✓,✓,✗,✓,✗,✗,-6.0,3.3,45,D,stage=4; position=17; volume=8; shape=6; risk=10,低優先
6633,Cgs Holdings Inc.,318.0,👀 監視継続,0.48,✓,✗,✓,✓,✓,✓,✗,✗,✗,✗,-1.9,1.3,45,D,stage=4; position=12; volume=8; shape=11; risk=10,低優先
6926,"Okaya Electric Industries Co., Ltd.",191.0,👀 監視継続,0.14,✓,✗,✓,✗,✓,✗,✓,✓,✗,✗,-3.5,3.7,45,D,stage=4; position=17; volume=8; shape=6; risk=10,低優先
7271,Yasunaga Corporation,807.0,👀 監視継続,0.29,✓,✗,✓,✓,✓,✓,✗,✗,✗,✗,-2.7,4.7,45,D,stage=4; position=12; volume=8; shape=11; risk=10,低優先
7624,"Naito & Co., Ltd.",158.0,👀 監視継続,1.44,✗,✗,✓,✓,✓,✓,✓,✓,✓,✓,0.0,13.9,45,D,stage=4; position=27; volume=0; shape=11; risk=3,低優先
7791,"Dreambed Co.,Ltd.",833.0,👀 監視継続,1.02,✗,✗,✗,✓,✓,✓,✓,✓,✓,✓,-1.8,5.2,45,D,stage=4; position=27; volume=0; shape=5; risk=9,低優先
9930,"Kitazawa Sangyo Co., Ltd.",403.0,👀 監視継続,0.69,✓,✗,✓,✗,✓,✗,✓,✓,✓,✗,-3.6,10.7,45,D,stage=4; position=20; volume=8; shape=6; risk=7,低優先
7615,"KYOTO KIMONO YUZEN HOLDINGS Co., Ltd.",98.0,📉 Step2中（調整中）,0.03,✓,✗,✗,✗,✓,✓,✓,✓,✗,✗,-20.3,7.1,44,D,stage=14; position=21; volume=8; shape=0; risk=1 | risk: recent-high drawdown >20%,低優先
142A,"JINJIB Co., Ltd.",829.0,👀 監視継続,0.15,✓,✗,✗,✓,✓,✗,✓,✓,✓,✗,-6.3,10.3,44,D,stage=4; position=20; volume=8; shape=5; risk=7,低優先
1446,"CANDEAL Co.,Ltd",539.0,👀 監視継続,0.21,✓,✗,✗,✓,✓,✓,✗,✓,✗,✗,-1.1,1.5,44,D,stage=4; position=17; volume=8; shape=5; risk=10,低優先
2481,"Townnews-Sha Co.,Ltd.",686.0,👀 監視継続,0.3,✓,✗,✗,✓,✓,✗,✓,✓,✓,✗,-0.9,6.7,44,D,stage=4; position=20; volume=8; shape=5; risk=7,低優先
2666,"AUTOWAVE Co., Ltd.",187.0,👀 監視継続,1.2,✗,✗,✓,✓,✓,✗,✓,✓,✓,✗,-1.1,8.0,44,D,stage=4; position=20; volume=0; shape=11; risk=9,低優先
2687,CVS Bay Area Inc.,491.0,👀 監視継続,0.25,✓,✗,✓,✗,✓,✗,✗,✓,✓,✗,-2.1,1.8,44,D,stage=4; position=16; volume=8; shape=6; risk=10,低優先
3058,Sanyodo Holdings Inc,718.0,👀 監視継続,0.52,✗,✗,✗,✓,✓,✓,✓,✓,✓,✓,-0.1,3.3,44,D,stage=4; position=27; volume=0; shape=5; risk=8,低優先
3571,"Sotoh Co., Ltd.",721.0,👀 監視継続,0.33,✓,✗,✗,✓,✓,✓,✗,✓,✗,✗,-3.5,1.8,44,D,stage=4; position=17; volume=8; shape=5; risk=10,低優先
3896,"Awa Paper & Technological Company, Inc.",411.0,👀 監視継続,0.04,✓,✗,✗,✓,✓,✗,✓,✓,✓,✗,-4.2,10.9,44,D,stage=4; position=20; volume=8; shape=5; risk=7,低優先
3908,Collabos Corporation,355.0,👀 監視継続,0.02,✓,✗,✗,✓,✓,✗,✓,✓,✓,✗,-0.8,5.9,44,D,stage=4; position=20; volume=8; shape=5; risk=7,低優先
4241,atect corporation,650.0,👀 監視継続,0.07,✓,✗,✓,✗,✓,✗,✗,✓,✓,✗,-4.1,4.6,44,D,stage=4; position=16; volume=8; shape=6; risk=10,低優先
4845,"Scala, Inc.",350.0,👀 監視継続,0.74,✗,✗,✓,✓,✓,✓,✗,✓,✓,✗,-3.3,6.6,44,D,stage=4; position=20; volume=0; shape=11; risk=9,低優先
5956,"Toso Company, Limited",581.0,👀 監視継続,0.53,✗,✗,✓,✓,✓,✓,✓,✓,✗,✗,-0.7,2.6,44,D,stage=4; position=21; volume=0; shape=11; risk=8,低優先
6292,"Kawata Mfg. Co., Ltd.",832.0,👀 監視継続,0.15,✓,✗,✓,✗,✓,✗,✗,✓,✓,✗,-3.5,4.1,44,D,stage=4; position=16; volume=8; shape=6; risk=10,低優先
6400,"Fuji Seiki Co.,Ltd.",288.0,👀 監視継続,0.25,✓,✗,✗,✓,✓,✓,✗,✓,✓,✗,-1.7,9.7,44,D,stage=4; position=20; volume=8; shape=5; risk=7,低優先
6557,AIAI Group Corporation,748.0,👀 監視継続,0.16,✓,✗,✗,✓,✓,✓,✗,✓,✗,✗,-6.4,2.7,44,D,stage=4; position=17; volume=8; shape=5; risk=10,低優先
6558,"Cookbiz Co.,Ltd.",670.0,👀 監視継続,0.0,✓,✗,✗,✓,✓,✓,✗,✓,✗,✗,-2.2,4.9,44,D,stage=4; position=17; volume=8; shape=5; risk=10,低優先
7127,"Ikka Holdings Co.,Ltd.",709.0,👀 監視継続,0.85,✗,✗,✗,✓,✓,✓,✓,✓,✓,✓,-0.4,2.5,44,D,stage=4; position=27; volume=0; shape=5; risk=8,低優先
7135,"Japan Craft Holdings Co., Ltd.",181.0,👀 監視継続,0.54,✓,✗,✓,✓,✓,✓,✗,✗,✗,✗,-1.6,5.5,44,D,stage=4; position=12; volume=8; shape=11; risk=9,低優先
7215,"Faltec Co., Ltd.",424.0,👀 監視継続,0.19,✓,✗,✓,✓,✓,✗,✗,✗,✓,✗,-7.8,2.1,44,D,stage=4; position=11; volume=8; shape=11; risk=10,低優先
7604,"Umenohana Group Co.,Ltd.",911.0,👀 監視継続,0.23,✗,✗,✗,✓,✓,✓,✓,✓,✓,✓,-0.2,2.5,44,D,stage=4; position=27; volume=0; shape=5; risk=8,低優先
7707,"Precision System Science Co., Ltd.",210.0,👀 監視継続,0.26,✓,✗,✗,✓,✓,✓,✗,✓,✗,✗,-7.5,4.8,44,D,stage=4; position=17; volume=8; shape=5; risk=10,低優先
7795,"Kyoritsu Co.,Ltd.",215.0,👀 監視継続,0.35,✗,✗,✓,✓,✓,✓,✗,✓,✓,✗,-6.5,5.6,44,D,stage=4; position=20; volume=0; shape=11; risk=9,低優先
9827,"Lilycolor Co., Ltd.",630.0,👀 監視継続,0.27,✓,✗,✗,✓,✓,✓,✗,✓,✗,✗,-3.4,1.4,44,D,stage=4; position=17; volume=8; shape=5; risk=10,低優先
9854,"Aigan Co.,Ltd.",282.0,👀 監視継続,0.09,✓,✗,✗,✓,✓,✓,✗,✓,✓,✗,-5.4,8.5,44,D,stage=4; position=20; volume=8; shape=5; risk=7,低優先
150A,"JSH Co.,Ltd.",790.0,👀 監視継続,1.08,✗,✗,✓,✓,✓,✓,✓,✓,✓,✓,-7.9,42.4,43,D,stage=4; position=27; volume=0; shape=11; risk=1 | risk: stop width >15%,低優先
3169,"Misawa & Co., Ltd.",676.0,👀 監視継続,2.29,✗,✗,✗,✗,✓,✓,✓,✓,✓,✓,-2.3,3.7,43,D,stage=4; position=27; volume=2; shape=0; risk=10,低優先
3358,"Trailhead Global Holdings,Inc.",95.0,👀 監視継続,0.04,✓,✗,✗,✓,✓,✓,✗,✓,✗,✗,-5.9,7.4,43,D,stage=4; position=17; volume=8; shape=5; risk=9,低優先
3750,ADR Biomedical Holdings Inc.,836.0,👀 監視継続,0.62,✗,✗,✗,✓,✓,✓,✓,✓,✓,✓,-2.0,9.2,43,D,stage=4; position=27; volume=0; shape=5; risk=7,低優先
4020,Betrend Corporation,815.0,👀 監視継続,0.4,✓,✗,✓,✗,✓,✗,✓,✓,✓,✗,-4.1,14.0,43,D,stage=4; position=20; volume=8; shape=6; risk=5,低優先
407A,"Unicon Holdings Co., Ltd.",926.0,👀 監視継続,0.2,✓,✗,✗,✓,✓,✗,✓,✓,✗,✗,-4.9,6.9,43,D,stage=4; position=17; volume=8; shape=5; risk=9,低優先
4176,coconala Inc.,277.0,👀 監視継続,0.29,✓,✗,✗,✓,✓,✓,✗,✓,✗,✗,-8.0,7.9,43,D,stage=4; position=17; volume=8; shape=5; risk=9,低優先
4178,Sharing Innovations Inc.,530.0,👀 監視継続,0.64,✗,✗,✓,✓,✓,✓,✓,✓,✗,✗,-6.2,9.4,43,D,stage=4; position=21; volume=0; shape=11; risk=7,低優先
4380,M - mart Inc.,699.0,👀 監視継続,1.52,✗,✗,✗,✓,✓,✓,✓,✓,✓,✓,-4.1,12.7,43,D,stage=4; position=27; volume=2; shape=5; risk=5,低優先
4388,"AI,Inc.",378.0,👀 監視継続,0.56,✗,✗,✓,✓,✓,✓,✓,✓,✗,✗,-0.5,5.8,43,D,stage=4; position=21; volume=0; shape=11; risk=7,低優先
4486,Unite and Grow Inc.,674.0,👀 監視継続,0.6,✓,✗,✗,✓,✓,✓,✗,✓,✗,✗,-4.9,7.3,43,D,stage=4; position=17; volume=8; shape=5; risk=9,低優先
4564,"OncoTherapy Science, Inc.",23.0,👀 監視継続,1.93,✗,✗,✓,✓,✓,✓,✓,✓,✓,✓,0.0,17.4,43,D,stage=4; position=27; volume=2; shape=11; risk=-1 | risk: stop width >15%,低優先
5244,"jig.jp Co., Ltd.",177.0,👀 監視継続,0.4,✓,✗,✗,✓,✓,✓,✗,✓,✗,✗,-5.3,5.1,43,D,stage=4; position=17; volume=8; shape=5; risk=9,低優先
6666,River Eletec Corporation,797.0,👀 監視継続,0.18,✓,✗,✓,✓,✓,✗,✗,✗,✓,✗,-5.5,5.3,43,D,stage=4; position=11; volume=8; shape=11; risk=9,低優先
6863,Nireco Corporation,999.0,👀 監視継続,1.2,✗,✗,✗,✓,✓,✓,✓,✓,✓,✓,-2.4,10.9,43,D,stage=4; position=27; volume=0; shape=5; risk=7,低優先
7060,geechs inc.,584.0,👀 監視継続,0.22,✓,✗,✓,✗,✓,✓,✗,✗,✓,✗,-4.1,2.7,43,D,stage=4; position=15; volume=8; shape=6; risk=10,低優先
9885,"Charle Co.,Ltd.",333.0,👀 監視継続,0.06,✓,✗,✓,✓,✓,✓,✗,✗,✗,✗,-0.9,1.8,43,D,stage=4; position=12; volume=8; shape=11; risk=8,低優先
330A,TalentX Inc.,550.0,📉 Step2中（調整中）,0.09,✓,✗,✗,✗,✓,✓,✓,✓,✗,✗,-8.8,15.1,42,D,stage=14; position=21; volume=8; shape=0; risk=-1 | risk: stop width >15%,低優先
2215,"First Baking Co., Ltd.",616.0,👀 監視継続,0.16,✓,✗,✗,✗,✓,✗,✓,✓,✓,✗,-2.2,2.8,42,D,stage=4; position=20; volume=8; shape=0; risk=10,低優先
2408,"KG Intelligence CO., LTD.",820.0,👀 監視継続,0.04,✓,✗,✗,✓,✓,✓,✗,✗,✓,✗,-5.1,2.0,42,D,stage=4; position=15; volume=8; shape=5; risk=10,低優先
2722,"IK HOLDINGS Co.,Ltd.",362.0,👀 監視継続,0.09,✓,✗,✗,✓,✓,✗,✓,✓,✗,✗,-0.3,1.7,42,D,stage=4; position=17; volume=8; shape=5; risk=8,低優先
3059,"Hiraki Co.,Ltd.",710.0,👀 監視継続,0.27,✓,✗,✗,✓,✓,✗,✓,✓,✗,✗,-0.6,0.4,42,D,stage=4; position=17; volume=8; shape=5; risk=8,低優先
331A,Medix Inc.,487.0,👀 監視継続,0.11,✓,✗,✗,✓,✓,✓,✗,✗,✓,✗,-1.6,1.4,42,D,stage=4; position=15; volume=8; shape=5; risk=10,低優先
3802,"Ecomic Co., Ltd",502.0,👀 監視継続,0.23,✓,✗,✗,✗,✓,✗,✓,✓,✓,✗,-1.2,3.4,42,D,stage=4; position=20; volume=8; shape=0; risk=10,低優先
4019,"Stmn, Inc.",630.0,👀 監視継続,0.47,✓,✗,✗,✓,✓,✓,✗,✓,✗,✗,-9.5,4.9,42,D,stage=4; position=17; volume=8; shape=5; risk=8,低優先
4397,TeamSpirit Inc.,401.0,👀 監視継続,0.26,✓,✗,✗,✓,✓,✓,✗,✓,✗,✗,-8.7,4.5,42,D,stage=4; position=17; volume=8; shape=5; risk=8,低優先
4678,"SHUEI YOBIKO Co., Ltd.",330.0,👀 監視継続,0.51,✓,✗,✗,✗,✓,✗,✓,✓,✓,✗,-1.5,4.2,42,D,stage=4; position=20; volume=8; shape=0; risk=10,低優先
6218,ENSHU Limited,648.0,👀 監視継続,0.34,✓,✗,✗,✗,✓,✗,✓,✓,✓,✗,-2.7,3.4,42,D,stage=4; position=20; volume=8; shape=0; risk=10,低優先
6325,"Takakita Co., Ltd.",417.0,👀 監視継続,0.24,✓,✗,✗,✗,✓,✗,✓,✓,✓,✗,-1.2,3.6,42,D,stage=4; position=20; volume=8; shape=0; risk=10,低優先
6555,"MS&Consulting Co., Ltd.",428.0,👀 監視継続,0.09,✓,✗,✗,✗,✓,✗,✓,✓,✓,✗,-1.6,2.8,42,D,stage=4; position=20; volume=8; shape=0; risk=10,低優先
6579,"logly,Inc.",352.0,👀 監視継続,0.02,✓,✗,✗,✗,✓,✗,✓,✓,✓,✗,-1.9,4.3,42,D,stage=4; position=20; volume=8; shape=0; risk=10,低優先
7399,"Nansin Co., Ltd.",613.0,👀 監視継続,0.48,✓,✗,✗,✗,✓,✗,✓,✓,✓,✗,-2.7,3.3,42,D,stage=4; position=20; volume=8; shape=0; risk=10,低優先
7494,"Konaka Co.,Ltd.",243.0,👀 監視継続,0.61,✓,✗,✗,✗,✓,✗,✓,✓,✓,✗,-2.8,3.7,42,D,stage=4; position=20; volume=8; shape=0; risk=10,低優先
9326,"Kantsu HD Co.,Ltd.",477.0,👀 監視継続,0.08,✓,✗,✗,✗,✓,✓,✗,✓,✓,✗,-5.0,2.1,42,D,stage=4; position=20; volume=8; shape=0; risk=10,低優先
1443,"Giken Holdings Co., Ltd.",273.0,👀 監視継続,0.1,✓,✗,✗,✓,✓,✓,✗,✓,✗,✗,-5.5,9.2,41,D,stage=4; position=17; volume=8; shape=5; risk=7,低優先
2055,"Nichiwa Sangyo Co., Ltd.",344.0,👀 監視継続,0.37,✓,✗,✓,✗,✓,✗,✗,✓,✗,✗,-3.9,3.5,41,D,stage=4; position=13; volume=8; shape=6; risk=10,低優先
2385,Soiken Holdings Inc.,213.0,👀 監視継続,0.15,✓,✗,✓,✓,✓,✗,✗,✗,✗,✗,-5.8,0.9,41,D,stage=4; position=8; volume=8; shape=11; risk=10,低優先
2721,J-Holdings Corp.,105.0,👀 監視継続,0.31,✓,✗,✓,✓,✓,✗,✗,✗,✗,✗,-7.9,2.9,41,D,stage=4; position=8; volume=8; shape=11; risk=10,低優先
3416,PIXTA Inc.,902.0,👀 監視継続,0.07,✓,✗,✗,✗,✓,✗,✓,✓,✓,✗,-3.5,7.6,41,D,stage=4; position=20; volume=8; shape=0; risk=9,低優先
3521,"Thermae-Yu Holdings Co., Ltd.",156.0,👀 監視継続,0.25,✓,✗,✓,✗,✓,✗,✗,✓,✗,✗,-1.3,2.6,41,D,stage=4; position=13; volume=8; shape=6; risk=10,低優先
3848,"Data Applications Company, Limited",833.0,👀 監視継続,0.29,✓,✗,✓,✗,✓,✗,✗,✓,✗,✗,-3.1,2.3,41,D,stage=4; position=13; volume=8; shape=6; risk=10,低優先
387A,"Fuller, Inc.",915.0,👀 監視継続,0.06,✓,✗,✓,✓,✓,✗,✗,✗,✗,✗,-4.2,0.9,41,D,stage=4; position=8; volume=8; shape=11; risk=10,低優先
3998,"SuRaLa Net Co.,Ltd.",291.0,👀 監視継続,0.17,✓,✗,✓,✓,✓,✗,✗,✗,✗,✗,-4.0,1.4,41,D,stage=4; position=8; volume=8; shape=11; risk=10,低優先
4288,"Asgent, Inc.",464.0,👀 監視継続,0.09,✓,✗,✗,✓,✓,✓,✗,✓,✗,✗,-4.3,10.3,41,D,stage=4; position=17; volume=8; shape=5; risk=7,低優先
4625,"Atomix Co.,Ltd.",867.0,👀 監視継続,1.04,✗,✗,✗,✓,✓,✓,✓,✓,✓,✓,-3.5,13.7,41,D,stage=4; position=27; volume=0; shape=5; risk=5,低優先
478A,Hutzper Inc.,781.0,👀 監視継続,0.2,✓,✗,✗,✓,✓,✓,✗,✓,✗,✗,-6.7,10.2,41,D,stage=4; position=17; volume=8; shape=5; risk=7,低優先
5138,"Rebase, Inc.",460.0,👀 監視継続,0.02,✓,✗,✗,✓,✓,✗,✓,✓,✗,✗,-4.6,9.6,41,D,stage=4; position=17; volume=8; shape=5; risk=7,低優先
5255,Monstarlab Inc.,88.0,👀 監視継続,0.1,✓,✗,✗,✓,✓,✓,✗,✓,✗,✗,-10.2,5.7,41,D,stage=4; position=17; volume=8; shape=5; risk=7,低優先
6195,"Hope, Inc.",201.0,👀 監視継続,0.41,✓,✗,✓,✓,✓,✗,✗,✗,✗,✗,-2.0,1.5,41,D,stage=4; position=8; volume=8; shape=11; risk=10,低優先
6548,Tabikobo Co. Ltd.,128.0,👀 監視継続,0.26,✗,✗,✓,✓,✓,✓,✓,✓,✓,✓,-14.1,19.5,41,D,stage=4; position=27; volume=0; shape=11; risk=-1 | risk: stop width >15%,低優先
6771,"Ikegami Tsushinki Co., Ltd.",661.0,👀 監視継続,0.12,✓,✗,✓,✗,✓,✗,✗,✓,✗,✗,-4.3,3.3,41,D,stage=4; position=13; volume=8; shape=6; risk=10,低優先
7162,"ASTMAX Co., Ltd.",291.0,👀 監視継続,0.04,✓,✗,✓,✗,✓,✗,✓,✓,✓,✗,-11.3,14.4,41,D,stage=4; position=20; volume=8; shape=6; risk=3,低優先
7427,"Echo Trading Co., Ltd.",821.0,👀 監視継続,0.65,✓,✗,✓,✗,✓,✗,✗,✓,✗,✗,-2.7,3.0,41,D,stage=4; position=13; volume=8; shape=6; risk=10,低優先
7567,Sakae Electronics Corporation,602.0,👀 監視継続,0.45,✓,✗,✓,✗,✓,✗,✗,✓,✓,✗,-3.8,11.5,41,D,stage=4; position=16; volume=8; shape=6; risk=7,低優先
7782,"Sincere Co., LTD.",488.0,👀 監視継続,0.47,✓,✗,✗,✗,✓,✗,✓,✓,✓,✗,-1.6,6.4,41,D,stage=4; position=20; volume=8; shape=0; risk=9,低優先
7831,Wellco Holdings Corporation,66.0,👀 監視継続,0.1,✓,✗,✓,✓,✓,✗,✗,✗,✗,✗,-5.7,1.5,41,D,stage=4; position=8; volume=8; shape=11; risk=10,低優先
8742,"Kobayashi Yoko Co., Ltd.",619.0,👀 監視継続,0.43,✗,✗,✗,✓,✓,✓,✓,✓,✓,✓,-4.6,12.9,41,D,stage=4; position=27; volume=0; shape=5; risk=5,低優先
9478,"SE Holdings and Incubations Co., Ltd.",518.0,👀 監視継続,0.08,✓,✗,✗,✗,✓,✓,✗,✓,✓,✗,-6.7,6.4,41,D,stage=4; position=20; volume=8; shape=0; risk=9,低優先
9904,"Verite Co., Ltd.",241.0,👀 監視継続,0.17,✓,✗,✓,✗,✓,✗,✗,✓,✗,✗,-5.5,2.1,41,D,stage=4; position=13; volume=8; shape=6; risk=10,低優先
220A,Faber Company Inc.,959.0,👀 監視継続,0.08,✗,✗,✗,✓,✓,✓,✓,✓,✗,✗,-2.8,4.8,40,D,stage=4; position=21; volume=0; shape=5; risk=10,低優先
2304,"CSS Holdings,Ltd.",906.0,👀 監視継続,0.47,✓,✗,✓,✗,✓,✓,✗,✗,✗,✗,-2.5,1.5,40,D,stage=4; position=12; volume=8; shape=6; risk=10,低優先
2796,Pharmarise Holdings Corporation,505.0,👀 監視継続,0.37,✓,✗,✗,✗,✓,✗,✓,✓,✓,✗,-0.6,3.0,40,D,stage=4; position=20; volume=8; shape=0; risk=8,低優先
3069,JFLA Holdings Inc.,166.0,👀 監視継続,0.61,✗,✗,✓,✓,✓,✗,✗,✓,✓,✗,-2.4,6.6,40,D,stage=4; position=16; volume=0; shape=11; risk=9,低優先
3474,"G-Factory Co.,Ltd.",596.0,👀 監視継続,0.62,✗,✗,✓,✗,✓,✗,✓,✓,✓,✗,-2.3,3.5,40,D,stage=4; position=20; volume=0; shape=6; risk=10,低優先
3826,System Integrator Corp.,495.0,👀 監視継続,0.55,✓,✗,✗,✓,✓,✗,✗,✓,✓,✗,-1.6,9.5,40,D,stage=4; position=16; volume=8; shape=5; risk=7,低優先
3920,"Internetworking and Broadband Consulting Co.,Ltd.",998.0,👀 監視継続,0.02,✓,✗,✗,✗,✓,✗,✓,✓,✓,✗,-0.7,2.9,40,D,stage=4; position=20; volume=8; shape=0; risk=8,低優先
4308,J-Stream Inc.,354.0,👀 監視継続,0.13,✓,✗,✗,✓,✓,✗,✗,✓,✗,✗,-3.0,0.8,40,D,stage=4; position=13; volume=8; shape=5; risk=10,低優先
6074,JSS Corporation,515.0,👀 監視継続,0.08,✓,✗,✗,✓,✓,✗,✗,✓,✗,✗,-1.2,1.2,40,D,stage=4; position=13; volume=8; shape=5; risk=10,低優先
6347,"Placo Co., Ltd.",246.0,👀 監視継続,0.03,✓,✗,✓,✗,✓,✓,✗,✗,✗,✗,-7.9,2.0,40,D,stage=4; position=12; volume=8; shape=6; risk=10,低優先
6537,"Washhouse Co.,Ltd.",295.0,👀 監視継続,0.04,✓,✗,✓,✗,✓,✓,✗,✗,✗,✗,-4.2,2.4,40,D,stage=4; position=12; volume=8; shape=6; risk=10,低優先
6819,"Izu Shaboten Resort Co.,Ltd",478.0,👀 監視継続,0.27,✓,✗,✗,✗,✓,✗,✓,✓,✓,✗,-0.8,1.0,40,D,stage=4; position=20; volume=8; shape=0; risk=8,低優先
8617,"The Kosei Securities Co., Ltd.",607.0,👀 監視継続,0.49,✓,✗,✗,✓,✓,✗,✗,✓,✓,✗,-6.8,9.7,40,D,stage=4; position=16; volume=8; shape=5; risk=7,低優先
177A,"Kohjin Bio Co., Ltd.",836.0,👀 監視継続,0.1,✓,✗,✗,✓,✓,✓,✗,✗,✗,✗,-4.7,1.2,39,D,stage=4; position=12; volume=8; shape=5; risk=10,低優先
206A,"PRISM BioLab Co.,LTD",161.0,👀 監視継続,0.42,✓,✗,✓,✗,✓,✗,✗,✓,✗,✗,-12.0,3.7,39,D,stage=4; position=13; volume=8; shape=6; risk=8,低優先
2351,ASJ Inc.,334.0,👀 監視継続,0.21,✓,✗,✗,✓,✓,✗,✓,✓,✗,✗,-9.7,8.4,39,D,stage=4; position=17; volume=8; shape=5; risk=5,低優先
2438,"Asukanet Co., Ltd.",341.0,👀 監視継続,0.43,✗,✗,✓,✓,✓,✓,✗,✓,✗,✗,-8.1,5.3,39,D,stage=4; position=17; volume=0; shape=11; risk=7,低優先
2454,"All About, Inc.",351.0,👀 監視継続,0.53,✓,✗,✗,✗,✓,✗,✓,✓,✗,✗,-2.2,3.4,39,D,stage=4; position=17; volume=8; shape=0; risk=10,低優先
2464,"Aoba-BBT, Inc.",366.0,👀 監視継続,0.12,✓,✗,✗,✗,✓,✗,✓,✓,✓,✗,-4.2,10.7,39,D,stage=4; position=20; volume=8; shape=0; risk=7,低優先
2673,"YUMEMITSUKETAI Co.,Ltd.",106.0,👀 監視継続,0.04,✓,✗,✓,✗,✓,✗,✗,✓,✗,✗,-13.1,3.8,39,D,stage=4; position=13; volume=8; shape=6; risk=8,低優先
2926,"Shinozakiya, Inc.",123.0,👀 監視継続,0.21,✓,✗,✓,✗,✓,✗,✗,✓,✓,✗,-10.2,8.9,39,D,stage=4; position=16; volume=8; shape=6; risk=5,低優先
3035,ktk Inc.,756.0,👀 監視継続,0.16,✓,✗,✓,✗,✓,✗,✗,✗,✓,✗,-3.7,2.9,39,D,stage=4; position=11; volume=8; shape=6; risk=10,低優先
3113,UNIVA Oak Holdings Limited,82.0,👀 監視継続,0.1,✓,✗,✗,✗,✓,✗,✓,✓,✓,✗,-7.9,11.0,39,D,stage=4; position=20; volume=8; shape=0; risk=7,低優先
323A,Flier Inc.,372.0,👀 監視継続,0.16,✓,✗,✓,✓,✓,✓,✗,✗,✗,✗,-15.3,6.5,39,D,stage=4; position=12; volume=8; shape=11; risk=4,低優先
324A,"Booking Resort Co., Ltd.",712.0,👀 監視継続,0.28,✓,✗,✗,✓,✓,✓,✗,✗,✗,✗,-7.2,2.0,39,D,stage=4; position=12; volume=8; shape=5; risk=10,低優先
339A,"Progress Technologies Group, Inc.",909.0,👀 監視継続,0.38,✓,✗,✗,✓,✓,✓,✗,✗,✗,✗,-5.2,4.7,39,D,stage=4; position=12; volume=8; shape=5; risk=10,低優先
3598,"Yamaki Co.,Ltd.",166.0,👀 監視継続,0.53,✗,✗,✗,✓,✓,✗,✓,✓,✓,✗,-2.4,3.6,39,D,stage=4; position=20; volume=0; shape=5; risk=10,低優先
3624,Axel Mark Inc.,96.0,👀 監視継続,2.42,✗,✗,✗,✓,✓,✓,✓,✓,✓,✓,-4.0,31.2,39,D,stage=4; position=27; volume=2; shape=5; risk=1 | risk: stop width >15%,低優先
3779,"J Escom Holdings,Inc.",129.0,👀 監視継続,0.02,✓,✗,✗,✓,✓,✓,✗,✗,✗,✗,-3.7,1.6,39,D,stage=4; position=12; volume=8; shape=5; risk=10,低優先
3904,KAYAC Inc.,423.0,👀 監視継続,0.35,✓,✗,✗,✗,✓,✓,✗,✓,✗,✗,-3.6,4.0,39,D,stage=4; position=17; volume=8; shape=0; risk=10,低優先
3929,"Socialwire Co., Ltd.",243.0,👀 監視継続,0.28,✓,✗,✓,✓,✓,✓,✗,✗,✗,✗,-15.6,6.6,39,D,stage=4; position=12; volume=8; shape=11; risk=4,低優先
3986,"bBreak Systems Company, Limited",473.0,👀 監視継続,0.12,✓,✗,✗,✓,✓,✓,✗,✗,✗,✗,-3.1,0.8,39,D,stage=4; position=12; volume=8; shape=5; risk=10,低優先
4015,Paycloud Holdings Inc.,518.0,👀 監視継続,0.23,✓,✗,✗,✓,✓,✓,✗,✗,✓,✗,-9.0,5.4,39,D,stage=4; position=15; volume=8; shape=5; risk=7,低優先
4054,"Japan PropTech Co.,Ltd.",520.0,👀 監視継続,0.2,✓,✗,✗,✓,✓,✓,✗,✗,✗,✗,-2.6,1.9,39,D,stage=4; position=12; volume=8; shape=5; risk=10,低優先
4059,"Magmag, Inc.",396.0,👀 監視継続,0.01,✓,✗,✗,✓,✓,✓,✗,✗,✗,✗,-6.2,2.0,39,D,stage=4; position=12; volume=8; shape=5; risk=10,低優先
4240,"Cluster Technology Co.,Ltd.",316.0,👀 監視継続,0.14,✓,✗,✗,✓,✓,✓,✗,✗,✗,✗,-6.0,4.4,39,D,stage=4; position=12; volume=8; shape=5; risk=10,低優先
4421,"D. I. System Co., Ltd.",951.0,👀 監視継続,1.16,✗,✗,✗,✗,✓,✓,✓,✓,✓,✓,-0.6,4.1,39,D,stage=4; position=27; volume=0; shape=0; risk=8,低優先
4531,"Yuki Gosei Kogyo Co., Ltd.",353.0,👀 監視継続,0.07,✓,✗,✗,✓,✓,✓,✗,✗,✗,✗,-5.6,3.4,39,D,stage=4; position=12; volume=8; shape=5; risk=10,低優先
4586,"MedRx Co., Ltd",61.0,👀 監視継続,0.19,✓,✗,✗,✓,✓,✓,✗,✓,✗,✗,-10.3,8.2,39,D,stage=4; position=17; volume=8; shape=5; risk=5,低優先
5028,"SecondXight Analytica, Inc.",359.0,👀 監視継続,0.08,✓,✗,✗,✓,✓,✓,✗,✗,✗,✗,-3.8,4.2,39,D,stage=4; position=12; volume=8; shape=5; risk=10,低優先
5355,"Nippon Crucible Co., Ltd.",660.0,👀 監視継続,0.34,✓,✗,✓,✗,✓,✗,✗,✗,✓,✗,-2.4,0.6,39,D,stage=4; position=11; volume=8; shape=6; risk=10,低優先
5609,Nippon Chuzo K. K.,906.0,👀 監視継続,0.26,✓,✗,✓,✗,✓,✗,✗,✗,✓,✗,-2.7,0.1,39,D,stage=4; position=11; volume=8; shape=6; risk=10,低優先
5940,"Fujisash Co.,Ltd.",748.0,👀 監視継続,0.28,✓,✗,✗,✗,✓,✓,✗,✓,✗,✗,-3.6,3.2,39,D,stage=4; position=17; volume=8; shape=0; risk=10,低優先
6228,"J.E.T. Co., Ltd.",517.0,👀 監視継続,0.09,✓,✗,✓,✗,✓,✗,✓,✗,✗,✗,-6.0,7.4,39,D,stage=4; position=12; volume=8; shape=6; risk=9,低優先
7041,"CRG Holdings Co.,Ltd.",343.0,👀 監視継続,3.07,✗,✓,✗,✗,✓,✗,✗,✓,✓,✗,-4.7,5.0,39,D,stage=4; position=16; volume=9; shape=0; risk=10,低優先
7879,Noda Corporation,670.0,👀 監視継続,0.62,✗,✗,✗,✓,✓,✗,✓,✓,✓,✗,-2.2,4.0,39,D,stage=4; position=20; volume=0; shape=5; risk=10,低優先
7919,"Nozaki Insatsu Shigyo Co., Ltd.",226.0,👀 監視継続,0.13,✓,✗,✗,✗,✓,✗,✓,✓,✓,✗,-2.2,11.1,39,D,stage=4; position=20; volume=8; shape=0; risk=7,低優先
8119,Sanyei Corporation,791.0,👀 監視継続,0.04,✓,✗,✗,✗,✓,✗,✓,✓,✗,✗,-1.1,3.8,39,D,stage=4; position=17; volume=8; shape=0; risk=10,低優先
8226,Rikei Corporation,382.0,👀 監視継続,0.4,✓,✗,✗,✓,✓,✓,✗,✗,✗,✗,-6.4,3.4,39,D,stage=4; position=12; volume=8; shape=5; risk=10,低優先
9327,"e-LogiT co.,ltd.",188.0,👀 監視継続,0.08,✓,✗,✗,✓,✓,✓,✗,✗,✗,✗,-4.6,4.3,39,D,stage=4; position=12; volume=8; shape=5; risk=10,低優先
9345,"Bizmates, Inc.",593.0,👀 監視継続,0.14,✓,✗,✗,✗,✓,✓,✗,✓,✗,✗,-2.6,1.2,39,D,stage=4; position=17; volume=8; shape=0; risk=10,低優先
137A,"Cocolive, Inc.",722.0,👀 監視継続,0.04,✓,✗,✗,✗,✓,✗,✓,✓,✗,✗,-2.6,5.3,38,D,stage=4; position=17; volume=8; shape=0; risk=9,低優先
157A,Green Monster Inc.,747.0,👀 監視継続,0.04,✓,✗,✗,✓,✓,✓,✗,✗,✗,✗,-4.2,5.6,38,D,stage=4; position=12; volume=8; shape=5; risk=9,低優先
1724,Synclayer Inc.,710.0,👀 監視継続,0.11,✓,✗,✗,✗,✓,✗,✗,✓,✓,✗,-2.1,3.5,38,D,stage=4; position=16; volume=8; shape=0; risk=10,低優先
198A,PostPrime Inc.,161.0,👀 監視継続,0.01,✓,✗,✓,✗,✓,✗,✗,✓,✗,✗,-14.4,6.2,38,D,stage=4; position=13; volume=8; shape=6; risk=7,低優先
2139,"Chuco Co., Ltd.",519.0,👀 監視継続,0.13,✓,✗,✗,✗,✓,✗,✗,✓,✓,✗,-2.1,1.7,38,D,stage=4; position=16; volume=8; shape=0; risk=10,低優先
2179,"Seigakusha Co.,Ltd.",819.0,👀 監視継続,0.49,✓,✗,✗,✗,✓,✗,✗,✓,✓,✗,-7.8,1.5,38,D,stage=4; position=16; volume=8; shape=0; risk=10,低優先
241A,"ROXX,inc.",419.0,👀 監視継続,0.04,✓,✗,✗,✓,✓,✓,✗,✗,✗,✗,-4.3,6.9,38,D,stage=4; position=12; volume=8; shape=5; risk=9,低優先
2499,"Nihonwasou Holdings, Inc.",304.0,👀 監視継続,1.06,✓,✗,✗,✗,✓,✗,✓,✓,✗,✗,-1.9,6.6,38,D,stage=4; position=17; volume=8; shape=0; risk=9,低優先
2789,"Karula Co.,LTD.",475.0,👀 監視継続,0.11,✓,✗,✗,✗,✓,✗,✗,✓,✓,✗,-1.2,0.2,38,D,stage=4; position=16; volume=8; shape=0; risk=10,低優先
2916,"Semba Tohka Industries Co., Ltd",732.0,👀 監視継続,0.66,✓,✗,✗,✓,✓,✗,✗,✗,✓,✗,-2.3,1.9,38,D,stage=4; position=11; volume=8; shape=5; risk=10,低優先
3261,"GRANDES, Inc.",420.0,👀 監視継続,0.1,✓,✗,✗,✗,✓,✗,✓,✓,✗,✗,-2.1,6.4,38,D,stage=4; position=17; volume=8; shape=0; risk=9,低優先
3359,"cotta CO.,LTD",520.0,👀 監視継続,0.54,✓,✗,✗,✗,✓,✗,✗,✓,✓,✗,-2.3,2.3,38,D,stage=4; position=16; volume=8; shape=0; risk=10,低優先
3719,"AI storm Co., Ltd.",117.0,👀 監視継続,0.14,✓,✗,✗,✓,✓,✓,✗,✗,✗,✗,-6.4,6.8,38,D,stage=4; position=12; volume=8; shape=5; risk=9,低優先
3911,Aiming Inc.,178.0,👀 監視継続,0.14,✓,✗,✗,✓,✓,✓,✗,✗,✗,✗,-4.3,5.6,38,D,stage=4; position=12; volume=8; shape=5; risk=9,低優先
3953,"Ohmura Shigyo Co.,Ltd.",779.0,👀 監視継続,0.15,✓,✗,✗,✗,✓,✗,✗,✓,✓,✗,-3.2,1.0,38,D,stage=4; position=16; volume=8; shape=0; risk=10,低優先
3974,SCAT Inc.,667.0,👀 監視継続,0.69,✓,✗,✗,✗,✓,✗,✗,✓,✓,✗,-1.2,2.1,38,D,stage=4; position=16; volume=8; shape=0; risk=10,低優先
4442,"Valtes Holdings Co.,Ltd.",402.0,👀 監視継続,0.96,✗,✗,✓,✓,✓,✗,✗,✓,✗,✗,-3.4,3.5,38,D,stage=4; position=13; volume=0; shape=11; risk=10,低優先
5025,MERCURY Inc.,594.0,👀 監視継続,0.12,✓,✗,✗,✗,✓,✗,✓,✓,✗,✗,-1.8,6.4,38,D,stage=4; position=17; volume=8; shape=0; risk=9,低優先
5616,"Ame Kaze Taiyo, Inc.",649.0,👀 監視継続,0.21,✓,✗,✗,✗,✓,✗,✓,✓,✗,✗,-2.6,5.5,38,D,stage=4; position=17; volume=8; shape=0; risk=9,低優先
6334,"Meiji Machine Co., Ltd.",481.0,👀 監視継続,0.02,✓,✗,✗,✗,✓,✗,✗,✓,✓,✗,-7.5,1.2,38,D,stage=4; position=16; volume=8; shape=0; risk=10,低優先
7031,Inbound Tech Inc.,675.0,👀 監視継続,0.05,✓,✗,✗,✓,✓,✗,✗,✗,✓,✗,-6.9,3.6,38,D,stage=4; position=11; volume=8; shape=5; risk=10,低優先
7527,SystemSoft Corporation,50.0,👀 監視継続,0.48,✓,✗,✓,✗,✓,✗,✗,✓,✗,✗,-9.1,8.0,38,D,stage=4; position=13; volume=8; shape=6; risk=7,低優先
9446,"SAKAI Holdings CO.,LTD",687.0,👀 監視継続,0.06,✓,✗,✗,✗,✓,✗,✗,✓,✓,✗,-3.0,3.8,38,D,stage=4; position=16; volume=8; shape=0; risk=10,低優先
9812,"T.O. Holdings CO.,LTD.",242.0,👀 監視継続,0.16,✓,✗,✗,✗,✓,✓,✗,✓,✗,✗,-5.1,5.8,38,D,stage=4; position=17; volume=8; shape=0; risk=9,低優先
9872,"Kitakei Co., Ltd.",946.0,👀 監視継続,0.09,✓,✗,✗,✗,✓,✗,✗,✓,✓,✗,-2.2,0.8,38,D,stage=4; position=16; volume=8; shape=0; risk=10,低優先
2425,"Care Service Co.,Ltd.",675.0,👀 監視継続,0.79,✗,✗,✗,✓,✓,✓,✓,✓,✗,✗,-0.7,5.2,37,D,stage=4; position=21; volume=0; shape=5; risk=7,低優先
2440,"Gurunavi, Inc.",123.0,👀 監視継続,0.42,✓,✗,✗,✓,✓,✓,✗,✗,✗,✗,-8.9,4.9,37,D,stage=4; position=12; volume=8; shape=5; risk=8,低優先
2735,"Watts Co., Ltd.",715.0,👀 監視継続,1.23,✗,✗,✓,✗,✓,✗,✓,✓,✓,✗,-4.4,8.6,37,D,stage=4; position=20; volume=0; shape=6; risk=7,低優先
3204,Toabo Corporation,500.0,👀 監視継続,0.12,✓,✗,✗,✗,✓,✗,✓,✗,✓,✗,-1.4,4.0,37,D,stage=4; position=15; volume=8; shape=0; risk=10,低優先
3840,VIXTON Corporation,61.0,👀 監視継続,0.2,✓,✗,✓,✗,✗,✗,✓,✓,✓,✗,-4.7,9.8,37,D,stage=4; position=12; volume=8; shape=6; risk=7,低優先
3910,MKSystem Corporation,284.0,👀 監視継続,0.58,✗,✗,✓,✗,✓,✗,✓,✓,✗,✗,-2.1,4.6,37,D,stage=4; position=17; volume=0; shape=6; risk=10,低優先
4237,Fujipream Corporation,337.0,👀 監視継続,0.04,✓,✗,✗,✗,✓,✓,✗,✓,✗,✗,-8.9,3.3,37,D,stage=4; position=17; volume=8; shape=0; risk=8,低優先
5587,Inbound Platform Corp.,790.0,👀 監視継続,3.74,✗,✓,✓,✗,✓,✗,✗,✗,✗,✗,-6.9,2.9,37,D,stage=4; position=8; volume=9; shape=6; risk=10,低優先
6573,CRAVIA Inc.,28.0,👀 監視継続,0.09,✓,✗,✗,✓,✓,✓,✗,✓,✗,✗,-9.7,14.3,37,D,stage=4; position=17; volume=8; shape=5; risk=3,低優先
6635,"Di-Nikko Engineering Co., Ltd.",675.0,👀 監視継続,0.68,✗,✗,✗,✓,✓,✓,✓,✗,✓,✗,-1.0,6.8,37,D,stage=4; position=19; volume=0; shape=5; risk=9,低優先
6694,Zoom Corporation,847.0,👀 監視継続,0.5,✗,✗,✗,✓,✓,✓,✓,✓,✓,✓,-1.9,24.8,37,D,stage=4; position=27; volume=0; shape=5; risk=1 | risk: stop width >15%,低優先
7048,VELTRA Corporation,162.0,👀 監視継続,0.41,✗,✗,✗,✓,✓,✓,✓,✓,✗,✗,-1.8,11.1,37,D,stage=4; position=21; volume=0; shape=5; risk=7,低優先
7093,"adish Co., Ltd.",580.0,👀 監視継続,0.06,✓,✗,✗,✗,✓,✗,✗,✓,✓,✗,-6.0,7.8,37,D,stage=4; position=16; volume=8; shape=0; risk=9,低優先
7813,"Platz Co., Ltd.",915.0,👀 監視継続,0.19,✓,✗,✗,✗,✓,✗,✓,✓,✓,✗,-3.3,12.5,37,D,stage=4; position=20; volume=8; shape=0; risk=5,低優先
7928,"Asahi Kagaku Kogyo Co.,Ltd.",614.0,👀 監視継続,0.28,✓,✗,✗,✗,✓,✓,✗,✗,✓,✗,-6.5,0.7,37,D,stage=4; position=15; volume=8; shape=0; risk=10,低優先
8769,"Advantage Risk Management Co., Ltd.",520.0,👀 監視継続,0.93,✗,✗,✗,✓,✓,✓,✓,✓,✗,✗,0.0,6.9,37,D,stage=4; position=21; volume=0; shape=5; risk=7,低優先
9271,"Wagokoro Co., Ltd.",936.0,👀 監視継続,0.07,✓,✗,✗,✓,✓,✓,✗,✗,✗,✗,-8.7,3.3,37,D,stage=4; position=12; volume=8; shape=5; risk=8,低優先
9421,NJ Holdings Inc.,516.0,👀 監視継続,0.15,✓,✗,✗,✓,✓,✗,✓,✗,✗,✗,-0.4,3.5,37,D,stage=4; position=12; volume=8; shape=5; risk=8,低優先
9969,"Shokubun Co., Ltd.",236.0,👀 監視継続,0.39,✓,✗,✗,✗,✓,✗,✓,✓,✗,✗,-0.8,1.7,37,D,stage=4; position=17; volume=8; shape=0; risk=8,低優先
1420,Sanyo Homes Corporation,630.0,👀 監視継続,0.17,✓,✗,✓,✗,✓,✗,✗,✗,✗,✗,-1.6,1.0,36,D,stage=4; position=8; volume=8; shape=6; risk=10,低優先
1994,Takahashi Curtain Wall Corporation,620.0,👀 監視継続,0.27,✗,✗,✗,✓,✓,✗,✓,✓,✓,✗,-4.8,10.3,36,D,stage=4; position=20; volume=0; shape=5; risk=7,低優先
2183,"Linical Co., Ltd.",203.0,👀 監視継続,0.63,✓,✗,✓,✗,✓,✗,✗,✗,✗,✗,-2.9,1.0,36,D,stage=4; position=8; volume=8; shape=6; risk=10,低優先
2186,Sobal Corporation,898.0,👀 監視継続,1.38,✗,✗,✓,✗,✓,✗,✗,✓,✓,✗,-3.6,0.7,36,D,stage=4; position=16; volume=0; shape=6; risk=10,低優先
2435,"CEDAR.Co.,Ltd.",208.0,👀 監視継続,0.07,✓,✗,✓,✗,✓,✗,✗,✗,✗,✗,-3.7,1.4,36,D,stage=4; position=8; volume=8; shape=6; risk=10,低優先
2683,"UOGroup CO.,LTD.",993.0,👀 監視継続,0.36,✓,✗,✓,✗,✓,✗,✗,✗,✗,✗,-2.8,1.3,36,D,stage=4; position=8; volume=8; shape=6; risk=10,低優先
3071,"Stream Co.,Ltd.",102.0,👀 監視継続,0.62,✗,✗,✗,✓,✓,✓,✗,✓,✗,✗,-5.6,2.9,36,D,stage=4; position=17; volume=0; shape=5; risk=10,低優先
3143,O'will Corporation,711.0,👀 監視継続,1.58,✗,✗,✗,✗,✓,✗,✓,✓,✓,✗,-4.2,4.4,36,D,stage=4; position=20; volume=2; shape=0; risk=10,低優先
3237,"Intrance Co., Ltd.",94.0,👀 監視継続,0.1,✓,✗,✗,✓,✓,✗,✗,✗,✓,✗,-13.8,2.1,36,D,stage=4; position=11; volume=8; shape=5; risk=8,低優先
3440,"NISSO GROUP Co.,Ltd.",857.0,👀 監視継続,0.43,✓,✗,✓,✗,✓,✗,✗,✗,✗,✗,-6.9,1.9,36,D,stage=4; position=8; volume=8; shape=6; risk=10,低優先
3622,Netyear Group Corporation,494.0,👀 監視継続,0.31,✓,✗,✓,✗,✓,✗,✗,✗,✗,✗,-2.2,3.2,36,D,stage=4; position=8; volume=8; shape=6; risk=10,低優先
3647,"ASULINA Co.,Ltd.",119.0,👀 監視継続,0.14,✓,✗,✗,✓,✓,✓,✗,✓,✗,✗,-19.6,9.2,36,D,stage=4; position=17; volume=8; shape=5; risk=2,低優先
3958,"Sasatoku Printing Co.,Ltd.",548.0,👀 監視継続,0.26,✗,✗,✗,✓,✓,✓,✗,✓,✗,✗,-2.5,1.5,36,D,stage=4; position=17; volume=0; shape=5; risk=10,低優先
3965,"Capital Asset Planning, Inc.",885.0,👀 監視継続,0.45,✗,✗,✓,✗,✓,✗,✗,✓,✓,✗,-4.8,3.6,36,D,stage=4; position=16; volume=0; shape=6; risk=10,低優先
4098,"Titan Kogyo, Ltd.",994.0,👀 監視継続,0.17,✓,✗,✓,✗,✓,✗,✗,✗,✗,✗,-5.3,0.3,36,D,stage=4; position=8; volume=8; shape=6; risk=10,低優先
4179,G-NEXT Inc.,345.0,👀 監視継続,0.25,✓,✗,✓,✗,✓,✗,✗,✗,✓,✗,-9.2,5.2,36,D,stage=4; position=11; volume=8; shape=6; risk=7,低優先
5134,"POPER Co.,Ltd.",464.0,👀 監視継続,0.14,✓,✗,✓,✗,✓,✗,✗,✗,✗,✗,-7.4,2.4,36,D,stage=4; position=8; volume=8; shape=6; risk=10,低優先
6047,Gunosy Inc.,391.0,👀 監視継続,0.34,✓,✗,✗,✓,✓,✓,✗,✗,✗,✗,-9.7,7.2,36,D,stage=4; position=12; volume=8; shape=5; risk=7,低優先
6090,"Human Metabolome Technologies, Inc.",604.0,👀 監視継続,0.54,✓,✗,✓,✗,✓,✗,✗,✗,✗,✗,-6.5,2.6,36,D,stage=4; position=8; volume=8; shape=6; risk=10,低優先
6171,C.E.Management Integrated Laboratory Co.Ltd,371.0,👀 監視継続,0.23,✓,✗,✓,✗,✓,✗,✗,✗,✗,✗,-2.9,0.3,36,D,stage=4; position=8; volume=8; shape=6; risk=10,低優先
6563,Mirai Works Inc.,466.0,👀 監視継続,9.0,✗,✓,✓,✓,✗,✓,✗,✗,✗,✗,-12.2,5.6,36,D,stage=4; position=4; volume=10; shape=11; risk=7,低優先
6964,"Sanko Co., Ltd.",687.0,👀 監視継続,0.36,✗,✗,✓,✗,✓,✗,✗,✓,✓,✗,-2.7,2.0,36,D,stage=4; position=16; volume=0; shape=6; risk=10,低優先
7112,"Cube Co., Ltd.",694.0,👀 監視継続,0.15,✓,✗,✓,✗,✓,✗,✗,✗,✗,✗,-1.4,0.4,36,D,stage=4; position=8; volume=8; shape=6; risk=10,低優先
7578,"Nichiryoku Co.,Ltd.",78.0,👀 監視継続,0.2,✓,✗,✓,✗,✓,✗,✓,✓,✗,✗,-6.0,17.9,36,D,stage=4; position=17; volume=8; shape=6; risk=1 | risk: stop width >15%,低優先
8166,"Taka-Q Co., Ltd.",78.0,👀 監視継続,0.34,✓,✗,✓,✗,✓,✗,✗,✗,✗,✗,-2.5,1.3,36,D,stage=4; position=8; volume=8; shape=6; risk=10,低優先
9340,"ASO International, Inc.",799.0,👀 監視継続,1.1,✗,✗,✗,✗,✓,✓,✓,✓,✓,✓,-5.7,13.6,36,D,stage=4; position=27; volume=0; shape=0; risk=5,低優先
9439,M H Group Ltd.,220.0,👀 監視継続,0.24,✓,✗,✓,✗,✓,✗,✗,✗,✗,✗,-7.9,0.5,36,D,stage=4; position=8; volume=8; shape=6; risk=10,低優先
9514,EF-ON Inc.,337.0,👀 監視継続,0.53,✗,✗,✗,✓,✓,✓,✗,✓,✗,✗,-5.3,5.0,36,D,stage=4; position=17; volume=0; shape=5; risk=10,低優先
9685,"KYCOM Holdings Co., Ltd.",560.0,👀 監視継続,0.36,✓,✗,✓,✗,✓,✗,✗,✗,✗,✗,-4.8,1.2,36,D,stage=4; position=8; volume=8; shape=6; risk=10,低優先
9980,MRK Holdings Inc.,94.0,👀 監視継続,0.07,✓,✗,✓,✗,✓,✗,✗,✗,✗,✗,-4.1,1.1,36,D,stage=4; position=8; volume=8; shape=6; risk=10,低優先
2291,"Fukutome Meat Packers, Ltd.",508.0,👀 監視継続,0.29,✓,✗,✗,✗,✓,✗,✗,✓,✗,✗,-1.9,0.2,35,D,stage=4; position=13; volume=8; shape=0; risk=10,低優先
2311,"EPCO Co.,Ltd.",784.0,👀 監視継続,0.07,✓,✗,✗,✗,✓,✗,✗,✓,✗,✗,-2.2,0.9,35,D,stage=4; position=13; volume=8; shape=0; risk=10,低優先
3011,"Banners Co., Ltd.",141.0,👀 監視継続,0.25,✓,✗,✗,✓,✓,✗,✗,✗,✗,✗,-4.1,5.0,35,D,stage=4; position=8; volume=8; shape=5; risk=10,低優先
3377,BIKE O & COMPANY Ltd.,382.0,👀 監視継続,0.19,✓,✗,✗,✗,✓,✗,✗,✓,✗,✗,-4.3,2.9,35,D,stage=4; position=13; volume=8; shape=0; risk=10,低優先
3726,"4Cs HD Co., Ltd.",399.0,👀 監視継続,0.28,✓,✗,✗,✗,✓,✗,✗,✓,✗,✗,-2.7,2.3,35,D,stage=4; position=13; volume=8; shape=0; risk=10,低優先
3744,SIOS Corporation,457.0,👀 監視継続,0.05,✓,✗,✗,✓,✓,✗,✗,✗,✗,✗,-2.1,3.3,35,D,stage=4; position=8; volume=8; shape=5; risk=10,低優先
4386,"SIG Group Co., Ltd.",871.0,👀 監視継続,0.16,✓,✗,✗,✗,✓,✗,✗,✓,✗,✗,-4.5,2.3,35,D,stage=4; position=13; volume=8; shape=0; risk=10,低優先
4387,"ZUU Co.,Ltd.",520.0,👀 監視継続,0.99,✗,✗,✗,✓,✓,✓,✓,✓,✗,✗,-12.3,9.8,35,D,stage=4; position=21; volume=0; shape=5; risk=5,低優先
4487,"Spacemarket,Inc.",228.0,👀 監視継続,0.16,✓,✗,✗,✗,✓,✗,✗,✓,✗,✗,-3.0,4.4,35,D,stage=4; position=13; volume=8; shape=0; risk=10,低優先
4720,"Johnan Academic Preparatory Institute, Inc.",242.0,👀 監視継続,0.07,✓,✗,✗,✗,✓,✗,✗,✓,✗,✗,-2.4,0.8,35,D,stage=4; position=13; volume=8; shape=0; risk=10,低優先
4735,"Kyoshin Co., Ltd.",299.0,👀 監視継続,1.5,✗,✗,✓,✓,✓,✗,✗,✗,✗,✗,-3.2,0.7,35,D,stage=4; position=8; volume=2; shape=11; risk=10,低優先
5010,"Nippon Seiro Co., Ltd.",292.0,👀 監視継続,0.54,✗,✗,✗,✓,✓,✓,✓,✓,✓,✓,-12.3,19.9,35,D,stage=4; position=27; volume=0; shape=5; risk=-1 | risk: stop width >15%,低優先
519A,Basic Inc.,494.0,👀 監視継続,0.18,✓,✗,✓,✗,✓,✗,✗,✗,✗,✗,-5.5,5.7,35,D,stage=4; position=8; volume=8; shape=6; risk=9,低優先
5619,MRSO Inc.,854.0,👀 監視継続,0.3,✓,✗,✗,✗,✓,✗,✗,✓,✗,✗,-7.2,3.5,35,D,stage=4; position=13; volume=8; shape=0; risk=10,低優先
5704,JMC Corporation,388.0,👀 監視継続,1.26,✓,✗,✗,✓,✓,✗,✗,✗,✗,✗,-6.1,4.6,35,D,stage=4; position=8; volume=8; shape=5; risk=10,低優先
6307,"Sansei Co.,Ltd.",468.0,👀 監視継続,0.03,✓,✗,✗,✗,✓,✗,✗,✓,✗,✗,-6.4,3.4,35,D,stage=4; position=13; volume=8; shape=0; risk=10,低優先
6663,"Taiyo Technolex Co.,Ltd.",305.0,👀 監視継続,0.07,✓,✗,✓,✗,✓,✗,✗,✗,✗,✗,-5.9,5.2,35,D,stage=4; position=8; volume=8; shape=6; risk=9,低優先
6748,"Seiwa Electric Mfg. Co., Ltd.",754.0,👀 監視継続,0.12,✓,✗,✗,✗,✓,✗,✗,✓,✗,✗,-5.3,4.5,35,D,stage=4; position=13; volume=8; shape=0; risk=10,低優先
7040,"Sun-Life Holding Co.,Ltd.",970.0,👀 監視継続,0.0,✓,✗,✗,✗,✓,✗,✗,✓,✗,✗,-1.2,0.9,35,D,stage=4; position=13; volume=8; shape=0; risk=10,低優先
7064,"Howtelevision, Inc.",1028.0,👀 監視継続,1.01,✗,✗,✗,✓,✓,✓,✓,✓,✓,✓,0.0,19.2,35,D,stage=4; position=27; volume=0; shape=5; risk=-1 | risk: stop width >15%,低優先
7096,StemCell Institute Inc.,749.0,👀 監視継続,0.17,✓,✗,✗,✗,✓,✗,✗,✓,✗,✗,-3.4,2.8,35,D,stage=4; position=13; volume=8; shape=0; risk=10,低優先
7111,"INEST, Inc.",503.0,👀 監視継続,0.11,✓,✗,✗,✗,✓,✗,✗,✓,✓,✗,-8.4,6.2,35,D,stage=4; position=16; volume=8; shape=0; risk=7,低優先
7442,"Nakayamafuku Co.,Ltd.",475.0,👀 監視継続,0.57,✗,✗,✓,✗,✓,✓,✗,✗,✓,✗,-3.7,1.1,35,D,stage=4; position=15; volume=0; shape=6; risk=10,低優先
7896,"Seven Industries Co., Ltd.",505.0,👀 監視継続,0.08,✓,✗,✗,✗,✓,✗,✗,✓,✗,✗,-1.9,1.0,35,D,stage=4; position=13; volume=8; shape=0; risk=10,低優先
7918,"VIA Holdings,Inc.",106.0,👀 監視継続,0.53,✓,✗,✗,✓,✓,✗,✗,✗,✗,✗,-1.9,3.8,35,D,stage=4; position=8; volume=8; shape=5; risk=10,低優先
8135,Zett Corporation,430.0,👀 監視継続,0.17,✓,✗,✗,✗,✓,✗,✗,✓,✗,✗,-4.4,2.6,35,D,stage=4; position=13; volume=8; shape=0; risk=10,低優先
9219,GiXo Ltd.,881.0,👀 監視継続,0.28,✓,✗,✗,✗,✓,✗,✗,✓,✗,✗,-4.2,1.0,35,D,stage=4; position=13; volume=8; shape=0; risk=10,低優先
9417,"Smartvalue Co., Ltd.",334.0,👀 監視継続,0.02,✓,✗,✗,✗,✓,✗,✗,✓,✗,✗,-3.7,2.7,35,D,stage=4; position=13; volume=8; shape=0; risk=10,低優先
9565,GLOE Inc.,654.0,👀 監視継続,0.03,✓,✗,✗,✓,✓,✗,✗,✗,✗,✗,-4.5,3.5,35,D,stage=4; position=8; volume=8; shape=5; risk=10,低優先
9903,"Kanseki Co., Ltd.",881.0,👀 監視継続,0.38,✓,✗,✓,✗,✓,✗,✗,✗,✗,✗,-4.1,0.0,35,D,stage=4; position=8; volume=8; shape=6; risk=9,低優先
145A,L is B corp.,889.0,👀 監視継続,0.05,✓,✗,✗,✗,✓,✗,✗,✓,✗,✗,-4.5,5.3,34,D,stage=4; position=13; volume=8; shape=0; risk=9,低優先
2404,"Tetsujin Holdings, Inc.",523.0,👀 監視継続,0.26,✓,✗,✓,✗,✓,✗,✗,✗,✗,✗,-8.9,0.2,34,D,stage=4; position=8; volume=8; shape=6; risk=8,低優先
2586,Fruta Fruta Inc.,69.0,👀 監視継続,0.1,✓,✗,✓,✗,✓,✗,✗,✗,✗,✗,-14.8,1.4,34,D,stage=4; position=8; volume=8; shape=6; risk=8,低優先
2693,YKT Corporation,276.0,👀 監視継続,0.27,✓,✗,✓,✗,✓,✗,✗,✗,✗,✗,-9.8,1.4,34,D,stage=4; position=8; volume=8; shape=6; risk=8,低優先
2795,Nippon Primex Inc.,959.0,👀 監視継続,0.78,✗,✗,✗,✗,✓,✓,✗,✓,✓,✗,-1.5,2.6,34,D,stage=4; position=20; volume=0; shape=0; risk=10,低優先
3041,"Beauty Kadan Holdings Co., Ltd.",407.0,👀 監視継続,0.13,✓,✗,✗,✗,✓,✗,✓,✗,✗,✗,-1.9,1.7,34,D,stage=4; position=12; volume=8; shape=0; risk=10,低優先
3187,miratap inc.,397.0,👀 監視継続,5.01,✗,✓,✗,✓,✗,✓,✓,✓,✓,✓,-15.7,26.4,34,D,stage=4; position=19; volume=10; shape=5; risk=-4 | risk: stop width >15%,低優先
3267,"Phil Company, Inc.",629.0,👀 監視継続,0.25,✓,✗,✗,✗,✓,✓,✗,✗,✗,✗,-6.8,2.9,34,D,stage=4; position=12; volume=8; shape=0; risk=10,低優先
3815,"Media Kobo, Inc.",427.0,👀 監視継続,0.38,✓,✗,✓,✗,✓,✗,✗,✗,✗,✗,-8.4,1.4,34,D,stage=4; position=8; volume=8; shape=6; risk=8,低優先
3991,"Wantedly, Inc.",959.0,👀 監視継続,0.29,✓,✗,✗,✗,✓,✗,✓,✓,✗,✗,-9.5,11.2,34,D,stage=4; position=17; volume=8; shape=0; risk=5,低優先
4351,Yamada Servicer Synthetic Office,848.0,👀 監視継続,0.13,✓,✗,✗,✗,✓,✗,✓,✗,✗,✗,-5.7,3.4,34,D,stage=4; position=12; volume=8; shape=0; risk=10,低優先
4492,Genetec Corporation,399.0,👀 監視継続,0.3,✗,✗,✓,✗,✓,✗,✓,✓,✗,✗,-7.2,10.0,34,D,stage=4; position=17; volume=0; shape=6; risk=7,低優先
4584,Kidswell Bio Corporation,165.0,👀 監視継続,0.09,✓,✗,✓,✗,✓,✗,✗,✓,✗,✗,-11.3,12.7,34,D,stage=4; position=13; volume=8; shape=6; risk=3,低優先
4890,Tsubota Laboratory Incorporated,268.0,👀 監視継続,0.26,✓,✗,✗,✗,✓,✓,✗,✓,✗,✗,-12.1,8.2,34,D,stage=4; position=17; volume=8; shape=0; risk=5,低優先
5026,"Tripleize Co.,Ltd.",597.0,👀 監視継続,0.11,✓,✗,✗,✗,✓,✓,✗,✓,✗,✗,-10.4,8.2,34,D,stage=4; position=17; volume=8; shape=0; risk=5,低優先
5341,"Asahi Eito Holdings Co.,Ltd.",137.0,👀 監視継続,0.07,✓,✗,✓,✗,✓,✗,✗,✗,✗,✗,-10.5,0.7,34,D,stage=4; position=8; volume=8; shape=6; risk=8,低優先
6054,Livesense Inc.,111.0,👀 監視継続,0.03,✓,✗,✗,✗,✓,✓,✗,✗,✗,✗,-7.5,1.8,34,D,stage=4; position=12; volume=8; shape=0; risk=10,低優先
6233,KLASS Corporation,402.0,👀 監視継続,1.15,✗,✗,✗,✗,✓,✗,✓,✓,✓,✗,-1.7,3.5,34,D,stage=4; position=20; volume=0; shape=0; risk=10,低優先
6656,inspec Inc.,746.0,👀 監視継続,0.29,✓,✗,✓,✗,✓,✗,✗,✗,✗,✗,-13.3,3.6,34,D,stage=4; position=8; volume=8; shape=6; risk=8,低優先
6775,TB Group Inc.,124.0,👀 監視継続,0.08,✓,✗,✓,✗,✓,✗,✓,✓,✗,✗,-23.5,10.5,34,D,stage=4; position=17; volume=8; shape=6; risk=-1 | risk: recent-high drawdown >20%,低優先
7077,"ALiNK Internet, Inc.",996.0,👀 監視継続,0.29,✓,✗,✗,✗,✓,✓,✗,✗,✗,✗,-2.4,2.5,34,D,stage=4; position=12; volume=8; shape=0; risk=10,低優先
7585,Kan-Nanmaru Corporation,407.0,👀 監視継続,0.4,✓,✗,✓,✗,✓,✗,✗,✗,✗,✗,-0.5,0.5,34,D,stage=4; position=8; volume=8; shape=6; risk=8,低優先
8247,"Daiwa Co.,Ltd.",320.0,👀 監視継続,0.2,✓,✗,✗,✗,✓,✗,✓,✓,✗,✗,-9.3,10.0,34,D,stage=4; position=17; volume=8; shape=0; risk=5,低優先
9563,Atlas Technologies Corporation,340.0,👀 監視継続,2.26,✗,✗,✗,✓,✓,✓,✗,✓,✓,✗,-13.9,12.1,34,D,stage=4; position=20; volume=2; shape=5; risk=3,低優先
9723,"The Kyoto Hotel, Ltd.",632.0,👀 監視継続,0.28,✓,✗,✓,✗,✓,✗,✗,✗,✗,✗,-0.9,0.3,34,D,stage=4; position=8; volume=8; shape=6; risk=8,低優先
2300,"Kyokuto Co., Ltd.",496.0,👀 監視継続,1.94,✗,✗,✗,✗,✓,✗,✓,✓,✗,✗,-1.4,2.9,33,D,stage=4; position=17; volume=2; shape=0; risk=10,低優先
2388,"Wedge Holdings CO.,LTD.",33.0,👀 監視継続,0.13,✓,✗,✗,✓,✓,✗,✗,✗,✗,✗,-13.2,3.0,33,D,stage=4; position=8; volume=8; shape=5; risk=8,低優先
2437,"Shinwa Wise Holdings Co.,Ltd.",611.0,👀 監視継続,0.08,✓,✗,✗,✗,✓,✗,✗,✓,✓,✗,-8.4,9.0,33,D,stage=4; position=16; volume=8; shape=0; risk=5,低優先
2493,"E-SUPPORTLINK, Ltd.",944.0,👀 監視継続,0.17,✓,✗,✗,✗,✓,✗,✗,✓,✗,✗,-0.8,0.6,33,D,stage=4; position=13; volume=8; shape=0; risk=8,低優先
2654,Asmo Corporation,429.0,👀 監視継続,1.11,✗,✗,✗,✗,✓,✗,✓,✓,✓,✗,-4.7,5.6,33,D,stage=4; position=20; volume=0; shape=0; risk=9,低優先
3111,"Omikenshi Co., Ltd.",177.0,👀 監視継続,0.2,✓,✗,✗,✗,✓,✗,✗,✓,✗,✗,-9.2,3.4,33,D,stage=4; position=13; volume=8; shape=0; risk=8,低優先
3121,"MBK Co.,Ltd.",253.0,👀 監視継続,0.43,✓,✗,✗,✗,✓,✗,✗,✓,✓,✗,-9.0,10.3,33,D,stage=4; position=16; volume=8; shape=0; risk=5,低優先
3370,"FUJITA CORPORATION Co.,Ltd.",470.0,👀 監視継続,0.14,✓,✗,✗,✗,✓,✗,✗,✗,✓,✗,-4.9,3.0,33,D,stage=4; position=11; volume=8; shape=0; risk=10,低優先
3396,Felissimo Corporation,859.0,👀 監視継続,0.07,✓,✗,✗,✗,✓,✗,✗,✗,✓,✗,-2.9,0.2,33,D,stage=4; position=11; volume=8; shape=0; risk=10,低優先
3550,"STUDIO ATAO Co., Ltd.",215.0,👀 監視継続,0.95,✗,✗,✓,✓,✓,✗,✗,✗,✗,✗,-2.3,0.5,33,D,stage=4; position=8; volume=0; shape=11; risk=10,低優先
3690,YRGLM Inc.,574.0,👀 監視継続,0.36,✗,✗,✗,✗,✓,✗,✓,✓,✓,✗,-4.3,7.8,33,D,stage=4; position=20; volume=0; shape=0; risk=9,低優先
3930,"Hatena Co., Ltd.",770.0,👀 監視継続,0.24,✓,✗,✗,✗,✓,✗,✓,✗,✗,✗,-4.6,7.0,33,D,stage=4; position=12; volume=8; shape=0; risk=9,低優先
3955,"IMURA & Co.,Ltd.",861.0,👀 監視継続,1.35,✗,✗,✗,✗,✓,✓,✓,✓,✗,✗,-0.9,4.1,33,D,stage=4; position=21; volume=0; shape=0; risk=8,低優先
4496,Commerce One Holdings Inc.,778.0,👀 監視継続,1.2,✗,✗,✗,✗,✓,✓,✓,✗,✓,✗,-2.3,4.2,33,D,stage=4; position=19; volume=0; shape=0; risk=10,低優先
4657,"Environmental Control Center Co.,Ltd.",454.0,👀 監視継続,0.07,✓,✗,✗,✗,✓,✗,✗,✗,✓,✗,-6.6,2.4,33,D,stage=4; position=11; volume=8; shape=0; risk=10,低優先
4891,"TMS Co., Ltd.",125.0,👀 監視継続,1.62,✗,✗,✗,✓,✓,✓,✓,✓,✗,✗,-1.6,22.4,33,D,stage=4; position=21; volume=2; shape=5; risk=1 | risk: stop width >15%,低優先
4990,"Showa Chemical Industry Co., Ltd.",525.0,👀 監視継続,0.48,✗,✗,✗,✗,✓,✗,✓,✓,✓,✗,-7.6,7.8,33,D,stage=4; position=20; volume=0; shape=0; risk=9,低優先
5570,"Jenoba Co.,Ltd.",623.0,👀 監視継続,0.17,✓,✗,✗,✗,✓,✗,✗,✓,✗,✗,-10.6,4.3,33,D,stage=4; position=13; volume=8; shape=0; risk=8,低優先
5884,"KURADASHI.Co.,Ltd.",601.0,👀 監視継続,0.52,✓,✗,✗,✗,✓,✗,✗,✓,✓,✗,-9.1,9.8,33,D,stage=4; position=16; volume=8; shape=0; risk=5,低優先
6092,"EnBio Holdings, Inc",801.0,👀 監視継続,0.26,✓,✗,✗,✗,✓,✗,✗,✓,✓,✗,-10.5,9.7,33,D,stage=4; position=16; volume=8; shape=0; risk=5,低優先
6776,"Tensho Electric Industries Co., Ltd.",285.0,👀 監視継続,0.41,✗,✗,✗,✗,✓,✗,✓,✓,✓,✗,-2.7,7.4,33,D,stage=4; position=20; volume=0; shape=0; risk=9,低優先
6858,"Ono Sokki Co., Ltd.",825.0,👀 監視継続,0.41,✓,✗,✗,✗,✓,✗,✗,✗,✓,✗,-4.6,1.7,33,D,stage=4; position=11; volume=8; shape=0; risk=10,低優先
7065,UPR Corporation,954.0,👀 監視継続,0.15,✓,✗,✗,✗,✓,✗,✗,✗,✓,✗,-5.1,2.0,33,D,stage=4; position=11; volume=8; shape=0; risk=10,低優先
7074,Twenty-four seven Holdings Inc.,181.0,👀 監視継続,0.31,✓,✗,✗,✗,✓,✗,✗,✓,✗,✗,-12.1,1.1,33,D,stage=4; position=13; volume=8; shape=0; risk=8,低優先
7345,AI Partners Financial Inc.,930.0,👀 監視継続,0.15,✓,✗,✗,✗,✓,✗,✗,✗,✓,✗,-2.9,2.7,33,D,stage=4; position=11; volume=8; shape=0; risk=10,低優先
7610,"Tay Two Co., Ltd.",135.0,👀 監視継続,0.54,✗,✗,✓,✓,✓,✗,✗,✗,✗,✗,-7.5,1.5,33,D,stage=4; position=8; volume=0; shape=11; risk=10,低優先
7898,"Wood One Co.,Ltd.",907.0,👀 監視継続,0.73,✗,✗,✓,✗,✓,✗,✗,✓,✗,✗,-5.0,1.9,33,D,stage=4; position=13; volume=0; shape=6; risk=10,低優先
9835,"Juntendo Co.,Ltd.",508.0,👀 監視継続,0.16,✓,✗,✗,✗,✓,✗,✗,✗,✓,✗,-2.3,0.6,33,D,stage=4; position=11; volume=8; shape=0; risk=10,低優先
9973,"KOZO Holdings Co.,Ltd.",20.0,👀 監視継続,0.2,✓,✗,✓,✓,✗,✗,✗,✗,✗,✗,-4.8,5.0,33,D,stage=4; position=0; volume=8; shape=11; risk=10,低優先
1840,"Tsuchiya Holdings Co., Ltd.",249.0,👀 監視継続,1.91,✗,✗,✗,✗,✓,✗,✗,✓,✓,✗,-5.7,2.4,32,D,stage=4; position=16; volume=2; shape=0; risk=10,低優先
2459,"AUN CONSULTING, Inc.",176.0,👀 監視継続,0.05,✓,✗,✗,✗,✓,✗,✗,✓,✗,✗,-10.7,5.7,32,D,stage=4; position=13; volume=8; shape=0; risk=7,低優先
3067,"Tokyo Ichiban Foods Co., Ltd.",467.0,👀 監視継続,0.72,✗,✗,✗,✗,✓,✗,✓,✓,✓,✗,-0.6,3.4,32,D,stage=4; position=20; volume=0; shape=0; risk=8,低優先
3280,"STrust Co.,Ltd.",931.0,👀 監視継続,0.14,✗,✗,✓,✗,✓,✗,✓,✗,✗,✗,-1.8,4.8,32,D,stage=4; position=12; volume=0; shape=6; risk=10,低優先
4334,"YUKE'S Co.,Ltd.",384.0,👀 監視継続,0.39,✗,✗,✓,✗,✓,✗,✗,✓,✗,✗,-4.7,5.7,32,D,stage=4; position=13; volume=0; shape=6; risk=9,低優先
4814,Nextware Ltd.,162.0,👀 監視継続,0.03,✓,✗,✗,✗,✓,✗,✗,✓,✗,✗,-9.0,6.8,32,D,stage=4; position=13; volume=8; shape=0; risk=7,低優先
6696,TRaaS On Product Inc.,313.0,👀 監視継続,0.09,✓,✗,✗,✗,✓,✗,✗,✓,✗,✗,-7.1,10.9,32,D,stage=4; position=13; volume=8; shape=0; risk=7,低優先
7640,"TOP CULTURE Co.,Ltd.",187.0,👀 監視継続,0.07,✓,✗,✗,✗,✓,✗,✗,✓,✗,✗,-7.4,9.6,32,D,stage=4; position=13; volume=8; shape=0; risk=7,低優先
9213,Seyfert Ltd.,999.0,👀 監視継続,0.0,✓,✗,✗,✗,✓,✗,✗,✗,✓,✗,-6.5,0.0,32,D,stage=4; position=11; volume=8; shape=0; risk=9,低優先
9262,"Silver Life Co., Ltd.",674.0,👀 監視継続,1.19,✗,✗,✗,✓,✓,✗,✗,✓,✗,✗,-4.7,4.9,32,D,stage=4; position=13; volume=0; shape=5; risk=10,低優先
190A,Chordia Therapeutics Inc.,69.0,👀 監視継続,0.13,✓,✗,✓,✗,✓,✗,✗,✗,✗,✗,-16.9,2.9,31,D,stage=4; position=8; volume=8; shape=6; risk=5,低優先
2788,"Apple International Co., Ltd.",386.0,👀 監視継続,0.22,✓,✗,✗,✗,✓,✗,✗,✗,✓,✗,-13.3,1.8,31,D,stage=4; position=11; volume=8; shape=0; risk=8,低優先
4572,"Carna Biosciences, Inc.",432.0,👀 監視継続,0.29,✓,✗,✗,✗,✓,✗,✓,✓,✓,✗,-8.1,30.3,31,D,stage=4; position=20; volume=8; shape=0; risk=-1 | risk: stop width >15%,低優先
4934,"Premier Anti-Aging Co., Ltd.",601.0,👀 監視継続,1.29,✗,✗,✗,✓,✓,✗,✓,✗,✗,✗,-2.6,2.5,31,D,stage=4; position=12; volume=0; shape=5; risk=10,低優先
6049,ItoKuro Inc.,252.0,👀 監視継続,0.17,✗,✗,✗,✗,✓,✗,✓,✓,✗,✗,-2.3,4.8,31,D,stage=4; position=17; volume=0; shape=0; risk=10,低優先
6082,"RIDE ON EXPRESS HOLDINGS Co., Ltd.",995.0,👀 監視継続,0.88,✗,✗,✗,✗,✓,✓,✗,✓,✗,✗,-4.3,1.3,31,D,stage=4; position=17; volume=0; shape=0; risk=10,低優先
6545,internet infinity Inc.,783.0,👀 監視継続,0.67,✓,✗,✗,✗,✓,✗,✗,✗,✓,✗,-10.8,0.4,31,D,stage=4; position=11; volume=8; shape=0; risk=8,低優先
6578,"CORREC Co., Ltd.",458.0,👀 監視継続,0.18,✓,✗,✗,✗,✓,✗,✗,✗,✓,✗,-10.2,0.7,31,D,stage=4; position=11; volume=8; shape=0; risk=8,低優先
6699,"Diamond Electric Holdings Co., Ltd.",497.0,👀 監視継続,0.33,✗,✗,✗,✗,✓,✓,✗,✓,✗,✗,-7.1,4.2,31,D,stage=4; position=17; volume=0; shape=0; risk=10,低優先
6969,"Matsuo Electric Co.,Ltd.",998.0,👀 監視継続,0.3,✗,✗,✗,✓,✓,✓,✗,✗,✗,✗,-5.1,3.9,31,D,stage=4; position=12; volume=0; shape=5; risk=10,低優先
7078,INCLUSIVE Holdings Inc.,339.0,👀 監視継続,0.25,✓,✗,✓,✗,✓,✗,✗,✗,✗,✗,-19.1,2.7,31,D,stage=4; position=8; volume=8; shape=6; risk=5,低優先
7367,"CELM,Inc.",332.0,👀 監視継続,0.17,✗,✗,✗,✓,✓,✓,✗,✗,✗,✗,-2.1,2.1,31,D,stage=4; position=12; volume=0; shape=5; risk=10,低優先
7524,Marche Corporation,177.0,👀 監視継続,0.71,✗,✗,✗,✓,✓,✓,✗,✗,✗,✗,-4.3,2.3,31,D,stage=4; position=12; volume=0; shape=5; risk=10,低優先
7805,Printnet Inc.,714.0,👀 監視継続,0.26,✗,✗,✓,✗,✓,✗,✗,✗,✓,✗,-3.2,1.8,31,D,stage=4; position=11; volume=0; shape=6; risk=10,低優先
9625,"Cerespo Co., Ltd.",938.0,👀 監視継続,0.31,✓,✗,✗,✗,✓,✓,✗,✗,✗,✗,-5.4,12.0,31,D,stage=4; position=12; volume=8; shape=0; risk=7,低優先
151A,Dive Group Inc.,625.0,👀 監視継続,0.17,✓,✗,✗,✗,✓,✗,✗,✗,✗,✗,-6.6,0.5,30,D,stage=4; position=8; volume=8; shape=0; risk=10,低優先
184A,"Manabi-aid Co.,Ltd.",324.0,👀 監視継続,2.82,✗,✓,✗,✗,✗,✗,✓,✓,✗,✗,-10.0,4.6,30,D,stage=4; position=9; volume=9; shape=0; risk=8,低優先
303A,visumo Inc.,572.0,👀 監視継続,0.5,✓,✗,✗,✗,✓,✗,✗,✗,✗,✗,-5.9,2.4,30,D,stage=4; position=8; volume=8; shape=0; risk=10,低優先
3174,"Happiness and D Co.,Ltd.",395.0,👀 監視継続,0.55,✓,✗,✗,✗,✓,✗,✗,✗,✗,✗,-2.5,0.8,30,D,stage=4; position=8; volume=8; shape=0; risk=10,低優先
3236,"Properst Co., Ltd.",277.0,👀 監視継続,0.11,✓,✗,✗,✗,✓,✗,✗,✗,✗,✗,-7.4,1.8,30,D,stage=4; position=8; volume=8; shape=0; risk=10,低優先
3241,"WILL,Co.,Ltd.",579.0,👀 監視継続,0.24,✓,✗,✗,✗,✓,✗,✗,✗,✗,✗,-4.9,1.4,30,D,stage=4; position=8; volume=8; shape=0; risk=10,低優先
3286,TRUST Holdings Inc.,880.0,👀 監視継続,0.48,✓,✗,✗,✗,✓,✗,✗,✗,✗,✗,-2.8,1.7,30,D,stage=4; position=8; volume=8; shape=0; risk=10,低優先
3536,"Axas Holdings Co.,Ltd.",127.0,👀 監視継続,0.18,✓,✗,✗,✗,✓,✗,✗,✗,✗,✗,-1.6,0.8,30,D,stage=4; position=8; volume=8; shape=0; risk=10,低優先
3627,Tecmira Holdings Inc.,262.0,👀 監視継続,0.2,✓,✗,✗,✗,✓,✗,✗,✗,✗,✗,-4.0,1.9,30,D,stage=4; position=8; volume=8; shape=0; risk=10,低優先
3680,"Hottolink, Inc.",203.0,👀 監視継続,0.17,✓,✗,✗,✗,✓,✗,✗,✗,✗,✗,-6.0,0.5,30,D,stage=4; position=8; volume=8; shape=0; risk=10,低優先
3686,DLE Inc.,63.0,👀 監視継続,0.86,✗,✗,✗,✓,✓,✓,✓,✗,✗,✗,0.0,11.1,30,D,stage=4; position=16; volume=0; shape=5; risk=5,低優先
3804,System D Inc.,445.0,👀 監視継続,1.59,✗,✗,✓,✗,✓,✗,✗,✗,✗,✗,-7.7,1.8,30,D,stage=4; position=8; volume=2; shape=6; risk=10,低優先
3933,"CHIeru Co.,Ltd.",545.0,👀 監視継続,0.05,✓,✗,✗,✗,✓,✗,✗,✓,✗,✗,-5.2,12.3,30,D,stage=4; position=13; volume=8; shape=0; risk=5,低優先
4057,"Interfactory, Inc.",348.0,👀 監視継続,0.25,✓,✗,✗,✗,✓,✗,✗,✗,✗,✗,-3.3,0.9,30,D,stage=4; position=8; volume=8; shape=0; risk=10,低優先
4074,"LaKeel, Inc.",776.0,👀 監視継続,0.14,✓,✗,✗,✗,✓,✗,✗,✗,✓,✗,-6.5,8.8,30,D,stage=4; position=11; volume=8; shape=0; risk=7,低優先
4166,Cacco Inc.,619.0,👀 監視継続,0.05,✓,✗,✗,✗,✓,✗,✗,✗,✗,✗,-4.3,0.5,30,D,stage=4; position=8; volume=8; shape=0; risk=10,低優先
4317,Ray Corporation,564.0,👀 監視継続,0.02,✓,✗,✗,✗,✓,✗,✗,✓,✗,✗,-2.8,12.2,30,D,stage=4; position=13; volume=8; shape=0; risk=5,低優先
4424,"Amazia,inc.",328.0,👀 監視継続,0.07,✓,✗,✗,✗,✓,✗,✗,✓,✓,✗,-23.7,4.6,30,D,stage=4; position=16; volume=8; shape=0; risk=2 | risk: recent-high drawdown >20%,低優先
4750,"Daisan Co., Ltd.",547.0,👀 監視継続,0.22,✓,✗,✗,✗,✓,✗,✗,✗,✗,✗,-5.0,1.1,30,D,stage=4; position=8; volume=8; shape=0; risk=10,低優先
4777,Gala Incorporated,197.0,👀 監視継続,0.44,✓,✗,✗,✗,✓,✗,✗,✗,✗,✗,-3.9,1.0,30,D,stage=4; position=8; volume=8; shape=0; risk=10,低優先
4893,Noile-Immune Biotech Inc.,139.0,👀 監視継続,0.16,✓,✗,✗,✗,✓,✗,✗,✓,✗,✗,-19.2,2.9,30,D,stage=4; position=13; volume=8; shape=0; risk=5,低優先
4918,Ivy Cosmetics Corporation,292.0,👀 監視継続,0.52,✓,✗,✗,✗,✓,✗,✗,✗,✗,✗,-5.2,0.3,30,D,stage=4; position=8; volume=8; shape=0; risk=10,低優先
5162,Asahi Rubber Inc.,781.0,👀 監視継続,0.07,✓,✗,✗,✗,✓,✗,✗,✗,✓,✗,-5.1,8.8,30,D,stage=4; position=11; volume=8; shape=0; risk=7,低優先
5247,"BTM, Inc.",547.0,👀 監視継続,0.01,✓,✗,✗,✗,✓,✗,✗,✗,✗,✗,-7.9,4.2,30,D,stage=4; position=8; volume=8; shape=0; risk=10,低優先
5618,Nyle Inc.,283.0,👀 監視継続,0.03,✓,✗,✗,✗,✓,✗,✗,✗,✗,✗,-4.4,2.1,30,D,stage=4; position=8; volume=8; shape=0; risk=10,低優先
6185,SMN Corporation,364.0,👀 監視継続,0.12,✓,✗,✗,✗,✓,✗,✗,✗,✗,✗,-2.7,2.2,30,D,stage=4; position=8; volume=8; shape=0; risk=10,低優先
6186,"Ichikura Co., Ltd.",373.0,👀 監視継続,0.34,✓,✗,✗,✗,✓,✗,✗,✗,✗,✗,-4.1,0.5,30,D,stage=4; position=8; volume=8; shape=0; risk=10,低優先
6198,"CAREER CO., LTD.",200.0,👀 監視継続,0.96,✓,✗,✗,✗,✓,✗,✗,✗,✗,✗,-4.3,1.0,30,D,stage=4; position=8; volume=8; shape=0; risk=10,低優先
6467,Nichidai Corporation,341.0,👀 監視継続,0.58,✗,✗,✗,✗,✓,✗,✗,✓,✓,✗,-3.9,3.5,30,D,stage=4; position=16; volume=0; shape=0; risk=10,低優先
6552,GameWith Inc.,171.0,👀 監視継続,0.02,✓,✗,✗,✗,✓,✗,✗,✗,✗,✗,-4.5,1.8,30,D,stage=4; position=8; volume=8; shape=0; risk=10,低優先
6580,"Writeup Co.,Ltd.",865.0,👀 監視継続,0.12,✓,✗,✗,✓,✓,✓,✗,✓,✗,✗,-15.1,17.2,30,D,stage=4; position=17; volume=8; shape=5; risk=-4 | risk: stop width >15%,低優先
6612,BALMUDA Inc.,589.0,👀 監視継続,0.24,✓,✗,✗,✗,✓,✗,✗,✗,✗,✗,-5.6,0.3,30,D,stage=4; position=8; volume=8; shape=0; risk=10,低優先
7057,"New Constructor's Network Co., Ltd.",900.0,👀 監視継続,0.05,✓,✗,✗,✗,✓,✗,✗,✗,✗,✗,-5.1,1.4,30,D,stage=4; position=8; volume=8; shape=0; risk=10,低優先
7062,"Fureasu Co.,Ltd.",680.0,👀 監視継続,0.14,✓,✗,✗,✗,✓,✗,✗,✗,✗,✗,-7.9,1.5,30,D,stage=4; position=8; volume=8; shape=0; risk=10,低優先
7140,Petgo Corporation,799.0,👀 監視継続,0.13,✓,✗,✗,✗,✓,✗,✗,✗,✗,✗,-1.2,0.3,30,D,stage=4; position=8; volume=8; shape=0; risk=10,低優先
7217,"Tein, Inc.",437.0,👀 監視継続,1.0,✗,✗,✗,✗,✓,✗,✗,✓,✓,✗,-5.8,4.3,30,D,stage=4; position=16; volume=0; shape=0; risk=10,低優先
7370,"Enjin Co., Ltd.",710.0,👀 監視継続,0.14,✓,✗,✗,✗,✓,✗,✗,✗,✗,✗,-1.5,1.5,30,D,stage=4; position=8; volume=8; shape=0; risk=10,低優先
7836,"AVIX,Inc.",75.0,👀 監視継続,0.43,✓,✗,✗,✗,✓,✗,✗,✗,✗,✗,-7.4,1.3,30,D,stage=4; position=8; volume=8; shape=0; risk=10,低優先
7863,"Hiraga Co.,Ltd.",930.0,👀 監視継続,0.05,✓,✗,✗,✗,✓,✗,✗,✗,✗,✗,-3.0,0.1,30,D,stage=4; position=8; volume=8; shape=0; risk=10,低優先
9253,Slogan Inc.,728.0,👀 監視継続,0.0,✓,✗,✗,✗,✓,✗,✗,✗,✗,✗,-3.2,1.8,30,D,stage=4; position=8; volume=8; shape=0; risk=10,低優先
9972,"Altech Co., Ltd.",272.0,👀 監視継続,0.11,✓,✗,✗,✗,✓,✗,✗,✗,✗,✗,-4.9,2.2,30,D,stage=4; position=8; volume=8; shape=0; risk=10,低優先
2138,"CROOZ, Inc.",433.0,👀 監視継続,0.43,✗,✗,✗,✓,✓,✓,✗,✗,✗,✗,-8.5,4.6,29,D,stage=4; position=12; volume=0; shape=5; risk=8,低優先
248A,KIDS STAR Inc.,806.0,👀 監視継続,0.13,✓,✗,✗,✗,✓,✗,✗,✗,✗,✗,-2.2,0.0,29,D,stage=4; position=8; volume=8; shape=0; risk=9,低優先
3323,"Recomm Co., Ltd.",92.0,👀 監視継続,0.02,✓,✗,✗,✗,✓,✗,✗,✓,✓,✗,-7.1,23.9,29,D,stage=4; position=16; volume=8; shape=0; risk=1 | risk: stop width >15%,低優先
3566,"Uniform Next Co., Ltd.",701.0,👀 監視継続,0.28,✗,✗,✗,✓,✓,✓,✗,✗,✗,✗,-9.5,4.3,29,D,stage=4; position=12; volume=0; shape=5; risk=8,低優先
3967,"Eltes Co.,Ltd.",566.0,👀 監視継続,0.8,✗,✗,✗,✓,✓,✓,✗,✗,✗,✗,-8.4,2.8,29,D,stage=4; position=12; volume=0; shape=5; risk=8,低優先
4265,Institution for a Global Society Corporation,281.0,👀 監視継続,0.05,✓,✗,✗,✗,✓,✗,✗,✗,✗,✗,-5.7,6.4,29,D,stage=4; position=8; volume=8; shape=0; risk=9,低優先
4885,Muromachi Chemicals Inc.,853.0,👀 監視継続,0.24,✓,✗,✗,✗,✓,✗,✗,✗,✗,✗,-6.7,0.0,29,D,stage=4; position=8; volume=8; shape=0; risk=9,低優先
5542,Shinhokoku Material Corp.,889.0,👀 監視継続,0.51,✗,✗,✓,✗,✓,✗,✗,✓,✓,✗,-10.7,12.7,29,D,stage=4; position=16; volume=0; shape=6; risk=3,低優先
6046,Linkbal Inc.,151.0,👀 監視継続,0.05,✓,✗,✗,✗,✓,✗,✓,✓,✓,✗,-21.4,13.9,29,D,stage=4; position=20; volume=8; shape=0; risk=-3 | risk: recent-high drawdown >20%,低優先
6662,"Ubiteq, Inc.",223.0,👀 監視継続,1.9,✗,✗,✗,✗,✓,✗,✗,✓,✗,✗,-7.5,4.9,29,D,stage=4; position=13; volume=2; shape=0; risk=10,低優先
9331,Caster Co.Ltd.,707.0,👀 監視継続,0.01,✓,✗,✗,✗,✓,✗,✗,✗,✗,✗,-5.7,0.0,29,D,stage=4; position=8; volume=8; shape=0; risk=9,低優先
2338,"Quantum Solutions Co.,Ltd.",117.0,👀 監視継続,0.19,✓,✗,✓,✗,✓,✗,✗,✗,✗,✗,-28.7,0.9,28,D,stage=4; position=8; volume=8; shape=6; risk=2 | risk: recent-high drawdown >20%,低優先
2736,"Festaria Holdings Co., Ltd.",601.0,👀 監視継続,0.46,✓,✗,✗,✗,✓,✗,✗,✗,✗,✗,-9.6,0.7,28,D,stage=4; position=8; volume=8; shape=0; risk=8,低優先
2776,"SHINTO Holdings, Inc.",99.0,👀 監視継続,1.01,✗,✗,✓,✗,✓,✗,✗,✓,✗,✗,-13.9,9.1,28,D,stage=4; position=13; volume=0; shape=6; risk=5,低優先
3192,"Shirohato Co., Ltd.",267.0,👀 監視継続,0.25,✓,✗,✗,✗,✓,✗,✗,✗,✗,✗,-11.6,2.6,28,D,stage=4; position=8; volume=8; shape=0; risk=8,低優先
3409,"Kitabo Co.,Ltd",85.0,👀 監視継続,0.27,✓,✗,✗,✗,✓,✗,✗,✗,✗,✗,-13.3,1.2,28,D,stage=4; position=8; volume=8; shape=0; risk=8,低優先
3557,"United & Collective Co., Ltd.",510.0,👀 監視継続,0.18,✓,✗,✗,✗,✓,✗,✗,✗,✗,✗,-11.3,0.2,28,D,stage=4; position=8; volume=8; shape=0; risk=8,低優先
3667,"enish,inc.",27.0,👀 監視継続,0.13,✓,✗,✗,✗,✓,✗,✗,✗,✗,✗,-10.0,3.7,28,D,stage=4; position=8; volume=8; shape=0; risk=8,低優先
3878,Tomoegawa Corporation,825.0,👀 監視継続,0.39,✗,✗,✗,✗,✓,✗,✗,✓,✓,✗,-8.1,1.2,28,D,stage=4; position=16; volume=0; shape=0; risk=8,低優先
4073,"Global Communication Planning Co.,Ltd.",468.0,👀 監視継続,0.11,✓,✗,✗,✗,✓,✗,✗,✗,✗,✗,-12.8,1.7,28,D,stage=4; position=8; volume=8; shape=0; risk=8,低優先
4416,True Data Inc.,405.0,👀 監視継続,0.18,✓,✗,✗,✗,✓,✗,✗,✗,✗,✗,-9.0,4.9,28,D,stage=4; position=8; volume=8; shape=0; risk=8,低優先
4437,"gooddays holdings, Inc.",729.0,👀 監視継続,0.12,✓,✗,✗,✗,✓,✗,✗,✗,✗,✗,-9.4,1.1,28,D,stage=4; position=8; volume=8; shape=0; risk=8,低優先
4438,Welby Inc.,246.0,👀 監視継続,0.17,✓,✗,✗,✗,✓,✗,✗,✗,✗,✗,-10.2,0.8,28,D,stage=4; position=8; volume=8; shape=0; risk=8,低優先
4766,"PA Co., Ltd.",199.0,👀 監視継続,2.48,✗,✗,✗,✗,✓,✗,✗,✓,✗,✗,-7.9,5.5,28,D,stage=4; position=13; volume=2; shape=0; risk=9,低優先
5216,"Kuramoto Co., Ltd.",143.0,👀 監視継続,0.14,✓,✗,✗,✗,✓,✗,✗,✗,✗,✗,-10.6,1.4,28,D,stage=4; position=8; volume=8; shape=0; risk=8,低優先
6190,"PhoenixBio Co., Ltd.",302.0,👀 監視継続,0.17,✓,✗,✗,✗,✓,✗,✗,✗,✗,✗,-13.2,1.3,28,D,stage=4; position=8; volume=8; shape=0; risk=8,低優先
6217,Tsudakoma Corp.,763.0,👀 監視継続,0.22,✓,✗,✗,✗,✓,✓,✗,✗,✗,✗,-18.1,7.9,28,D,stage=4; position=12; volume=8; shape=0; risk=4,低優先
6731,Pixela Corporation,100.0,👀 監視継続,0.1,✓,✗,✗,✗,✓,✗,✗,✗,✗,✗,-9.1,1.0,28,D,stage=4; position=8; volume=8; shape=0; risk=8,低優先
6907,"GEOMATEC Co., Ltd.",741.0,👀 監視継続,0.34,✓,✗,✗,✗,✓,✗,✗,✓,✗,✗,-8.3,14.3,28,D,stage=4; position=13; volume=8; shape=0; risk=3,低優先
7049,"SHIKIGAKU. Co., Ltd.",775.0,👀 監視継続,0.43,✓,✗,✗,✗,✓,✗,✗,✗,✗,✗,-12.8,0.1,28,D,stage=4; position=8; volume=8; shape=0; risk=8,低優先
7356,Retty Inc.,114.0,👀 監視継続,0.09,✓,✗,✓,✗,✓,✗,✗,✗,✗,✗,-20.3,0.9,28,D,stage=4; position=8; volume=8; shape=6; risk=2 | risk: recent-high drawdown >20%,低優先
7571,Yamano Holdings Corporation,83.0,👀 監視継続,0.2,✓,✗,✗,✗,✓,✗,✗,✗,✗,✗,-11.7,2.4,28,D,stage=4; position=8; volume=8; shape=0; risk=8,低優先
7865,"People Co., Ltd.",332.0,👀 監視継続,0.4,✓,✗,✗,✗,✓,✗,✗,✗,✗,✗,-10.3,0.3,28,D,stage=4; position=8; volume=8; shape=0; risk=8,低優先
8181,"Totenko Co., Ltd.",986.0,👀 監視継続,0.44,✗,✗,✓,✗,✓,✗,✗,✗,✗,✗,-2.5,1.4,28,D,stage=4; position=8; volume=0; shape=6; risk=10,低優先
9212,"Green Earth Institute Co., Ltd.",266.0,👀 監視継続,0.32,✓,✗,✗,✗,✓,✗,✗,✗,✗,✗,-9.8,2.6,28,D,stage=4; position=8; volume=8; shape=0; risk=8,低優先
2370,"MEDINET Co., Ltd.",24.0,👀 監視継続,0.2,✓,✗,✓,✗,✗,✗,✗,✗,✗,✗,-7.7,0.0,27,D,stage=4; position=0; volume=8; shape=6; risk=9,低優先
288A,Laxus Technologies Inc.,93.0,👀 監視継続,0.12,✓,✗,✗,✗,✓,✗,✗,✗,✗,✗,-13.9,6.5,27,D,stage=4; position=8; volume=8; shape=0; risk=7,低優先
2901,Wel-Dish.Incorporated,143.0,👀 監視継続,1.5,✓,✗,✗,✗,✓,✗,✗,✗,✗,✗,-11.6,8.7,27,D,stage=4; position=8; volume=10; shape=0; risk=5,低優先
3238,"Central General Development Co., Ltd.",383.0,👀 監視継続,1.13,✗,✗,✗,✗,✓,✗,✗,✓,✗,✗,-3.0,3.1,27,D,stage=4; position=13; volume=0; shape=0; risk=10,低優先
3469,"Dualtap Co., Ltd.",870.0,👀 監視継続,1.29,✓,✗,✓,✗,✗,✗,✗,✗,✗,✗,-3.8,0.0,27,D,stage=4; position=0; volume=8; shape=6; risk=9,低優先
4069,BlueMeme Inc.,661.0,👀 監視継続,0.36,✓,✗,✗,✗,✓,✗,✗,✗,✗,✗,-11.9,5.4,27,D,stage=4; position=8; volume=8; shape=0; risk=7,低優先
4243,"Nix, Inc.",1004.0,👀 監視継続,0.36,✗,✗,✗,✗,✓,✗,✗,✓,✓,✗,-12.6,7.6,27,D,stage=4; position=16; volume=0; shape=0; risk=7,低優先
4829,"Nihon Enterprise Co.,Ltd.",107.0,👀 監視継続,0.55,✗,✗,✗,✗,✓,✗,✗,✓,✗,✗,-4.5,2.8,27,D,stage=4; position=13; volume=0; shape=0; risk=10,低優先
4881,FunPep Company Limited,50.0,👀 監視継続,0.1,✓,✗,✗,✗,✓,✗,✗,✗,✗,✗,-7.4,10.0,27,D,stage=4; position=8; volume=8; shape=0; risk=7,低優先
6155,"Takamatsu Machinery Co., Ltd.",539.0,👀 監視継続,0.06,✗,✗,✗,✗,✓,✗,✗,✓,✓,✗,-2.7,10.4,27,D,stage=4; position=16; volume=0; shape=0; risk=7,低優先
7183,"Anshin Guarantor Service Co., Ltd.",254.0,👀 監視継続,0.31,✗,✗,✗,✓,✓,✗,✗,✗,✓,✗,-0.4,0.0,27,D,stage=4; position=11; volume=0; shape=5; risk=7,低優先
8077,TORQ Inc.,212.0,👀 監視継続,0.45,✗,✗,✗,✗,✓,✗,✗,✓,✗,✗,-3.6,2.8,27,D,stage=4; position=13; volume=0; shape=0; risk=10,低優先
9760,"Shingakukai Holdings Co.,Ltd.",119.0,👀 監視継続,0.24,✗,✗,✗,✗,✓,✗,✗,✓,✗,✗,-3.3,0.8,27,D,stage=4; position=13; volume=0; shape=0; risk=10,低優先
2342,Transgenic Group Inc.,250.0,👀 監視継続,0.03,✓,✗,✗,✗,✓,✗,✗,✓,✗,✗,-6.7,16.4,26,D,stage=4; position=13; volume=8; shape=0; risk=1 | risk: stop width >15%,低優先
2436,"Kyodo Public Relations Co., Ltd.",558.0,👀 監視継続,0.59,✗,✗,✓,✗,✓,✗,✗,✗,✓,✗,-16.5,2.9,26,D,stage=4; position=11; volume=0; shape=6; risk=5,低優先
4287,Just Planning Inc.,468.0,👀 監視継続,0.1,✗,✗,✗,✓,✓,✗,✗,✗,✗,✗,-6.4,5.8,26,D,stage=4; position=8; volume=0; shape=5; risk=9,低優先
6034,MRT Inc.,588.0,👀 監視継続,1.34,✗,✗,✓,✗,✓,✗,✗,✗,✗,✗,-9.3,2.0,26,D,stage=4; position=8; volume=0; shape=6; risk=8,低優先
6495,"Miyairi Valve Mfg. Co., Ltd.",109.0,👀 監視継続,0.6,✗,✗,✓,✗,✓,✗,✗,✗,✗,✗,-14.8,0.9,26,D,stage=4; position=8; volume=0; shape=6; risk=8,低優先
6867,Leader Electronics Corporation,408.0,👀 監視継続,0.14,✗,✗,✗,✗,✓,✓,✗,✗,✗,✗,-3.8,1.7,26,D,stage=4; position=12; volume=0; shape=0; risk=10,低優先
7255,Sakurai Ltd.,500.0,👀 監視継続,0.41,✗,✗,✗,✗,✓,✗,✗,✓,✗,✗,-5.5,0.0,26,D,stage=4; position=13; volume=0; shape=0; risk=9,低優先
9240,Delivery Consulting Inc.,386.0,👀 監視継続,2.79,✗,✓,✗,✗,✓,✗,✗,✗,✗,✗,-16.1,4.1,26,D,stage=4; position=8; volume=9; shape=0; risk=5,低優先
9704,"AGORA Hospitality Group Co., Ltd",27.0,👀 監視継続,0.15,✓,✗,✓,✗,✗,✗,✗,✗,✗,✗,-12.9,3.7,26,D,stage=4; position=0; volume=8; shape=6; risk=8,低優先
2762,"Sanko Marketing Foods Co., Ltd.",67.0,👀 監視継続,1.86,✗,✗,✗,✗,✓,✓,✗,✗,✗,✗,-10.7,6.0,25,D,stage=4; position=12; volume=2; shape=0; risk=7,低優先
2917,"Ohmoriya Co.,Ltd.",925.0,👀 監視継続,0.72,✗,✗,✗,✗,✓,✗,✗,✗,✓,✗,-1.4,0.5,25,D,stage=4; position=11; volume=0; shape=0; risk=10,低優先
3372,"KANMONKAI Co., Ltd.",220.0,👀 監視継続,0.93,✗,✗,✗,✓,✓,✗,✗,✗,✗,✗,-0.5,0.5,25,D,stage=4; position=8; volume=0; shape=5; risk=8,低優先
3747,"Intertrade Co.,Ltd.",405.0,👀 監視継続,0.03,✓,✗,✗,✗,✓,✗,✗,✗,✗,✗,-18.7,3.7,25,D,stage=4; position=8; volume=8; shape=0; risk=5,低優先
4571,"Nano Holdings, Inc.",98.0,👀 監視継続,0.35,✓,✗,✗,✗,✓,✗,✗,✗,✗,✗,-16.9,1.0,25,D,stage=4; position=8; volume=8; shape=0; risk=5,低優先
5820,"Mitsuboshi Co., Ltd.",848.0,👀 監視継続,1.22,✗,✗,✗,✗,✓,✗,✓,✓,✓,✗,-7.8,16.5,25,D,stage=4; position=20; volume=0; shape=0; risk=1 | risk: stop width >15%,低優先
7369,"Meiho Holdings,Inc.",370.0,👀 監視継続,0.62,✓,✗,✗,✗,✓,✗,✓,✗,✗,✗,-22.3,6.5,25,D,stage=4; position=12; volume=8; shape=0; risk=1 | risk: recent-high drawdown >20%,低優先
7625,"Global-Dining, Inc.",462.0,👀 監視継続,0.43,✗,✗,✗,✗,✓,✗,✗,✗,✓,✗,-4.5,1.7,25,D,stage=4; position=11; volume=0; shape=0; risk=10,低優先
7695,"Koukandekirukun, Inc.",916.0,👀 監視継続,0.12,✗,✗,✗,✗,✓,✗,✓,✓,✓,✗,-4.4,21.5,25,D,stage=4; position=20; volume=0; shape=0; risk=1 | risk: stop width >15%,低優先
7771,"Nihon Seimitsu Co., Ltd.",249.0,👀 監視継続,0.07,✓,✗,✗,✗,✓,✗,✗,✗,✗,✗,-17.5,0.8,25,D,stage=4; position=8; volume=8; shape=0; risk=5,低優先
8912,Area Quest Inc.,156.0,👀 監視継続,0.15,✓,✗,✗,✗,✓,✗,✗,✗,✗,✗,-17.0,3.2,25,D,stage=4; position=8; volume=8; shape=0; risk=5,低優先
2978,TSUKURUBA Inc.,337.0,👀 監視継続,2.02,✗,✗,✗,✗,✓,✗,✗,✗,✗,✗,-4.3,4.2,24,D,stage=4; position=8; volume=2; shape=0; risk=10,低優先
3839,"ODK Solutions Company, Ltd.",623.0,👀 監視継続,2.22,✗,✗,✗,✗,✓,✗,✗,✗,✗,✗,-3.7,2.4,24,D,stage=4; position=8; volume=2; shape=0; risk=10,低優先
4576,"D. Western Therapeutics Institute, Inc.",69.0,👀 監視継続,1.68,✓,✗,✗,✗,✓,✗,✗,✗,✗,✗,-24.2,4.3,24,D,stage=4; position=8; volume=10; shape=0; risk=2 | risk: recent-high drawdown >20%,低優先
4935,"Liberta Co.,Ltd.",189.0,👀 監視継続,0.09,✓,✗,✗,✗,✓,✗,✗,✗,✗,✗,-15.2,0.0,24,D,stage=4; position=8; volume=8; shape=0; risk=4,低優先
5133,Terilogy Holdings Corporation,292.0,👀 監視継続,0.71,✗,✗,✗,✗,✓,✓,✗,✗,✗,✗,-10.4,3.1,24,D,stage=4; position=12; volume=0; shape=0; risk=8,低優先
7297,"Car Mate Mfg. Co., Ltd.",853.0,👀 監視継続,2.19,✗,✗,✗,✗,✓,✗,✗,✗,✗,✗,-2.4,0.4,24,D,stage=4; position=8; volume=2; shape=0; risk=10,低優先
265A,Hmcomm Inc.,742.0,👀 監視継続,0.49,✗,✗,✓,✓,✗,✗,✓,✓,✗,✗,-14.3,15.5,23,D,stage=4; position=9; volume=0; shape=11; risk=-1 | risk: stop width >15%,低優先
4378,CINC Corp.,464.0,👀 監視継続,0.41,✗,✗,✓,✗,✓,✗,✗,✗,✗,✗,-17.0,1.7,23,D,stage=4; position=8; volume=0; shape=6; risk=5,低優先
4406,"New Japan Chemical Co., Ltd.",233.0,👀 監視継続,0.5,✗,✗,✗,✗,✓,✗,✗,✓,✓,✗,-9.3,14.2,23,D,stage=4; position=16; volume=0; shape=0; risk=3,低優先
4880,"CellSource Co., Ltd.",326.0,👀 監視継続,0.44,✗,✗,✗,✗,✓,✓,✗,✗,✗,✗,-10.9,5.8,23,D,stage=4; position=12; volume=0; shape=0; risk=7,低優先
6778,"Artiza Networks, Inc.",623.0,👀 監視継続,0.67,✗,✗,✗,✗,✓,✗,✗,✗,✓,✗,-9.1,4.8,23,D,stage=4; position=11; volume=0; shape=0; risk=8,低優先
7069,"CyberBuzz, Inc.",504.0,👀 監視継続,0.24,✗,✗,✗,✗,✓,✗,✗,✗,✓,✗,-9.8,3.0,23,D,stage=4; position=11; volume=0; shape=0; risk=8,低優先
298A,"GVA TECH,Inc.",333.0,👀 監視継続,0.17,✓,✗,✗,✗,✗,✗,✗,✓,✗,✗,-13.1,9.3,22,D,stage=4; position=5; volume=8; shape=0; risk=5,低優先
3293,"AZUMA HOUSE Co., Ltd.",764.0,👀 監視継続,0.1,✗,✗,✗,✗,✓,✗,✗,✗,✗,✗,-2.1,0.4,22,D,stage=4; position=8; volume=0; shape=0; risk=10,低優先
3577,Tokai Senko K.K.,921.0,👀 監視継続,0.74,✗,✗,✗,✗,✓,✗,✗,✗,✗,✗,-4.7,0.1,22,D,stage=4; position=8; volume=0; shape=0; risk=10,低優先
3682,"Encourage Technologies Co., Ltd.",578.0,👀 監視継続,1.15,✗,✗,✓,✗,✗,✓,✗,✗,✗,✗,-8.5,1.7,22,D,stage=4; position=4; volume=0; shape=6; risk=8,低優先
4014,"Karadanote, Inc.",472.0,👀 監視継続,2.46,✗,✗,✗,✗,✓,✗,✗,✗,✓,✗,-15.4,3.2,22,D,stage=4; position=11; volume=2; shape=0; risk=5,低優先
4936,AXXZIA Inc.,309.0,👀 監視継続,1.36,✗,✗,✗,✗,✓,✗,✗,✗,✗,✗,-6.1,1.3,22,D,stage=4; position=8; volume=0; shape=0; risk=10,低優先
6424,"Takamisawa Cybernetics Company, Ltd.",886.0,👀 監視継続,0.37,✗,✗,✗,✗,✓,✗,✗,✗,✗,✗,-2.2,0.7,22,D,stage=4; position=8; volume=0; shape=0; risk=10,低優先
6897,Twinbird Corporation,644.0,👀 監視継続,0.49,✗,✗,✗,✗,✓,✗,✗,✓,✓,✗,-15.6,10.9,22,D,stage=4; position=16; volume=0; shape=0; risk=2,低優先
7037,teno. Holdings Company Limited,795.0,👀 監視継続,1.11,✗,✗,✗,✗,✓,✗,✗,✗,✗,✗,-6.6,0.6,22,D,stage=4; position=8; volume=0; shape=0; risk=10,低優先
7325,IRRC Corporation,685.0,👀 監視継続,1.42,✗,✗,✗,✗,✓,✗,✗,✗,✗,✗,-3.4,1.6,22,D,stage=4; position=8; volume=0; shape=0; risk=10,低優先
7461,"Kimura Co.,Ltd.",468.0,👀 監視継続,0.9,✗,✗,✗,✗,✓,✗,✗,✗,✗,✗,-5.5,1.7,22,D,stage=4; position=8; volume=0; shape=0; risk=10,低優先
7601,"Poplar Co., Ltd.",161.0,👀 監視継続,0.25,✗,✗,✗,✗,✓,✗,✗,✗,✗,✗,-3.6,0.6,22,D,stage=4; position=8; volume=0; shape=0; risk=10,低優先
7850,"Sougou Shouken Co.,Ltd.",795.0,👀 監視継続,0.46,✗,✗,✗,✗,✓,✗,✗,✗,✗,✗,-3.9,0.5,22,D,stage=4; position=8; volume=0; shape=0; risk=10,低優先
9225,Bridge Consulting Group Inc.,957.0,👀 監視継続,1.39,✗,✗,✗,✗,✓,✗,✗,✗,✗,✗,-3.0,0.2,22,D,stage=4; position=8; volume=0; shape=0; risk=10,低優先
9656,Greenland Resort Company Limited,599.0,👀 監視継続,0.79,✗,✗,✗,✗,✓,✗,✗,✗,✗,✗,-2.3,3.2,22,D,stage=4; position=8; volume=0; shape=0; risk=10,低優先
9876,"Cox Co., Ltd.",216.0,👀 監視継続,0.56,✗,✗,✗,✗,✓,✗,✗,✗,✗,✗,-4.4,1.4,22,D,stage=4; position=8; volume=0; shape=0; risk=10,低優先
8230,"Hasegawa Co., Ltd.",306.0,👀 監視継続,0.83,✗,✗,✗,✗,✓,✗,✗,✗,✗,✗,-2.9,0.0,21,D,stage=4; position=8; volume=0; shape=0; risk=9,低優先
302A,"b-style holdings,Inc.",575.0,👀 監視継続,0.23,✗,✗,✗,✗,✓,✗,✗,✗,✗,✗,-12.7,0.2,20,D,stage=4; position=8; volume=0; shape=0; risk=8,低優先
3134,Hamee Corp.,283.0,👀 監視継続,0.3,✗,✗,✗,✗,✓,✗,✗,✗,✗,✗,-12.9,4.6,20,D,stage=4; position=8; volume=0; shape=0; risk=8,低優先
442A,"Classico, Inc.",856.0,👀 監視継続,1.04,✓,✗,✗,✗,✗,✗,✗,✗,✗,✗,-13.8,1.9,20,D,stage=4; position=0; volume=8; shape=0; risk=8,低優先
549A,"HITO-TO-HITO Holdings Co.,Ltd.",475.0,👀 監視継続,0.91,✓,✗,✗,✗,✗,✗,✗,✗,✗,✗,-10.4,2.1,20,D,stage=4; position=0; volume=8; shape=0; risk=8,低優先
5967,"Tone Co., Ltd.",443.0,👀 監視継続,0.42,✗,✗,✗,✗,✓,✗,✗,✗,✗,✗,-10.5,1.4,20,D,stage=4; position=8; volume=0; shape=0; risk=8,低優先
6094,"FreakOut Holdings, inc.",525.0,👀 監視継続,0.54,✗,✗,✗,✗,✓,✗,✗,✗,✗,✗,-11.5,1.5,20,D,stage=4; position=8; volume=0; shape=0; risk=8,低優先
6840,"AKIBA Holdings Co.,Ltd.",755.0,👀 監視継続,0.43,✗,✗,✗,✗,✓,✗,✗,✗,✓,✗,-11.2,11.1,20,D,stage=4; position=11; volume=0; shape=0; risk=5,低優先
7061,Japan Hospice Holdings Inc.,483.0,👀 監視継続,1.47,✗,✗,✗,✗,✓,✗,✗,✗,✗,✗,-9.7,3.7,20,D,stage=4; position=8; volume=0; shape=0; risk=8,低優先
7353,"KIYO Learning Co.,Ltd.",499.0,👀 監視継続,0.71,✗,✗,✗,✗,✓,✗,✗,✗,✗,✗,-10.9,0.6,20,D,stage=4; position=8; volume=0; shape=0; risk=8,低優先
7692,Earth Infinity Co.Ltd.,78.0,👀 監視継続,0.28,✗,✗,✗,✗,✓,✗,✗,✗,✗,✗,-8.2,2.6,20,D,stage=4; position=8; volume=0; shape=0; risk=8,低優先
9258,"CS-C.Co.,Ltd.",288.0,👀 監視継続,0.2,✗,✗,✗,✗,✓,✗,✗,✗,✗,✗,-8.6,2.8,20,D,stage=4; position=8; volume=0; shape=0; risk=8,低優先
1844,"Ohmori Co.,Ltd.",455.0,👀 監視継続,0.16,✗,✗,✗,✗,✓,✗,✗,✗,✗,✗,-12.5,5.9,19,D,stage=4; position=8; volume=0; shape=0; risk=7,低優先
3422,"J-MAX Co.,Ltd.",602.0,👀 監視継続,0.55,✗,✗,✗,✗,✓,✗,✗,✓,✓,✗,-8.6,21.1,19,D,stage=4; position=16; volume=0; shape=0; risk=-1 | risk: stop width >15%,低優先
3895,Havix Corporation,474.0,👀 監視継続,0.37,✗,✗,✗,✗,✓,✗,✗,✓,✓,✗,-11.9,15.4,19,D,stage=4; position=16; volume=0; shape=0; risk=-1 | risk: stop width >15%,低優先
6081,"Allied Architects, Inc.",144.0,👀 監視継続,0.85,✗,✗,✓,✗,✓,✗,✗,✗,✗,✗,-28.7,5.6,19,D,stage=4; position=8; volume=0; shape=6; risk=1 | risk: recent-high drawdown >20%,低優先
6634,JN Group Inc.,71.0,👀 監視継続,0.11,✗,✗,✗,✗,✓,✗,✗,✓,✗,✗,-15.5,8.5,19,D,stage=4; position=13; volume=0; shape=0; risk=2,低優先
8165,"Senshukai Co., Ltd.",100.0,👀 監視継続,0.8,✗,✗,✗,✗,✓,✗,✗,✗,✗,✗,-9.1,0.0,19,D,stage=4; position=8; volume=0; shape=0; risk=7,低優先
2345,"HODL 1,inc.",101.0,👀 監視継続,0.13,✓,✗,✗,✗,✗,✗,✗,✗,✗,✗,-17.2,7.9,16,D,stage=4; position=0; volume=8; shape=0; risk=4,低優先
281A,"Informetis Co., Ltd.",395.0,👀 監視継続,0.25,✓,✗,✗,✗,✗,✗,✗,✗,✗,✗,-15.1,0.0,16,D,stage=4; position=0; volume=8; shape=0; risk=4,低優先
2375,GiG Works Inc.,197.0,👀 監視継続,0.47,✗,✗,✗,✗,✓,✗,✗,✗,✗,✗,-23.3,0.5,14,D,stage=4; position=8; volume=0; shape=0; risk=2 | risk: recent-high drawdown >20%,低優先
6659,"Media Links Co.,Ltd.",46.0,👀 監視継続,1.06,✗,✗,✗,✗,✗,✗,✗,✗,✗,✗,-16.4,8.7,6,D,stage=4; position=0; volume=0; shape=0; risk=2,低優先
