銘柄コード,銘柄名,株価,時価総額(億円),出来高比率,値幅(%),MA5上,MA25上,下値集中,判定
2156,Saylor Advertising.Inc.,290.0,14.9,243.27,6.2,✓,✓,✓,★ Step1（初動）
3477,"FORLIFE Co., Ltd.",907.5,36.7,3.07,4.1,✓,✓,✓,★ Step1（初動）
1446,"CANDEAL Co.,Ltd",533.0,49.6,3.35,1.5,✓,✓,✓,★ Step1（初動）
2179,"Seigakusha Co.,Ltd.",822.0,45.6,0.2,5.1,✓,✓,✓,◆ Step0（仕込み）
241A,"ROXX,inc.",434.0,31.6,0.87,4.6,✓,✓,✓,◆ Step0（仕込み）
2425,"Care Service Co.,Ltd.",680.0,25.8,1.04,2.9,✓,✓,✓,◆ Step0（仕込み）
220A,Faber Company Inc.,925.0,25.4,0.89,5.4,✓,✓,✓,◆ Step0（仕込み）
2485,Tear Corporation,438.0,98.6,2.1,1.8,✓,✓,✓,◆ Step0（仕込み）
2300,"Kyokuto Co., Ltd.",502.0,26.4,2.44,1.2,✓,✓,✓,◆ Step0（仕込み）
2304,"CSS Holdings,Ltd.",904.0,44.8,0.65,2.5,✓,✓,✓,◆ Step0（仕込み）
1380,"Akikawa Foods & Farms Co., Ltd.",999.0,41.6,0.17,0.5,✓,✓,✓,◆ Step0（仕込み）
2341,"Arbeit-Times Co., Ltd.",176.0,32.2,1.1,3.5,✓,✓,✓,◆ Step0（仕込み）
1418,"Interlife Holdings Co., Ltd.",601.0,91.7,0.46,4.7,✓,✓,✓,◆ Step0（仕込み）
1443,"Giken Holdings Co., Ltd.",278.0,45.1,0.78,6.3,✓,✓,✓,◆ Step0（仕込み）
149A,"Thinca Co.,Ltd.",808.0,27.6,0.72,4.4,✓,✓,✓,◆ Step0（仕込み）
1724,Synclayer Inc.,732.0,32.8,0.69,4.1,✓,✓,✓,◆ Step0（仕込み）
9950,"Hachi-Ban Co., Ltd.",,98.0,1.01,3.2,✗,✗,✓,監視候補
9941,"Taiyo Bussan Kaisha,Ltd.",,25.7,0.24,18.8,✗,✗,✗,監視候補
9930,"Kitazawa Sangyo Co., Ltd.",,72.9,1.08,3.1,✗,✗,✓,監視候補
9929,"Heiwa Paper Co.,Ltd.",,43.4,1.14,1.9,✗,✗,✓,監視候補
9904,"Verite Co., Ltd.",,65.4,0.28,3.3,✗,✗,✓,監視候補
9903,"Kanseki Co., Ltd.",,66.5,0.37,2.7,✗,✗,✓,監視候補
9895,Consec Corporation,,22.1,2.74,2.5,✗,✗,✓,監視候補
9885,"Charle Co.,Ltd.",,49.1,0.9,1.5,✗,✗,✓,監視候補
9878,"SEKIDO Co., Ltd.",,12.5,2.03,8.3,✗,✗,✗,監視候補
9876,"Cox Co., Ltd.",,61.6,0.31,4.2,✗,✗,✓,監視候補
9872,"Kitakei Co., Ltd.",,89.4,1.91,2.5,✗,✗,✓,監視候補
9867,Solekia Limited,,90.8,0.69,5.7,✗,✗,✓,監視候補
9854,"Aigan Co.,Ltd.",,51.4,0.81,8.9,✗,✗,✓,監視候補
9853,"Ginza Renoir Co., Ltd.",,55.2,1.73,0.4,✗,✗,✓,監視候補
9849,Kyodo Paper Holdings,,30.2,4.14,1.0,✗,✗,✓,監視候補
9835,"Juntendo Co.,Ltd.",,41.4,0.23,1.4,✗,✗,✓,監視候補
1711,"SDS HOLDINGS Co.,Ltd.",239.0,24.9,2.16,3.8,✗,✗,✗,監視候補
157A,Green Monster Inc.,771.0,24.9,1.97,7.5,✓,✓,✗,監視候補
156A,Material Group Inc.,864.0,81.6,0.53,7.1,✗,✓,✓,監視候補
155A,"Information Strategy and Technology Co.,Ltd.",759.0,78.3,2.13,12.1,✗,✗,✗,監視候補
151A,Dive Group Inc.,632.0,53.1,0.41,6.7,✓,✗,✓,監視候補
145A,L is B corp.,895.0,46.1,0.85,4.5,✓,✗,✓,監視候補
143A,"Ishin Co., Ltd.",697.0,13.5,0.34,6.2,✗,✗,✓,監視候補
1420,Sanyo Homes Corporation,629.0,78.0,0.98,1.3,✗,✗,✓,監視候補
137A,"Cocolive, Inc.",706.0,20.6,0.15,7.7,✓,✗,✓,監視候補
9969,"Shokubun Co., Ltd.",,36.4,0.59,1.7,✗,✗,✓,監視候補
2370,"MEDINET Co., Ltd.",24.0,67.6,0.65,8.3,✗,✗,✓,監視候補
2351,ASJ Inc.,326.0,25.4,0.13,6.4,✗,✗,✗,監視候補
2345,"HODL 1,inc.",94.0,17.5,0.31,18.1,✗,✗,✗,監視候補
2342,Transgenic Group Inc.,245.0,40.8,0.37,6.1,✗,✗,✓,監視候補
2323,fonfun corporation,343.0,72.0,0.91,15.8,✗,✓,✗,監視候補
2311,"EPCO Co.,Ltd.",786.0,70.1,0.64,2.2,✗,✗,✓,監視候補
2291,"Fukutome Meat Packers, Ltd.",507.0,16.9,0.4,0.8,✗,✗,✓,監視候補
2286,"Hayashikane Sangyo Co.,Ltd.",898.0,73.3,0.92,6.0,✗,✗,✓,監視候補
2215,"First Baking Co., Ltd.",619.0,42.9,0.4,2.1,✗,✓,✓,監視候補
2195,"Amita Holdings Co.,Ltd.",369.0,64.8,0.16,14.6,✗,✗,✗,監視候補
2193,Cookpad Inc.,127.0,91.3,1.04,7.9,✗,✗,✓,監視候補
2186,Sobal Corporation,900.0,70.8,0.41,2.0,✓,✗,✓,監視候補
2454,"All About, Inc.",338.0,47.6,5.6,5.6,✗,✗,✗,監視候補
2440,"Gurunavi, Inc.",119.0,67.1,1.66,12.6,✗,✗,✓,監視候補
2438,"Asukanet Co., Ltd.",342.0,51.3,0.21,12.2,✗,✗,✗,監視候補
2437,"Shinwa Wise Holdings Co.,Ltd.",618.0,68.1,0.27,9.2,✗,✗,✓,監視候補
2435,"CEDAR.Co.,Ltd.",204.0,22.9,0.59,3.4,✗,✗,✓,監視候補
2424,Brass Corporation,616.0,32.8,0.98,10.4,✓,✓,✗,監視候補
2411,Gendai Agency Inc.,456.0,50.2,1.82,1.5,✗,✗,✓,監視候補
2408,"KG Intelligence CO., LTD.",831.0,59.6,0.17,6.3,✗,✗,✓,監視候補
2404,"Tetsujin Holdings, Inc.",530.0,70.8,0.28,4.4,✗,✗,✓,監視候補
2388,"Wedge Holdings CO.,LTD.",31.0,13.2,0.2,16.7,✓,✗,✗,監視候補
2385,Soiken Holdings Inc.,216.0,56.5,0.88,14.1,✗,✗,✓,監視候補
2376,Scinex Corporation,783.0,43.9,0.45,5.1,✗,✗,✗,監視候補
2375,GiG Works Inc.,204.0,40.6,0.88,18.8,✓,✗,✓,監視候補
2373,Care Twentyone Corporation,451.0,61.0,1.07,12.2,✓,✓,✗,監視候補
2683,"UOGroup CO.,LTD.",,25.0,0.52,0.8,✗,✗,✓,監視候補
2673,"YUMEMITSUKETAI Co.,Ltd.",,10.3,0.14,16.5,✗,✗,✓,監視候補
2668,Tabio Corporation,,86.6,0.18,1.0,✗,✗,✓,監視候補
2666,"AUTOWAVE Co., Ltd.",,27.5,0.64,5.5,✗,✗,✓,監視候補
265A,Hmcomm Inc.,,30.5,0.34,12.8,✗,✗,✗,監視候補
2656,Vector HOLDINGS Inc.,,50.7,0.34,15.6,✗,✗,✗,監視候補
2654,Asmo Corporation,,53.9,6.49,5.9,✗,✗,✓,監視候補
264A,"Schoo,inc.",,37.0,0.19,15.7,✗,✗,✗,監視候補
2499,"Nihonwasou Holdings, Inc.",303.0,27.4,1.27,3.0,✗,✓,✓,監視候補
2493,"E-SUPPORTLINK, Ltd.",953.0,42.2,0.32,1.7,✗,✓,✓,監視候補
248A,KIDS STAR Inc.,806.0,21.1,1.97,2.4,✗,✗,✓,監視候補
2481,"Townnews-Sha Co.,Ltd.",741.0,40.9,2.15,10.9,✓,✓,✗,監視候補
2479,JTEC Corporation,266.0,21.4,2.68,8.9,✗,✓,✓,監視候補
2464,"Aoba-BBT, Inc.",374.0,47.1,0.4,5.0,✗,✓,✓,監視候補
2459,"AUN CONSULTING, Inc.",177.0,13.3,0.08,4.6,✗,✗,✓,監視候補
2795,Nippon Primex Inc.,,50.6,1.48,5.3,✗,✗,✓,監視候補
2789,"Karula Co.,LTD.",,28.2,1.79,3.0,✗,✗,✓,監視候補
2788,"Apple International Co., Ltd.",,52.7,0.93,15.2,✗,✗,✗,監視候補
2778,"Palemo Holdings Co.,Ltd.",,14.0,2.03,7.1,✗,✗,✓,監視候補
2776,"SHINTO Holdings, Inc.",,52.4,0.51,11.8,✗,✗,✗,監視候補
2769,"Village Vanguard CO.,LTD.",,73.4,0.96,1.6,✗,✗,✓,監視候補
2762,"Sanko Marketing Foods Co., Ltd.",,29.4,3.54,9.2,✗,✗,✗,監視候補
2747,"Hokuyu Lucky Co.,Ltd.",,40.1,0.66,3.2,✗,✗,✓,監視候補
2736,"Festaria Holdings Co., Ltd.",,22.0,0.95,5.7,✗,✗,✓,監視候補
2735,"Watts Co., Ltd.",,95.0,0.91,9.4,✗,✗,✓,監視候補
2722,"IK HOLDINGS Co.,Ltd.",,27.2,0.36,1.4,✗,✗,✓,監視候補
2721,J-Holdings Corp.,,16.7,0.25,9.9,✗,✗,✗,監視候補
2708,"Kuze Co., Ltd.",,87.5,0.8,2.6,✗,✗,✓,監視候補
269A,Sapeet Inc.,,46.5,1.35,15.6,✗,✗,✗,監視候補
2693,YKT Corporation,,33.3,0.34,5.9,✗,✗,✓,監視候補
2687,CVS Bay Area Inc.,,24.4,0.39,2.2,✗,✗,✓,監視候補
2961,Nitcho Corporation,,66.5,0.61,12.0,✗,✗,✗,監視候補
2926,"Shinozakiya, Inc.",,16.3,0.5,5.7,✗,✗,✓,監視候補
2917,"Ohmoriya Co.,Ltd.",,44.2,3.31,2.6,✗,✗,✓,監視候補
2916,"Semba Tohka Industries Co., Ltd",,82.6,1.02,2.2,✗,✗,✓,監視候補
2911,"Asahimatsu Foods Co., Ltd.",,40.2,1.53,2.2,✗,✗,✓,監視候補
2901,Wel-Dish.Incorporated,,38.9,4.59,9.8,✗,✗,✗,監視候補
2894,"Ishii Food Co., Ltd.",,61.6,1.12,6.6,✗,✗,✓,監視候補
288A,Laxus Technologies Inc.,,24.1,0.6,6.5,✗,✗,✓,監視候補
2877,NittoBest Corporation,,91.9,0.12,2.7,✗,✗,✓,監視候補
2876,Delsole Corporation,,41.8,0.29,5.2,✗,✗,✓,監視候補
2872,"Seihyo Co., Ltd.",,27.0,0.17,2.2,✗,✗,✓,監視候補
281A,"Informetis Co., Ltd.",,23.1,0.49,13.6,✗,✗,✓,監視候補
2813,"Wakou Shokuhin Co., Ltd.",,97.3,0.79,2.1,✗,✗,✓,監視候補
280A,TMH Inc.,,39.9,0.2,11.6,✗,✗,✗,監視候補
2798,Y's Table Corporation,,98.9,0.53,0.5,✗,✗,✓,監視候補
2796,Pharmarise Holdings Corporation,,58.1,0.92,3.0,✗,✗,✓,監視候補
3045,"Kawasaki & Co., Ltd.",,31.4,0.67,1.3,✗,✗,✓,監視候補
3042,SecuAvail Inc.,,22.2,0.68,6.5,✗,✗,✗,監視候補
3041,"Beauty Kadan Holdings Co., Ltd.",,16.4,0.26,3.2,✗,✗,✓,監視候補
303A,visumo Inc.,,12.5,1.36,9.2,✗,✗,✗,監視候補
3035,ktk Inc.,,42.8,0.15,4.1,✗,✗,✓,監視候補
302A,"b-style holdings,Inc.",,16.9,0.41,10.6,✗,✗,✓,監視候補
3024,Create Corporation,,47.4,2.17,8.2,✗,✗,✓,監視候補
3021,"Pacific Net Co.,Ltd.",,85.3,0.32,5.6,✗,✗,✓,監視候補
3011,"Banners Co., Ltd.",,21.6,0.32,4.3,✗,✗,✓,監視候補
3004,Shinyei Kaisha,,79.4,1.04,2.9,✗,✗,✓,監視候補
2999,"Home Position Co., Ltd.",,48.7,0.43,10.0,✗,✗,✓,監視候補
2997,"STORAGE-OH Co.,Ltd.",,25.0,0.04,0.2,✗,✗,✓,監視候補
2993,Choei Inc.,,95.0,0.21,3.0,✗,✗,✓,監視候補
298A,"GVA TECH,Inc.",,15.2,0.61,16.0,✗,✗,✗,監視候補
2984,"Yamaichi Real Estate Co., Ltd",,68.8,2.17,5.7,✗,✗,✗,監視候補
2978,TSUKURUBA Inc.,,37.6,0.17,9.6,✗,✗,✗,監視候補
3137,"Fundely Co., Ltd.",,27.3,0.7,8.3,✗,✗,✓,監視候補
3135,"MarketEnterprise Co.,Ltd",,62.3,0.61,5.7,✗,✗,✓,監視候補
3134,Hamee Corp.,,47.8,0.65,13.2,✗,✗,✗,監視候補
3123,"Saibo Co., Ltd.",,81.6,0.52,1.6,✗,✗,✓,監視候補
3121,"MBK Co.,Ltd.",,76.6,0.46,10.8,✗,✗,✓,監視候補
3113,UNIVA Oak Holdings Limited,,77.4,0.54,8.8,✗,✗,✓,監視候補
3111,"Omikenshi Co., Ltd.",,11.2,1.2,10.9,✗,✗,✓,監視候補
3089,"Techno Alpha Co., Ltd.",,19.4,0.59,8.2,✗,✗,✓,監視候補
3071,"Stream Co.,Ltd.",,28.2,1.31,7.0,✗,✗,✓,監視候補
3069,JFLA Holdings Inc.,,75.7,1.27,6.3,✗,✗,✗,監視候補
3067,"Tokyo Ichiban Foods Co., Ltd.",,40.5,7.44,2.2,✗,✗,✓,監視候補
3065,"Life Foods Co., Ltd.",,49.1,2.3,0.6,✗,✗,✓,監視候補
3059,"Hiraki Co.,Ltd.",,34.4,1.31,0.6,✗,✗,✓,監視候補
3058,Sanyodo Holdings Inc,,51.5,1.36,2.3,✗,✗,✓,監視候補
3054,HYPER Inc.,,36.6,0.14,10.8,✗,✗,✗,監視候補
304A,"FORCIA, Inc.",,26.4,2.15,7.3,✗,✗,✗,監視候補
3236,"Properst Co., Ltd.",,92.3,0.74,6.9,✗,✗,✓,監視候補
3224,"General Oyster, Inc.",,35.0,2.87,3.2,✗,✗,✓,監視候補
3223,"SLD Entertainment, Inc.",,15.5,0.91,6.1,✗,✗,✓,監視候補
3204,Toabo Corporation,,44.2,0.38,2.6,✗,✗,✓,監視候補
3202,"Daitobo Co., Ltd.",,38.5,1.37,3.1,✗,✗,✓,監視候補
3192,"Shirohato Co., Ltd.",,16.2,1.75,17.1,✗,✗,✗,監視候補
3190,"HOTMAN Co.,Ltd.",,40.2,1.71,1.2,✗,✗,✓,監視候補
3187,miratap inc.,,71.1,0.5,18.5,✗,✗,✗,監視候補
3181,"Kaitori Okoku Co., Ltd.",,38.5,0.23,5.4,✗,✗,✓,監視候補
3177,"Arigatou Services Company, Limited",,47.2,4.3,19.3,✗,✗,✗,監視候補
3174,"Happiness and D Co.,Ltd.",,11.6,1.34,7.5,✗,✗,✗,監視候補
3172,"Tea Life Co., Ltd.",,48.2,0.27,0.8,✗,✗,✓,監視候補
3169,"Misawa & Co., Ltd.",,48.9,0.99,3.4,✗,✗,✓,監視候補
3161,AZEARTH Corporation,,38.5,0.95,2.3,✗,✗,✓,監視候補
3160,"Oomitsu Co., Ltd.",,82.8,1.58,4.0,✗,✗,✓,監視候補
3138,"Fujisan Magazine Service Co., Ltd.",,38.3,1.17,3.8,✗,✗,✓,監視候補
3317,"Flying Garden Co., Ltd.",,43.4,1.0,1.7,✗,✗,✓,監視候補
330A,TalentX Inc.,,29.2,0.37,15.1,✗,✗,✓,監視候補
3297,"Toubujyuhan Co.,Ltd.",,32.7,9.41,1.6,✗,✗,✓,監視候補
3293,"AZUMA HOUSE Co., Ltd.",,60.9,2.78,2.1,✗,✗,✓,監視候補
3286,TRUST Holdings Inc.,,31.6,0.96,2.3,✗,✗,✓,監視候補
3280,"STrust Co.,Ltd.",,56.9,0.19,1.8,✗,✗,✓,監視候補
3267,"Phil Company, Inc.",,33.5,1.22,5.6,✗,✗,✓,監視候補
3266,Fund Creation Group Company Limited,,29.7,0.42,2.5,✗,✗,✓,監視候補
3261,"GRANDES, Inc.",,18.3,0.35,7.3,✗,✗,✗,監視候補
324A,"Booking Resort Co., Ltd.",,40.5,0.57,6.7,✗,✗,✓,監視候補
3248,"Early Age Co., Ltd.",,28.4,4.09,1.5,✗,✗,✓,監視候補
3246,"KOSE R.E. Co.,Ltd.",,69.9,0.74,2.2,✗,✗,✓,監視候補
3241,"WILL,Co.,Ltd.",,68.9,0.61,4.8,✗,✗,✓,監視候補
323A,Flier Inc.,,13.2,0.52,3.2,✗,✗,✓,監視候補
3238,"Central General Development Co., Ltd.",,36.8,0.15,2.6,✗,✗,✓,監視候補
3237,"Intrance Co., Ltd.",,41.8,1.03,10.0,✗,✗,✗,監視候補
339A,"Progress Technologies Group, Inc.",,70.6,0.78,4.8,✗,✗,✓,監視候補
3396,Felissimo Corporation,,61.2,0.25,1.9,✗,✗,✓,監視候補
3386,"Cosmo Bio Company,Limited",,71.7,0.55,1.9,✗,✗,✓,監視候補
3377,BIKE O & COMPANY Ltd.,,56.4,0.66,3.9,✗,✗,✓,監視候補
3375,Zoa Corporation,,22.1,0.16,3.8,✗,✗,✓,監視候補
3372,"KANMONKAI Co., Ltd.",,29.9,2.86,1.4,✗,✗,✓,監視候補
3370,"FUJITA CORPORATION Co.,Ltd.",,16.3,0.78,5.6,✗,✗,✓,監視候補
335A,Mirairo Inc.,,35.0,0.25,12.9,✗,✗,✓,監視候補
3359,"cotta CO.,LTD",,53.1,2.05,5.4,✗,✗,✓,監視候補
3358,"Trailhead Global Holdings,Inc.",,34.3,0.37,7.5,✗,✗,✓,監視候補
3352,"Buffalo Co.,Ltd.",,41.8,0.53,4.0,✗,✗,✓,監視候補
334A,"Visual Processing Japan Co., Ltd.",,39.8,1.06,16.9,✗,✗,✗,監視候補
3326,"Runsystem Co.,Ltd.",,28.4,3.22,6.0,✗,✗,✓,監視候補
3323,"Recomm Co., Ltd.",,75.9,0.31,6.6,✗,✗,✓,監視候補
3320,Cross Plus Inc.,,96.6,0.27,3.2,✗,✗,✓,監視候補
331A,Medix Inc.,,35.1,3.9,1.7,✗,✗,✓,監視候補
3490,"Azplanning Co.,Ltd.",,46.7,0.47,2.2,✗,✗,✓,監視候補
3474,"G-Factory Co.,Ltd.",,38.9,0.47,3.2,✗,✗,✓,監視候補
3469,"Dualtap Co., Ltd.",,39.0,0.41,3.0,✗,✗,✓,監視候補
3461,"Palma Co., Ltd.",,39.6,5.69,6.1,✗,✗,✓,監視候補
3446,JTEC Corporation,,92.2,0.28,10.5,✗,✗,✗,監視候補
3440,"NISSO GROUP Co.,Ltd.",,55.3,0.35,3.9,✗,✗,✓,監視候補
343A,IACE TRAVEL Corporation.,,62.0,1.14,2.9,✗,✗,✓,監視候補
3439,Mitsuchi Corporation,677.0,31.7,0.61,2.2,✗,✗,✓,監視候補
3437,"Tokuden Co., Ltd.",,41.5,1.63,4.5,✗,✗,✓,監視候補
3426,"Atom Livin Tech Co., Ltd.",,51.9,0.26,2.0,✗,✗,✓,監視候補
3423,SE Corporation,,80.1,1.29,4.5,✗,✗,✓,監視候補
3422,"J-MAX Co.,Ltd.",,78.2,2.8,6.5,✗,✗,✗,監視候補
3416,PIXTA Inc.,,15.7,0.95,5.8,✗,✗,✓,監視候補
340A,"zig-zag,Inc.",,25.4,0.31,6.7,✗,✗,✓,監視候補
3409,"Kitabo Co.,Ltd",,24.3,2.82,19.2,✗,✗,✗,監視候補
3622,Netyear Group Corporation,,34.4,0.41,2.9,✗,✗,✓,監視候補
3607,"Kuraudia Holdings Co.,Ltd.",,33.8,13.67,8.3,✗,✗,✗,監視候補
3598,"Yamaki Co.,Ltd.",,22.8,1.86,3.7,✗,✗,✓,監視候補
3577,Tokai Senko K.K.,,29.0,0.75,3.7,✗,✗,✓,監視候補
3571,"Sotoh Co., Ltd.",,85.8,1.48,3.5,✗,✗,✓,監視候補
3566,"Uniform Next Co., Ltd.",,74.0,0.65,11.6,✗,✗,✓,監視候補
3559,p-ban.com Corp.,,21.0,0.73,6.7,✗,✗,✗,監視候補
3557,"United & Collective Co., Ltd.",,24.9,0.67,3.4,✗,✗,✓,監視候補
3550,"STUDIO ATAO Co., Ltd.",,30.3,2.04,1.4,✗,✗,✓,監視候補
3538,WILLPLUS Holdings Corporation,,93.3,1.06,4.7,✗,✗,✓,監視候補
3537,"Shoei Yakuhin Co.,Ltd.",,59.1,4.29,6.2,✗,✗,✗,監視候補
3536,"Axas Holdings Co.,Ltd.",,38.5,0.15,2.4,✗,✗,✓,監視候補
352A,"LOIVE Co.,Ltd.",,69.3,0.2,2.6,✗,✗,✓,監視候補
3524,"Nitto Seimo Co., Ltd.",,38.4,0.2,1.1,✗,✗,✓,監視候補
3521,"Thermae-Yu Holdings Co., Ltd.",,41.8,0.55,1.9,✗,✗,✓,監視候補
3494,"Mullion Co., Ltd.",,32.8,3.03,5.0,✗,✗,✓,監視候補
3682,"Encourage Technologies Co., Ltd.",,39.5,0.79,5.3,✗,✗,✓,監視候補
3680,"Hottolink, Inc.",,31.4,3.95,4.0,✗,✗,✓,監視候補
3674,"Aucfan Co., Ltd.",,35.1,6.62,4.2,✗,✗,✓,監視候補
3672,AltPlus Inc.,,26.1,0.29,7.1,✗,✗,✓,監視候補
3671,"Softmax Co., Ltd",,72.9,0.15,3.3,✗,✗,✓,監視候補
3667,"enish,inc.",,14.7,0.2,3.7,✗,✗,✓,監視候補
365A,"Izawa Towel Co.,Ltd.",,71.7,0.59,3.5,✗,✗,✓,監視候補
3647,"ASULINA Co.,Ltd.",,24.6,0.11,14.7,✗,✗,✓,監視候補
3646,"Ekitan & Co., Ltd.",,16.3,1.02,10.1,✗,✗,✗,監視候補
3641,"Papyless Co., Ltd.",,77.3,1.38,1.6,✗,✗,✓,監視候補
3639,Voltage Incorporation,,15.1,1.07,5.7,✗,✗,✓,監視候補
3634,Sockets Inc.,,14.4,0.54,3.2,✗,✗,✓,監視候補
3627,Tecmira Holdings Inc.,,33.3,3.56,2.3,✗,✗,✓,監視候補
3625,Techfirm Holdings Inc.,,51.9,0.35,14.7,✗,✗,✗,監視候補
3624,Axel Mark Inc.,,56.2,0.42,15.7,✗,✗,✗,監視候補
3623,Billing System Corporation,,79.7,0.59,8.5,✗,✗,✗,監視候補
3760,"CAVE Interactive CO.,LTD.",,45.2,0.45,7.4,✗,✗,✗,監視候補
3758,Aeria Inc.,,49.6,0.28,2.9,✗,✗,✓,監視候補
3753,FLIGHT SOLUTIONS Inc.,,30.1,0.22,19.5,✗,✗,✗,監視候補
3750,ADR Biomedical Holdings Inc.,,72.3,4.12,11.1,✗,✗,✓,監視候補
3747,"Intertrade Co.,Ltd.",,29.2,0.69,9.8,✗,✗,✓,監視候補
3744,SIOS Corporation,,40.6,0.17,3.5,✗,✗,✓,監視候補
373A,"LIPPS Co.,Ltd",,39.3,1.51,4.0,✗,✗,✓,監視候補
3727,Aplix Corporation,,70.6,0.24,8.8,✗,✗,✗,監視候補
3726,"4Cs HD Co., Ltd.",,44.4,5.37,10.0,✗,✗,✗,監視候補
3719,"AI storm Co., Ltd.",,33.8,0.52,6.1,✗,✗,✓,監視候補
3710,"Jorudan Co.,Ltd.",,32.8,0.65,2.2,✗,✗,✓,監視候補
3698,"CRI Middleware Co., Ltd.",,62.7,0.38,3.3,✗,✗,✓,監視候補
3695,"GMO Product Platform, Inc.",,72.5,0.94,19.2,✗,✗,✗,監視候補
3691,"DIGITAL PLUS, Inc.",,79.3,0.93,8.0,✗,✗,✗,監視候補
3690,YRGLM Inc.,,33.9,2.37,6.6,✗,✗,✓,監視候補
3686,DLE Inc.,,26.9,34.0,6.8,✗,✗,✗,監視候補
3848,"Data Applications Company, Limited",,52.3,2.2,4.2,✗,✗,✓,監視候補
3845,I-Freek Mobile Inc.,,73.2,0.29,19.5,✗,✗,✗,監視候補
3841,Jedat Inc.,,50.8,0.47,8.5,✗,✗,✓,監視候補
3840,VIXTON Corporation,,52.9,0.57,12.3,✗,✗,✗,監視候補
3839,"ODK Solutions Company, Ltd.",,51.5,2.92,6.6,✗,✗,✗,監視候補
3826,System Integrator Corp.,,54.0,0.35,2.9,✗,✗,✓,監視候補
3816,"Daiwa Computer Co., Ltd.",,42.6,0.32,5.6,✗,✗,✓,監視候補
3815,"Media Kobo, Inc.",,46.7,0.22,1.9,✗,✗,✓,監視候補
3807,Fisco Ltd.,,41.2,0.79,8.1,✗,✗,✗,監視候補
3804,System D Inc.,,86.1,1.87,10.2,✗,✗,✗,監視候補
3802,"Ecomic Co., Ltd",,17.0,0.75,1.4,✗,✗,✓,監視候補
3799,Keyware Solutions Inc.,,92.2,2.29,3.8,✗,✗,✓,監視候補
3796,"e-Seikatsu Co.,Ltd.",,41.5,4.18,10.6,✗,✗,✗,監視候補
3779,"J Escom Holdings,Inc.",,14.0,1.93,9.1,✗,✗,✗,監視候補
3768,Riskmonster.com,,42.7,0.36,3.6,✗,✗,✓,監視候補
3766,"Systems Design Co., Ltd.",,52.7,2.82,11.7,✗,✗,✗,監視候補
3920,"Internetworking and Broadband Consulting Co.,Ltd.",,54.5,0.31,2.4,✗,✗,✓,監視候補
3917,"iRidge, Inc.",,38.8,0.2,13.5,✗,✗,✓,監視候補
3913,"GreenBee, Inc.",,22.5,0.22,7.2,✗,✗,✓,監視候補
3912,"Mobile Factory, Inc.",,70.9,2.39,7.9,✗,✗,✗,監視候補
3911,Aiming Inc.,,79.8,0.58,8.1,✗,✗,✓,監視候補
3910,MKSystem Corporation,,15.8,0.52,3.5,✗,✗,✓,監視候補
3909,Showcase Inc.,,16.8,0.26,5.3,✗,✗,✗,監視候補
3908,Collabos Corporation,,16.6,3.21,6.3,✗,✗,✓,監視候補
3904,KAYAC Inc.,,65.5,0.91,3.4,✗,✗,✓,監視候補
3896,"Awa Paper & Technological Company, Inc.",,42.3,0.51,6.2,✗,✗,✓,監視候補
3895,Havix Corporation,,34.7,0.19,8.4,✗,✗,✓,監視候補
3892,"Okayama Paper Industries Co., Ltd.",,75.2,0.5,4.1,✗,✗,✓,監視候補
387A,"Fuller, Inc.",,16.2,0.36,3.6,✗,✗,✓,監視候補
3878,Tomoegawa Corporation,,85.7,3.42,7.4,✗,✗,✗,監視候補
386A,"Minoya Co., Ltd.",,45.1,0.19,0.6,✗,✗,✓,監視候補
3858,Ubiquitous AI Corporation,,33.5,0.44,9.5,✗,✗,✗,監視候補
3967,"Eltes Co.,Ltd.",,35.4,1.17,6.4,✗,✗,✓,監視候補
3965,"Capital Asset Planning, Inc.",,49.6,4.35,4.2,✗,✗,✓,監視候補
3958,"Sasatoku Printing Co.,Ltd.",,28.9,0.41,4.1,✗,✗,✓,監視候補
3955,"IMURA & Co.,Ltd.",,86.7,0.56,4.9,✗,✗,✓,監視候補
3953,"Ohmura Shigyo Co.,Ltd.",,28.5,0.63,2.7,✗,✗,✓,監視候補
3948,"Hikari Business Form Co., Ltd.",,63.5,1.12,1.8,✗,✗,✓,監視候補
3945,"Superbag Company, Limited",,32.7,0.62,2.2,✗,✗,✓,監視候補
3940,"Nomura System Corporation Co, Ltd.",,57.7,0.56,7.1,✗,✗,✗,監視候補
3936,"Globalway, Inc.",,47.2,0.27,17.7,✗,✗,✓,監視候補
3935,"Edia Co., Ltd.",,41.7,0.55,5.6,✗,✗,✓,監視候補
3933,"CHIeru Co.,Ltd.",,40.3,0.2,5.5,✗,✗,✓,監視候補
3931,VALUE GOLF Inc.,,26.8,0.21,2.2,✗,✗,✓,監視候補
3930,"Hatena Co., Ltd.",,22.3,0.4,5.8,✗,✗,✓,監視候補
3929,"Socialwire Co., Ltd.",,29.2,0.35,9.7,✗,✗,✗,監視候補
3928,Mynet Inc.,,23.0,0.12,3.0,✗,✗,✓,監視候補
3927,Fuva Brain Limited,,47.7,0.69,5.1,✗,✗,✓,監視候補
4031,Katakura & Co-op Agri Corporation,,94.7,0.32,7.4,✗,✗,✓,監視候補
4020,Betrend Corporation,,17.9,1.68,4.3,✗,✗,✓,監視候補
4019,"Stmn, Inc.",,54.4,0.56,11.6,✗,✗,✓,監視候補
4017,Creema Ltd.,,14.3,0.15,5.2,✗,✗,✓,監視候補
4016,"MIT Holdings Co., Ltd.",,21.7,0.98,6.4,✗,✗,✓,監視候補
4015,Paycloud Holdings Inc.,,79.6,0.86,4.8,✗,✗,✗,監視候補
4012,"Axis Co.,Ltd.",,76.9,1.4,7.4,✗,✗,✓,監視候補
3998,"SuRaLa Net Co.,Ltd.",,18.1,0.18,4.2,✗,✗,✓,監視候補
3996,Signpost Corporation,,28.4,0.33,11.6,✗,✗,✗,監視候補
3991,"Wantedly, Inc.",,91.6,0.79,11.5,✗,✗,✓,監視候補
3988,"SYS Holdings Co., Ltd.",,59.2,0.18,4.2,✗,✗,✗,監視候補
3986,"bBreak Systems Company, Limited",,22.7,1.02,5.1,✗,✗,✓,監視候補
3985,TEMONA.inc.,,20.4,3.71,6.4,✗,✗,✓,監視候補
3981,Beaglee Inc.,,69.0,1.62,2.0,✗,✗,✓,監視候補
3974,SCAT Inc.,,20.8,3.92,2.9,✗,✗,✓,監視候補
3970,Innovation Inc.,,22.5,3.13,4.2,✗,✗,✓,監視候補
4124,Osaka Yuka Industry Ltd.,,25.1,2.3,5.7,✗,✗,✓,監視候補
4120,"Sugai Chemical Industry Co., Ltd.",,39.7,0.22,8.6,✗,✗,✗,監視候補
4119,Nippon Pigment Holdings Company Limited,,98.9,0.56,5.6,✗,✗,✓,監視候補
410A,"GMO Commerce, Inc.",,70.3,1.33,16.6,✗,✗,✗,監視候補
4102,"Maruo Calcium Co., Ltd.",,30.6,2.32,1.5,✗,✗,✓,監視候補
4098,"Titan Kogyo, Ltd.",,29.7,0.48,3.4,✗,✗,✓,監視候補
407A,"Unicon Holdings Co., Ltd.",,92.4,0.66,3.3,✗,✗,✓,監視候補
4076,"CNS Co.,Ltd",,58.7,0.97,3.6,✗,✗,✓,監視候補
4074,"LaKeel, Inc.",,51.8,0.15,6.8,✗,✗,✓,監視候補
4069,BlueMeme Inc.,,21.2,0.31,15.9,✗,✗,✗,監視候補
4068,Basis Corporation,,33.5,0.79,4.7,✗,✗,✓,監視候補
4060,rakumo Inc.,,71.2,0.6,5.2,✗,✗,✓,監視候補
4059,"Magmag, Inc.",,11.6,0.12,8.2,✗,✗,✗,監視候補
4057,"Interfactory, Inc.",,14.1,0.49,3.4,✗,✗,✓,監視候補
4054,"Japan PropTech Co.,Ltd.",,71.8,0.37,1.2,✗,✗,✓,監視候補
4040,"Nankai Chemical Company,Limited",,80.3,0.62,5.8,✗,✗,✗,監視候補
4241,atect corporation,,32.3,0.85,17.2,✗,✗,✗,監視候補
4240,"Cluster Technology Co.,Ltd.",,17.1,0.65,7.3,✗,✗,✓,監視候補
4237,Fujipream Corporation,,95.4,0.48,11.6,✗,✗,✓,監視候補
4234,"Sun A.Kaken Company,Limited",,97.6,0.57,10.4,✗,✗,✓,監視候補
4224,Lonseal Corporation,,97.8,0.37,2.9,✗,✗,✓,監視候補
4199,WonderPlanet Inc.,,20.4,0.15,6.3,✗,✗,✓,監視候補
4198,"TENDA Co.,LTD.",,33.9,0.32,3.6,✗,✗,✓,監視候補
4197,"Asmarq Co., Ltd.",,27.7,3.03,1.8,✗,✗,✓,監視候補
4179,G-NEXT Inc.,,18.3,0.09,12.3,✗,✗,✗,監視候補
4177,"i-plug,Inc.",,55.6,1.57,13.3,✗,✗,✗,監視候補
4176,coconala Inc.,,61.2,0.66,6.2,✗,✗,✓,監視候補
4172,"Hi-CRATES CO.,LTD.",,51.8,2.93,3.6,✗,✗,✓,監視候補
416A,"Fuji United Holdings Company,Ltd.",,88.5,1.19,8.0,✗,✗,✗,監視候補
4167,Kokopelli Inc.,,25.7,3.5,9.8,✗,✗,✗,監視候補
4166,Cacco Inc.,,18.0,0.46,5.0,✗,✗,✗,監視候補
415A,"GMO TECH Holdings, Inc.",,85.4,1.22,10.5,✗,✗,✗,監視候補
4287,Just Planning Inc.,,54.6,0.49,6.9,✗,✗,✗,監視候補
4284,"SOLXYZ Co., Ltd.",,90.7,0.22,4.8,✗,✗,✓,監視候補
4274,"Hosoya Pyro-Engineering Co., Ltd.",,44.2,0.48,17.0,✗,✗,✗,監視候補
4270,BeeX Inc.,,43.0,0.28,3.3,✗,✗,✓,監視候補
4265,Institution for a Global Society Corporation,,12.8,0.49,3.2,✗,✗,✓,監視候補
4264,"Secure, Inc.",,85.5,2.54,8.3,✗,✗,✓,監視候補
4263,"SUSMED,Inc.",,73.0,0.53,12.4,✗,✗,✗,監視候補
4262,"NIFTY Lifestyle Co., Ltd.",,89.0,0.91,2.0,✗,✗,✓,監視候補
4261,"AsiaQuest Co., Ltd.",,44.6,0.77,2.8,✗,✗,✓,監視候補
4260,"Hybrid Technologies Co., Ltd.",,22.9,0.3,6.4,✗,✗,✗,監視候補
4256,"CYND Co., Ltd.",,71.6,0.61,10.1,✗,✗,✗,監視候補
4255,THECOO Inc.,,73.0,0.39,4.2,✗,✗,✓,監視候補
4247,"POVAL KOGYO Co., Ltd.",,37.5,1.34,3.9,✗,✗,✓,監視候補
4245,"Daiki Axis Co., Ltd.",,95.9,0.91,3.9,✗,✗,✓,監視候補
4243,"Nix, Inc.",,25.3,0.06,9.7,✗,✗,✗,監視候補
4242,Takagi Seiko Corporation,,49.1,0.17,3.8,✗,✗,✓,監視候補
4388,"AI,Inc.",,21.6,0.66,5.6,✗,✗,✗,監視候補
4386,"SIG Group Co., Ltd.",,51.5,1.51,4.1,✗,✗,✓,監視候補
4380,M - mart Inc.,,68.5,0.17,5.2,✗,✗,✓,監視候補
4378,CINC Corp.,,13.8,0.08,19.5,✗,✗,✗,監視候補
4374,Robot Payment Inc.,,90.0,0.78,5.8,✗,✗,✓,監視候補
4372,"YMIRLINK,Inc.",,51.7,0.03,4.9,✗,✗,✓,監視候補
4361,"Kawaguchi Chemical Industry Co., Ltd",,19.8,1.64,4.0,✗,✗,✗,監視候補
4360,"MANAC Chemical Partners Co.,Ltd",,81.0,0.31,6.5,✗,✗,✗,監視候補
4356,"Applied Technology Co., Ltd.",,93.2,0.26,4.7,✗,✗,✓,監視候補
4351,Yamada Servicer Synthetic Office,,36.2,0.88,4.7,✗,✗,✓,監視候補
4341,Seiryo Electric Corporation,,30.7,0.16,4.0,✗,✗,✓,監視候補
4335,"IPS Holdings Co., Ltd.",,24.9,1.29,1.5,✗,✗,✓,監視候補
4334,"YUKE'S Co.,Ltd.",,32.0,0.31,5.5,✗,✗,✓,監視候補
4317,Ray Corporation,,75.3,1.67,3.9,✗,✗,✓,監視候補
4308,J-Stream Inc.,,88.5,0.44,2.3,✗,✗,✓,監視候補
4288,"Asgent, Inc.",,16.6,0.33,9.6,✗,✗,✗,監視候補
4437,"gooddays holdings, Inc.",,54.4,1.56,9.5,✗,✗,✓,監視候補
4430,"Tokai Soft Co., Ltd.",,82.8,2.63,4.9,✗,✗,✓,監視候補
4429,"Ricksoft Co., Ltd.",,33.3,0.21,5.3,✗,✗,✓,監視候補
4428,sinops Inc.,,43.6,0.23,3.2,✗,✗,✓,監視候補
4427,"EduLab, Inc.",,23.3,32.53,11.5,✗,✗,✗,監視候補
4424,"Amazia,inc.",,20.3,0.03,14.5,✗,✗,✗,監視候補
4421,"D. I. System Co., Ltd.",,26.4,4.39,1.9,✗,✗,✓,監視候補
441A,NE Inc.,,88.3,1.58,12.7,✗,✗,✗,監視候補
4416,True Data Inc.,,19.7,0.09,7.5,✗,✗,✓,監視候補
4415,"Broad Enterprise Co.,Ltd.",,91.6,1.02,4.1,✗,✗,✓,監視候補
4414,"FLECT Co., Ltd.",,60.0,0.81,11.8,✗,✗,✗,監視候補
4406,"New Japan Chemical Co., Ltd.",,89.9,1.36,11.3,✗,✗,✓,監視候補
4398,"BroadBand Security, Inc.",,60.1,1.16,5.4,✗,✗,✓,監視候補
4397,TeamSpirit Inc.,,57.9,0.53,13.2,✗,✗,✗,監視候補
4394,"eXmotion Co., Ltd.",,43.4,0.56,15.6,✗,✗,✗,監視候補
4391,"Logizard Co., Ltd.",,36.7,0.28,3.7,✗,✗,✓,監視候補
4524,"Morishita Jintan Co., Ltd.",,91.9,1.21,1.3,✗,✗,✓,監視候補
4496,Commerce One Holdings Inc.,,51.5,0.95,2.1,✗,✗,✓,監視候補
4495,"i Cubed Systems, Inc.",,100.0,0.91,7.3,✗,✗,✗,監視候補
4492,Genetec Corporation,,44.7,0.47,7.6,✗,✗,✓,監視候補
4491,"Computer Management Co., Ltd.",,62.2,7.75,4.0,✗,✗,✓,監視候補
4490,VisasQ Inc.,,62.5,0.49,7.4,✗,✗,✗,監視候補
4488,AI inside Inc.,,81.7,0.41,13.7,✗,✗,✓,監視候補
4487,"Spacemarket,Inc.",,26.9,0.07,3.6,✗,✗,✗,監視候補
4486,Unite and Grow Inc.,,54.4,0.38,7.0,✗,✗,✓,監視候補
4484,"Lancers, Inc.",,44.7,2.34,4.5,✗,✗,✓,監視候補
4476,AI CROSS Inc.,,41.4,0.61,12.4,✗,✗,✓,監視候補
4450,"Power Solutions, Ltd.",,75.2,3.93,4.0,✗,✗,✓,監視候補
4447,"PBsystems,Inc.",,27.9,3.33,3.1,✗,✗,✓,監視候補
4445,Living Technologies Inc.,,39.7,10.9,5.8,✗,✗,✓,監視候補
4444,infoNet inc.,,18.9,2.28,5.5,✗,✗,✗,監視候補
4442,"Valtes Holdings Co.,Ltd.",,80.6,4.6,4.0,✗,✗,✓,監視候補
4644,"Imagineer Co.,Ltd.",,98.9,1.29,2.5,✗,✗,✓,監視候補
4642,"Original Engineering Consultants Co., Ltd.",,84.1,1.95,2.6,✗,✗,✓,監視候補
4625,"Atomix Co.,Ltd.",,48.9,2.76,11.5,✗,✗,✓,監視候補
4624,"Isamu Paint Co., Ltd.",,76.2,0.14,5.4,✗,✗,✗,監視候補
4623,Asahipen Corporation,,63.6,0.42,3.5,✗,✗,✓,監視候補
4616,"Kawakami Paint Mfg.Co.,Ltd.",,25.9,0.94,17.4,✗,✗,✓,監視候補
4615,"Shinto Paint Company, Limited",,44.9,0.44,3.1,✗,✗,✓,監視候補
4597,Solasia Pharma K.K.,,81.9,0.73,6.9,✗,✗,✗,監視候補
4586,"MedRx Co., Ltd",,39.7,0.24,15.5,✗,✗,✓,監視候補
4584,Kidswell Bio Corporation,,79.9,0.88,13.1,✗,✗,✓,監視候補
4572,"Carna Biosciences, Inc.",,91.6,1.56,12.1,✗,✗,✗,監視候補
4571,"Nano Holdings, Inc.",,80.2,0.81,7.1,✗,✗,✓,監視候補
4564,"OncoTherapy Science, Inc.",,85.7,0.81,15.0,✗,✗,✗,監視候補
4558,"Chukyoiyakuhin Co.,Ltd.",,21.2,0.34,1.5,✗,✗,✓,監視候補
4539,"Nippon Chemiphar Co., Ltd.",,56.6,0.54,4.0,✗,✗,✓,監視候補
4531,"Yuki Gosei Kogyo Co., Ltd.",,78.0,0.23,7.2,✗,✗,✗,監視候補
4752,Showa System Engineering Corporation,,69.1,0.78,2.9,✗,✗,✓,監視候補
4750,"Daisan Co., Ltd.",,36.0,1.98,5.3,✗,✗,✓,監視候補
4736,Nippon RAD Inc.,,30.9,0.28,2.8,✗,✗,✓,監視候補
4735,"Kyoshin Co., Ltd.",,21.5,1.46,8.6,✗,✗,✗,監視候補
472A,Mirrativ Inc.,,92.6,0.72,14.2,✗,✗,✗,監視候補
4728,"Tose Co., Ltd.",,49.0,5.08,2.0,✗,✗,✓,監視候補
4720,"Johnan Academic Preparatory Institute, Inc.",,19.4,2.19,2.1,✗,✗,✓,監視候補
4707,KITAC Corporation,,20.7,3.05,9.6,✗,✗,✗,監視候補
4705,CLIP Corporation,,28.1,0.8,2.4,✗,✗,✓,監視候補
469A,Fitcrew Inc.,,17.2,0.73,6.7,✗,✗,✗,監視候補
4679,"TAYA Co.,Ltd.",,19.6,5.89,2.3,✗,✗,✓,監視候補
4678,"SHUEI YOBIKO Co., Ltd.",,22.1,0.67,1.8,✗,✗,✓,監視候補
4673,"Kawasaki Geological Engineering Co., Ltd.",,43.3,0.24,6.1,✗,✗,✗,監視候補
4657,"Environmental Control Center Co.,Ltd.",,22.1,0.29,4.4,✗,✗,✓,監視候補
4650,"SD ENTERTAINMENT,Inc.",,24.3,1.0,1.1,✗,✗,✓,監視候補
4645,"Ichishin Holdings Co.,Ltd.",,35.8,0.56,3.0,✗,✗,✓,監視候補
4881,FunPep Company Limited,,24.3,0.27,12.5,✗,✗,✗,監視候補
4880,"CellSource Co., Ltd.",,61.9,1.93,12.9,✗,✗,✓,監視候補
4845,"Scala, Inc.",,59.2,1.86,4.4,✗,✗,✓,監視候補
483A,"Tera Technology, Inc.",,35.8,0.74,1.3,✗,✗,✓,監視候補
4829,"Nihon Enterprise Co.,Ltd.",,41.6,0.69,5.7,✗,✗,✓,監視候補
4814,Nextware Ltd.,,20.6,0.4,8.0,✗,✗,✓,監視候補
480A,"LiB Consulting co.,ltd",,66.2,0.46,11.1,✗,✗,✗,監視候補
478A,Hutzper Inc.,,75.0,1.75,13.2,✗,✗,✗,監視候補
4777,Gala Incorporated,,54.9,0.47,4.1,✗,✗,✓,監視候補
4772,"SM ENTERTAINMENT JAPAN Co.,Ltd.",,83.4,0.32,4.2,✗,✗,✓,監視候補
476A,"Tsuji Hongo IT Consulting Co.,Ltd.",,33.8,0.39,5.9,✗,✗,✓,監視候補
4769,"Ic Co., Ltd.",,82.6,1.49,3.8,✗,✗,✓,監視候補
4766,"PA Co., Ltd.",,22.3,1.48,7.5,✗,✗,✗,監視候補
4762,XNET Corporation,,93.1,0.67,14.9,✗,✗,✗,監視候補
475A,"GIMIC Co., Ltd.",,37.2,0.15,13.5,✗,✗,✓,監視候補
4754,TOSNET Corporation,,69.8,1.09,2.2,✗,✗,✓,監視候補
5026,"Tripleize Co.,Ltd.",,52.3,0.2,12.7,✗,✗,✓,監視候補
5025,MERCURY Inc.,,15.6,1.03,4.7,✗,✗,✓,監視候補
5010,"Nippon Seiro Co., Ltd.",,57.7,0.54,6.8,✗,✗,✗,監視候補
4990,"Showa Chemical Industry Co., Ltd.",,56.6,0.62,10.3,✗,✗,✓,監視候補
4937,Waqoo Inc.,,84.6,0.38,8.3,✗,✗,✓,監視候補
4936,AXXZIA Inc.,,68.2,1.44,8.0,✗,✗,✓,監視候補
4934,"Premier Anti-Aging Co., Ltd.",,50.8,0.95,5.5,✗,✗,✓,監視候補
4932,"Almado, Inc.",,74.7,0.97,9.1,✗,✗,✓,監視候補
4929,"Adjuvant Holdings Co.,Ltd.",,59.4,0.38,0.8,✗,✗,✓,監視候補
4926,"C'BON COSMETICS Co.,Ltd.",,51.2,1.43,0.8,✗,✗,✓,監視候補
4925,"HABA Laboratories,Inc.",,63.5,3.35,2.6,✗,✗,✓,監視候補
4920,"Nippon Shikizai, Inc.",,24.0,0.44,2.8,✗,✗,✓,監視候補
4918,Ivy Cosmetics Corporation,,18.5,0.36,3.4,✗,✗,✓,監視候補
4896,"K Pharma,Inc.",,91.7,0.73,6.1,✗,✗,✓,監視候補
4890,Tsubota Laboratory Incorporated,,63.5,0.56,18.4,✗,✗,✓,監視候補
4885,Muromachi Chemicals Inc.,,36.7,0.85,6.7,✗,✗,✓,監視候補
5216,"Kuramoto Co., Ltd.",,72.7,0.18,19.8,✗,✗,✗,監視候補
519A,Basic Inc.,,27.8,1.59,9.5,✗,✗,✓,監視候補
5199,"Fuji Latex Co., Ltd.",,25.2,0.65,1.4,✗,✗,✓,監視候補
5194,"Sagami Rubber Industries Co., Ltd.",,68.6,0.38,2.5,✗,✗,✓,監視候補
5189,"Sakura Rubber Co., Ltd.",,67.0,0.03,6.0,✗,✗,✓,監視候補
5187,"Create Medic Co., Ltd.",,92.2,0.69,5.8,✗,✗,✓,監視候補
5162,Asahi Rubber Inc.,,35.8,0.38,3.5,✗,✗,✓,監視候補
5138,"Rebase, Inc.",,21.6,0.79,8.2,✗,✗,✗,監視候補
5134,"POPER Co.,Ltd.",,17.7,0.58,7.2,✗,✗,✗,監視候補
5133,Terilogy Holdings Corporation,,52.0,0.35,14.1,✗,✗,✗,監視候補
5126,PORTERS Corporation,,23.3,0.67,2.0,✗,✗,✓,監視候補
5125,Fines inc.,,25.2,0.72,18.1,✗,✗,✗,監視候補
5035,HOUSEI Inc.,,24.8,0.14,4.2,✗,✗,✓,監視候補
5034,"unerry,Inc.",,92.6,0.59,11.4,✗,✗,✗,監視候補
5029,circlace Inc,,41.2,0.08,11.3,✗,✗,✗,監視候補
5028,"SecondXight Analytica, Inc.",,33.9,0.3,2.5,✗,✗,✓,監視候補
5446,"HOKUETSU METAL Co., Ltd.",,40.0,0.05,3.7,✗,✗,✓,監視候補
542A,Vitabrid Japan Inc.,,61.3,0.44,10.3,✗,✗,✗,監視候補
5391,A&A Material Corporation,,82.3,0.43,3.5,✗,✗,✓,監視候補
5368,"Japan Insulation Co., Ltd.",,89.4,1.53,5.5,✗,✗,✗,監視候補
5355,"Nippon Crucible Co., Ltd.",,44.3,0.56,2.3,✗,✗,✓,監視候補
5341,"Asahi Eito Holdings Co.,Ltd.",,12.5,0.33,10.3,✗,✗,✓,監視候補
5287,"Ito Yogyo Co., Ltd",,26.9,0.29,18.8,✗,✗,✓,監視候補
5283,"Takamisawa Co., Ltd.",,52.4,0.5,5.2,✗,✗,✓,監視候補
5279,"Nihon Kogyo Co., Ltd.",,35.5,1.12,2.2,✗,✗,✓,監視候補
5271,"Toyo Asano Foundation Co., Ltd.",,29.6,0.64,5.5,✗,✗,✓,監視候補
5257,"Nova System Co.,Ltd.",,38.9,1.44,6.3,✗,✗,✓,監視候補
5250,"GMO Prime Strategy Co.,Ltd.",,38.6,0.77,17.3,✗,✗,✗,監視候補
5248,"TECHNOLOGIES, Inc.",,85.5,0.32,4.4,✗,✗,✓,監視候補
5247,"BTM, Inc.",,15.7,0.76,6.8,✗,✗,✓,監視候補
5244,"jig.jp Co., Ltd.",,73.1,0.82,8.8,✗,✗,✓,監視候補
5242,"EYEZ,INC.",,23.6,0.05,16.3,✗,✗,✗,監視候補
5588,"Fast Accounting Co.,Ltd.",,90.7,13.84,12.8,✗,✗,✗,監視候補
5587,Inbound Platform Corp.,,28.3,0.84,7.0,✗,✗,✓,監視候補
5580,"Prodelight Co.,Ltd.",,27.2,0.23,9.6,✗,✗,✗,監視候補
5578,"AR advanced technology, Inc.",,89.3,0.25,6.8,✗,✗,✓,監視候補
5576,O.B.System Inc.,,70.6,0.91,5.4,✗,✗,✓,監視候補
5575,Globee Inc.,,59.5,0.2,19.3,✗,✗,✗,監視候補
5571,"Excite Holdings Co., Ltd.",,49.1,0.59,2.2,✗,✗,✗,監視候補
5570,"Jenoba Co.,Ltd.",,81.1,0.88,9.8,✗,✗,✓,監視候補
554A,"Batonz Co., Ltd.",,63.6,0.37,12.8,✗,✗,✗,監視候補
5533,"Elitz Holdings Co., Ltd.",,77.3,2.75,12.1,✗,✗,✓,監視候補
5527,Property Technologies Inc.,,94.2,1.26,4.3,✗,✗,✓,監視候補
550A,"Softtex Co.,Ltd.",,19.6,0.24,9.6,✗,✗,✓,監視候補
549A,"HITO-TO-HITO Holdings Co.,Ltd.",,65.1,1.27,9.3,✗,✗,✗,監視候補
5491,"Nippon Kinzoku Co., Ltd.",,57.7,0.38,5.3,✗,✗,✓,監視候補
548A,"SystemEXE,Inc.",,48.7,0.47,4.4,✗,✗,✓,監視候補
5458,Takasago Tekko K.K.,,39.8,0.2,11.9,✗,✗,✓,監視候補
5753,"Nippon Shindo Co., Ltd.",,54.7,0.31,6.2,✗,✗,✗,監視候補
5742,"NIC Autotec, Inc.",,39.8,2.01,2.2,✗,✗,✓,監視候補
5704,JMC Corporation,,21.3,0.25,4.5,✗,✗,✓,監視候補
5699,"IBOKIN Co.,Ltd.",,51.3,0.28,6.1,✗,✗,✓,監視候補
5697,"Sanyu Co., Ltd.",,49.5,0.42,3.2,✗,✗,✓,監視候補
5695,"Powdertech Co., Ltd.",,85.0,0.2,1.9,✗,✗,✓,監視候補
5619,MRSO Inc.,,30.5,7.09,9.6,✗,✗,✓,監視候補
5618,Nyle Inc.,,25.6,1.77,4.6,✗,✗,✓,監視候補
5616,"Ame Kaze Taiyo, Inc.",,15.7,2.61,4.7,✗,✗,✓,監視候補
5612,Nippon Chutetsukan K.K.,,50.0,0.77,6.8,✗,✗,✓,監視候補
5609,Nippon Chuzo K. K.,,44.6,0.09,2.9,✗,✗,✓,監視候補
5603,Kogi Corporation,,42.4,0.4,1.9,✗,✗,✓,監視候補
559A,"Umenoyado Brewery Co., Ltd.",,69.6,0.42,6.6,✗,✗,✓,監視候補
5599,S&J Corporation,,58.6,0.58,10.2,✗,✗,✗,監視候補
5597,"Blue Innovation Co., Ltd.",,54.5,0.59,10.8,✗,✗,✗,監視候補
5591,AVILEN Inc.,,52.6,0.5,8.2,✗,✗,✓,監視候補
5928,"Almetax Manufacturing Co., Ltd.",,30.1,0.11,3.1,✗,✗,✓,監視候補
5923,"TAKADAKIKO (Steel Construction) CO.,LTD.",,68.9,0.65,3.6,✗,✗,✓,監視候補
5905,Nihon Seikan k.k.,,18.5,0.23,1.5,✗,✗,✓,監視候補
5900,"Daiken Co.,Ltd.",,46.7,0.84,6.5,✗,✗,✓,監視候補
589A,"NEIS Co.,Ltd.",,59.7,0.04,9.9,✗,✗,✓,監視候補
5891,"SAKIGAKE Holdings Co.,Ltd.",,95.8,0.42,2.5,✗,✗,✓,監視候補
5888,"Daiwa Cycle Co.,Ltd.",,76.8,1.18,7.3,✗,✗,✓,監視候補
5884,"KURADASHI.Co.,Ltd.",,72.8,0.45,11.0,✗,✗,✓,監視候補
5871,SOLIZE Holdings Corporation,,71.9,0.8,11.1,✗,✗,✓,監視候補
5870,Nalnet Communications Inc.,,48.0,0.23,4.3,✗,✗,✓,監視候補
5868,Rococo Co. Ltd.,,38.9,1.74,5.2,✗,✗,✓,監視候補
5867,"es Networks Co., Ltd.",,43.3,2.26,8.3,✗,✗,✗,監視候補
5858,"STG Co., Ltd.",,25.4,0.39,5.6,✗,✗,✓,監視候補
5843,"Nippon Insure Co., Ltd.",,65.6,0.39,7.9,✗,✗,✓,監視候補
5820,"Mitsuboshi Co., Ltd.",,36.6,0.44,13.9,✗,✗,✗,監視候補
5817,"JMACS Japan Co., Ltd.",,66.1,0.7,17.4,✗,✗,✗,監視候補
6022,Akasaka Diesels Limited,,38.0,0.76,11.5,✗,✗,✓,監視候補
5997,Kyoritsu Air Tech Inc.,,43.9,0.15,5.5,✗,✗,✗,監視候補
5994,"Fine Sinter Co., Ltd.",,42.2,0.08,6.0,✗,✗,✓,監視候補
5987,ONEX Corporation,,27.3,0.62,5.8,✗,✗,✓,監視候補
5986,"Molitec Steel Co., Ltd.",,64.1,3.93,14.8,✗,✗,✗,監視候補
5974,"Chugokukogyo Co.,Ltd.",,27.6,0.25,2.8,✗,✗,✓,監視候補
5973,Toami Corporation,,34.4,0.11,3.6,✗,✗,✓,監視候補
5967,"Tone Co., Ltd.",,95.2,0.5,10.3,✗,✗,✗,監視候補
5966,"Kyoto Tool Co., Ltd.",,68.6,1.2,8.9,✗,✗,✓,監視候補
5962,"Asaka Industrial Co., Ltd.",,20.7,0.46,7.4,✗,✗,✓,監視候補
5956,"Toso Company, Limited",,51.0,0.86,1.7,✗,✗,✓,監視候補
5952,Amatei Incorporated,,22.3,1.93,2.1,✗,✗,✓,監視候補
5950,"Japan Power Fastening Co.,Ltd.",,20.5,0.95,7.4,✗,✗,✓,監視候補
5940,"Fujisash Co.,Ltd.",,93.9,2.37,4.2,✗,✗,✓,監視候補
5939,"Otani Kogyo Co.,Ltd.",,36.1,0.11,3.8,✗,✗,✓,監視候補
5936,"Toyo Shutter Co., Ltd.",,57.4,0.67,2.5,✗,✗,✓,監視候補
6090,"Human Metabolome Technologies, Inc.",,33.2,0.34,3.6,✗,✗,✓,監視候補
6082,"RIDE ON EXPRESS HOLDINGS Co., Ltd.",,95.6,1.6,3.2,✗,✗,✓,監視候補
6074,JSS Corporation,,20.2,43.93,1.8,✗,✗,✓,監視候補
6069,"Trenders, Inc.",,51.1,0.66,7.1,✗,✗,✓,監視候補
6063,"Emergency Assistance Japan Co., Ltd.",,24.8,0.32,2.9,✗,✗,✓,監視候補
6059,"UCHIYAMA HOLDINGS Co.,Ltd.",,72.2,2.05,4.5,✗,✗,✓,監視候補
6054,Livesense Inc.,,30.3,0.23,6.4,✗,✗,✓,監視候補
6049,ItoKuro Inc.,,50.9,0.29,4.5,✗,✗,✓,監視候補
6047,Gunosy Inc.,,78.4,0.45,14.2,✗,✗,✓,監視候補
6046,Linkbal Inc.,,27.0,0.29,14.1,✗,✗,✓,監視候補
6042,"Nikki Co., Ltd.",,70.9,0.48,3.0,✗,✗,✓,監視候補
6038,"IID, Inc.",,41.3,0.44,3.7,✗,✗,✓,監視候補
6034,MRT Inc.,,34.5,1.31,11.5,✗,✗,✓,監視候補
6033,"Extreme Co.,Ltd.",,89.6,0.33,9.6,✗,✗,✓,監視候補
6031,Zeta Inc.,,56.5,0.24,14.8,✗,✗,✗,監視候補
6029,Artra Group Corporation,,20.0,0.47,4.3,✗,✗,✓,監視候補
6186,"Ichikura Co., Ltd.",,20.6,0.59,2.9,✗,✗,✓,監視候補
6185,SMN Corporation,,53.8,0.7,2.5,✗,✗,✓,監視候補
6182,MetaReal Corporation,,58.7,0.36,7.6,✗,✗,✗,監視候補
6181,Tameny Inc.,,39.6,0.86,9.1,✗,✗,✓,監視候補
6180,GMO Media Inc.,,66.7,1.04,4.4,✗,✗,✓,監視候補
6177,AppBank Inc.,,21.4,2.37,8.5,✗,✗,✓,監視候補
6171,C.E.Management Integrated Laboratory Co.Ltd,,53.0,0.32,1.1,✗,✗,✓,監視候補
6166,"Nakamura Choukou Co., Ltd.",,68.3,0.14,9.7,✗,✗,✓,監視候補
6158,"Waida Mfg. Co.,Ltd.",,66.1,0.6,2.9,✗,✗,✓,監視候補
6156,A-One Seimitsu Inc.,,92.9,0.28,4.3,✗,✗,✓,監視候補
6155,"Takamatsu Machinery Co., Ltd.",,58.2,0.1,1.5,✗,✗,✓,監視候補
6150,"Takeda Machinery Co., Ltd.",,25.7,0.38,1.2,✗,✗,✓,監視候補
6138,"Dijet Industrial Co., Ltd.",,61.0,1.48,8.2,✗,✗,✗,監視候補
6094,"FreakOut Holdings, inc.",,90.5,2.87,12.7,✗,✗,✓,監視候補
6093,"MITRA Group, Inc.",,70.6,0.93,5.8,✗,✗,✓,監視候補
6092,"EnBio Holdings, Inc",,63.0,1.89,13.1,✗,✗,✗,監視候補
6286,Seiko Corporation,,98.2,0.53,5.0,✗,✗,✓,監視候補
6276,"SiriusVision Co., Ltd.",,16.5,0.12,9.4,✗,✗,✓,監視候補
6267,"General Packer Co., Ltd.",,69.2,0.29,2.8,✗,✗,✓,監視候補
6265,CONVUM Ltd.,,50.0,0.25,10.0,✗,✗,✗,監視候補
6248,"Yokota Manufacturing Co., Ltd.",,32.9,0.19,7.0,✗,✗,✗,監視候補
6233,KLASS Corporation,,20.9,0.46,2.8,✗,✗,✓,監視候補
6230,Sanei Ltd.,,99.8,0.13,2.2,✗,✗,✓,監視候補
6229,Okumura Engineering corp.,,63.8,0.64,5.1,✗,✗,✓,監視候補
6228,"J.E.T. Co., Ltd.",,81.5,5.52,14.8,✗,✗,✗,監視候補
6218,ENSHU Limited,,40.3,0.42,4.2,✗,✗,✓,監視候補
6217,Tsudakoma Corp.,,51.1,0.17,14.5,✗,✗,✗,監視候補
6198,"CAREER CO., LTD.",,16.8,0.18,6.1,✗,✗,✓,監視候補
6195,"Hope, Inc.",,27.2,0.51,2.5,✗,✗,✓,監視候補
6193,"Virtualex Holdings, Inc.",,31.6,3.91,6.8,✗,✗,✓,監視候補
6190,"PhoenixBio Co., Ltd.",,12.6,0.47,14.0,✗,✗,✗,監視候補
6189,Global Kids Company Corp.,,94.2,2.79,2.4,✗,✗,✓,監視候補
6424,"Takamisawa Cybernetics Company, Ltd.",,36.9,1.64,2.0,✗,✗,✓,監視候補
6402,"Kanematsu Engineering Co., Ltd.",,79.6,0.14,3.2,✗,✗,✓,監視候補
6400,"Fuji Seiki Co.,Ltd.",,24.6,5.15,14.4,✗,✗,✗,監視候補
6391,Kaji Technology Corporation,,79.7,0.64,6.2,✗,✗,✗,監視候補
6380,"Oriental Chain Mfg. Co., Ltd.",,63.7,0.79,19.1,✗,✗,✗,監視候補
6360,"Tokyo Automatic Machinery Works, Ltd.",,68.6,0.99,6.3,✗,✗,✗,監視候補
6347,"Placo Co., Ltd.",,24.1,0.3,8.2,✗,✗,✓,監視候補
6346,"Kikukawa Enterprise, Inc.",,67.2,2.5,4.1,✗,✗,✓,監視候補
6343,Freesia Macross Corporation,,66.2,0.72,6.2,✗,✗,✓,監視候補
6342,"Taihei Machinery Works, Limited",,37.1,0.28,5.5,✗,✗,✓,監視候補
6338,Takatori Corporation,,88.7,0.37,7.9,✗,✗,✗,監視候補
6335,"Tokyo Kikai Seisakusho, Ltd.",,46.0,0.09,4.3,✗,✗,✓,監視候補
6334,"Meiji Machine Co., Ltd.",,50.7,0.08,7.7,✗,✗,✓,監視候補
6325,"Takakita Co., Ltd.",,47.5,1.66,1.9,✗,✗,✓,監視候補
6307,"Sansei Co.,Ltd.",,36.5,0.24,7.6,✗,✗,✓,監視候補
6292,"Kawata Mfg. Co., Ltd.",,59.2,0.54,3.8,✗,✗,✓,監視候補
6551,"Tsunagu Group Holdings, Inc.",,50.2,1.71,5.8,✗,✗,✓,監視候補
6549,"DM Solutions Co.,Ltd",,62.4,0.51,6.2,✗,✗,✓,監視候補
6548,Tabikobo Co. Ltd.,,24.7,0.19,12.7,✗,✗,✓,監視候補
6546,Fulltech Co.Ltd.,,62.4,0.29,2.9,✗,✗,✓,監視候補
6545,internet infinity Inc.,,42.4,0.6,6.3,✗,✗,✓,監視候補
6543,Nissen Inc.,,47.3,0.46,4.2,✗,✗,✓,監視候補
6538,Disruptors Inc.,,49.7,0.78,6.3,✗,✗,✓,監視候補
6537,"Washhouse Co.,Ltd.",,22.0,96.5,3.8,✗,✗,✓,監視候補
6518,"Sanso Electric Co.,Ltd.",,77.5,0.22,10.4,✗,✗,✗,監視候補
6513,"Origin Company, Limited",,66.3,0.88,6.1,✗,✗,✗,監視候補
6497,Hamai Industries Ltd.,,98.8,0.86,5.8,✗,✗,✓,監視候補
6495,"Miyairi Valve Mfg. Co., Ltd.",,52.5,0.53,9.2,✗,✗,✓,監視候補
6494,"NFK Holdings Co., Ltd.",,47.8,0.44,5.2,✗,✗,✓,監視候補
6467,Nichidai Corporation,,31.6,0.97,4.1,✗,✗,✓,監視候補
6466,"TVE Co., Ltd.",,99.9,0.74,15.3,✗,✗,✗,監視候補
6428,OIZUMI Corporation,,73.8,0.64,2.5,✗,✗,✓,監視候補
6635,"Di-Nikko Engineering Co., Ltd.",,44.5,0.14,5.2,✗,✗,✓,監視候補
6634,JN Group Inc.,,32.4,0.08,8.8,✗,✗,✓,監視候補
6633,Cgs Holdings Inc.,,29.7,3.01,2.9,✗,✗,✓,監視候補
6614,"Shikino High-Tech CO.,LTD.",,38.6,0.28,4.1,✗,✗,✓,監視候補
6612,BALMUDA Inc.,,50.0,0.56,4.5,✗,✗,✓,監視候補
6580,"Writeup Co.,Ltd.",,42.8,0.72,8.8,✗,✗,✓,監視候補
6579,"logly,Inc.",,12.8,0.17,5.0,✗,✗,✓,監視候補
6578,"CORREC Co., Ltd.",,35.3,0.72,5.9,✗,✗,✗,監視候補
6573,CRAVIA Inc.,,17.3,0.1,15.4,✗,✗,✓,監視候補
6568,"KNC Laboratories Co., Ltd.",,95.6,1.06,2.6,✗,✗,✓,監視候補
6563,Mirai Works Inc.,,24.2,0.07,4.2,✗,✗,✓,監視候補
6558,"Cookbiz Co.,Ltd.",659.0,18.4,5.22,3.3,✗,✗,✗,監視候補
6557,AIAI Group Corporation,,43.4,3.94,17.5,✗,✗,✗,監視候補
6555,"MS&Consulting Co., Ltd.",,18.9,0.61,2.8,✗,✗,✓,監視候補
6554,"SUS Co.,Ltd.",,97.0,2.7,5.9,✗,✗,✓,監視候補
6552,GameWith Inc.,,29.9,0.17,4.7,✗,✗,✓,監視候補
6772,"Tokyo Cosmos Electric Co., Ltd.",,69.6,0.24,7.4,✗,✗,✗,監視候補
6771,"Ikegami Tsushinki Co., Ltd.",,44.0,0.3,5.3,✗,✗,✓,監視候補
6757,"OSG Corporation Co., Ltd.",,47.2,1.09,4.0,✗,✗,✓,監視候補
6748,"Seiwa Electric Mfg. Co., Ltd.",,99.6,0.27,7.0,✗,✗,✗,監視候補
6731,Pixela Corporation,,15.9,0.64,9.1,✗,✗,✓,監視候補
6721,Wintest Corp.,,43.0,1.51,6.9,✗,✗,✓,監視候補
6699,"Diamond Electric Holdings Co., Ltd.",,56.9,1.65,8.6,✗,✗,✓,監視候補
6696,TRaaS On Product Inc.,,14.5,0.08,10.4,✗,✗,✗,監視候補
6666,River Eletec Corporation,,69.0,0.23,8.1,✗,✗,✗,監視候補
6664,"Optoelectronics Co., Ltd.",,39.0,0.34,5.1,✗,✗,✗,監視候補
6663,"Taiyo Technolex Co.,Ltd.",,18.7,0.43,5.9,✗,✗,✓,監視候補
6662,"Ubiteq, Inc.",,34.0,0.03,5.9,✗,✗,✗,監視候補
6658,"Shirai Electronics Industrial Co., Ltd.",,66.9,0.24,4.1,✗,✗,✓,監視候補
6656,inspec Inc.,,32.8,0.17,15.6,✗,✗,✗,監視候補
6654,"Fuji Electric Industry Co., Ltd.",,56.6,0.21,3.2,✗,✗,✓,監視候補
6647,"Morio Denki Co., Ltd.",,51.0,0.57,14.9,✗,✗,✗,監視候補
6926,"Okaya Electric Industries Co., Ltd.",,42.5,1.37,3.2,✗,✗,✓,監視候補
6907,"GEOMATEC Co., Ltd.",,61.9,0.23,8.5,✗,✗,✗,監視候補
6899,Asti Corporation,,69.4,1.57,6.4,✗,✗,✓,監視候補
6897,Twinbird Corporation,,64.3,0.33,14.1,✗,✗,✓,監視候補
6894,"Pulstec Industrial Co., Ltd.",,29.6,1.25,3.1,✗,✗,✓,監視候補
6888,Acmos Inc.,,49.8,1.21,1.2,✗,✗,✓,監視候補
6867,Leader Electronics Corporation,,17.6,0.68,3.2,✗,✗,✓,監視候補
6858,"Ono Sokki Co., Ltd.",,88.3,0.27,6.3,✗,✗,✓,監視候補
6836,"Plat'Home Co., Ltd.",,43.0,1.74,6.6,✗,✗,✗,監視候補
6822,"Oi Electric Co., Ltd.",,58.5,1.2,3.3,✗,✗,✓,監視候補
6819,"Izu Shaboten Resort Co.,Ltd",,87.7,0.89,1.7,✗,✗,✓,監視候補
6803,Teac Corporation,,28.2,0.73,4.1,✗,✗,✓,監視候補
6786,RVH Inc.,,12.2,0.38,4.3,✗,✗,✓,監視候補
6778,"Artiza Networks, Inc.",,54.4,0.35,13.0,✗,✗,✓,監視候補
6776,"Tensho Electric Industries Co., Ltd.",,51.2,3.02,6.0,✗,✗,✗,監視候補
6775,TB Group Inc.,,19.4,0.67,7.3,✗,✗,✗,監視候補
7044,Piala Inc.,,39.4,4.86,3.6,✗,✗,✓,監視候補
7043,"Alue Co.,Ltd.",,24.2,0.67,2.2,✗,✗,✓,監視候補
7042,"Access Group Holdings Co., Ltd.",,23.5,0.16,6.2,✗,✗,✗,監視候補
7041,"CRG Holdings Co.,Ltd.",,18.6,1.86,6.5,✗,✗,✗,監視候補
7040,"Sun-Life Holding Co.,Ltd.",,59.1,3.57,1.5,✗,✗,✓,監視候補
7039,BRIDGE International Group Corp.,,46.6,0.69,4.1,✗,✗,✓,監視候補
7037,teno. Holdings Company Limited,,36.5,1.01,4.5,✗,✗,✓,監視候補
7036,eMnet Japan.co.ltd.,,25.6,0.64,4.1,✗,✗,✓,監視候補
7035,"and factory,inc.",,26.9,8.6,13.7,✗,✗,✗,監視候補
7031,Inbound Tech Inc.,,19.9,3.09,9.3,✗,✗,✗,監視候補
7021,"Nitchitsu Co., Ltd.",,48.5,0.84,13.4,✗,✗,✗,監視候補
6982,"The Lead Co., Inc.",,14.9,0.6,2.4,✗,✗,✓,監視候補
6969,"Matsuo Electric Co.,Ltd.",,39.2,0.05,6.6,✗,✗,✓,監視候補
6964,"Sanko Co., Ltd.",,61.4,1.21,2.5,✗,✗,✓,監視候補
6943,"NKK Switches Co., Ltd.",,49.8,2.76,18.6,✗,✗,✗,監視候補
6942,"Sophia Holdings Co.,Ltd.",,65.1,4.53,2.1,✗,✗,✓,監視候補
7077,"ALiNK Internet, Inc.",,17.9,1.04,2.6,✗,✗,✓,監視候補
7074,Twenty-four seven Holdings Inc.,,16.4,0.46,7.2,✗,✗,✓,監視候補
7073,"JAIC Co.,Ltd.",,22.1,0.47,6.3,✗,✗,✓,監視候補
7072,"Intimate Merger, Inc.",,34.7,0.3,7.7,✗,✗,✓,監視候補
7069,"CyberBuzz, Inc.",,39.1,0.86,11.3,✗,✗,✓,監視候補
7066,"Peers Co.,Ltd.",,39.8,0.5,14.8,✗,✗,✓,監視候補
7065,UPR Corporation,,72.8,0.38,6.7,✗,✗,✓,監視候補
7064,"Howtelevision, Inc.",,28.0,0.44,14.5,✗,✗,✗,監視候補
7062,"Fureasu Co.,Ltd.",,18.0,0.17,3.1,✗,✗,✓,監視候補
7061,Japan Hospice Holdings Inc.,,41.5,0.26,12.2,✗,✗,✗,監視候補
7060,geechs inc.,,59.7,0.31,5.5,✗,✗,✗,監視候補
7058,"Kyoei Security Service Co., Ltd.",,43.9,0.24,5.8,✗,✗,✓,監視候補
7057,"New Constructor's Network Co., Ltd.",,27.0,0.94,5.1,✗,✗,✓,監視候補
7049,"SHIKIGAKU. Co., Ltd.",,65.0,0.8,5.8,✗,✗,✓,監視候補
7048,VELTRA Corporation,,54.5,0.19,11.7,✗,✗,✗,監視候補
7046,TDSE Inc.,,27.6,0.19,6.8,✗,✗,✗,監視候補
7127,"Ikka Holdings Co.,Ltd.",,51.1,5.1,2.4,✗,✗,✓,監視候補
7126,"Global Style Co.,Ltd.",,49.4,0.26,2.8,✗,✗,✓,監視候補
7120,SHINKO Inc.,,47.0,2.94,1.3,✗,✗,✓,監視候補
7114,"Foodison, Inc.",,35.8,1.78,11.6,✗,✗,✗,監視候補
7111,"INEST, Inc.",,41.5,0.9,11.8,✗,✗,✗,監視候補
7096,StemCell Institute Inc.,,72.8,0.25,5.6,✗,✗,✓,監視候補
7093,"adish Co., Ltd.",,13.0,5.71,5.0,✗,✗,✗,監視候補
7091,"Living Platform,Ltd.",,54.5,6.02,7.9,✗,✗,✗,監視候補
7090,Ligua Inc.,,14.8,2.77,7.6,✗,✗,✓,監視候補
7089,"for Startups, Inc.",,90.5,0.32,16.5,✗,✗,✗,監視候補
7087,"WILLTEC Co.,Ltd.",,86.1,3.18,3.9,✗,✗,✓,監視候補
7084,Smile Holdings Inc.,,88.0,3.71,8.7,✗,✗,✓,監視候補
7083,AHC Group Inc.,,25.2,1.78,9.7,✗,✗,✗,監視候補
7080,"Sportsfield Co., Ltd.",,66.0,0.25,7.1,✗,✗,✗,監視候補
7079,"WDB coco Co., Ltd.",,63.0,1.14,2.6,✗,✗,✓,監視候補
7078,INCLUSIVE Holdings Inc.,,34.3,0.62,7.7,✗,✗,✓,監視候補
7255,Sakurai Ltd.,,16.2,1.55,4.0,✗,✗,✓,監視候補
7228,Daytona Corporation,,97.7,1.27,2.9,✗,✗,✓,監視候補
7219,"HKS Co., Ltd.",,34.9,0.1,5.4,✗,✗,✓,監視候補
7217,"Tein, Inc.",,44.7,1.08,6.0,✗,✗,✓,監視候補
7215,"Faltec Co., Ltd.",,38.9,1.25,5.0,✗,✗,✓,監視候補
7214,GMB Corporation,,59.9,0.66,6.0,✗,✗,✗,監視候補
7213,LECIP Holdings Corporation,,97.5,1.91,5.4,✗,✗,✓,監視候補
7208,Kanemitsu Corporation,,66.4,0.12,3.2,✗,✗,✓,監視候補
7196,Casa Inc.,,68.2,0.15,3.6,✗,✗,✓,監視候補
7183,"Anshin Guarantor Service Co., Ltd.",,44.1,0.5,0.4,✗,✗,✓,監視候補
7162,"ASTMAX Co., Ltd.",,38.3,0.09,15.4,✗,✗,✗,監視候補
7150,"The Shimane Bank,Ltd.",,42.1,0.42,6.1,✗,✗,✓,監視候補
7140,Petgo Corporation,,17.9,0.15,0.6,✗,✗,✓,監視候補
7135,"Japan Craft Holdings Co., Ltd.",,63.4,0.67,6.4,✗,✗,✗,監視候補
7131,Nomura Corporation,,50.6,1.82,7.2,✗,✗,✓,監視候補
7129,Miahelsa Holdings Corporation,,31.7,3.2,3.4,✗,✗,✓,監視候補
7360,"ONDECK Co., Ltd.",,15.9,2.31,4.9,✗,✗,✓,監視候補
7359,"Tokyo Communications Group,Inc.",,26.8,0.24,14.6,✗,✗,✗,監視候補
7357,"GEOCODE CO.,Ltd.",,48.4,0.43,6.2,✗,✗,✓,監視候補
7356,Retty Inc.,,17.3,0.07,3.5,✗,✗,✓,監視候補
7353,"KIYO Learning Co.,Ltd.",,35.0,0.39,9.2,✗,✗,✓,監視候補
7351,"Goodpatch, Inc.",,41.2,0.19,11.4,✗,✗,✗,監視候補
7345,AI Partners Financial Inc.,,30.6,1.39,2.4,✗,✗,✓,監視候補
7343,"Broad-minded Co.,Ltd.",,76.1,1.92,6.2,✗,✗,✗,監視候補
7325,IRRC Corporation,,56.8,0.44,3.5,✗,✗,✓,監視候補
7314,"Odawara Auto-Machine Mfg. Co., Ltd.",,42.3,0.82,3.6,✗,✗,✓,監視候補
7297,"Car Mate Mfg. Co., Ltd.",,61.0,0.05,3.2,✗,✗,✓,監視候補
7291,"Nihon Plast Co., Ltd.",,85.2,0.94,4.9,✗,✗,✓,監視候補
7284,"Meiwa Industry Co., Ltd.",,41.2,0.25,3.4,✗,✗,✓,監視候補
7271,Yasunaga Corporation,,82.3,0.62,2.9,✗,✗,✓,監視候補
7265,"Eiken Industries Co.,Ltd.",,36.2,3.2,10.9,✗,✗,✗,監視候補
7264,Muro Corporation,,82.1,0.26,2.0,✗,✗,✓,監視候補
7442,"Nakayamafuku Co.,Ltd.",,90.6,0.93,2.5,✗,✗,✓,監視候補
7434,Otake Corporation,,69.6,6.25,4.6,✗,✗,✗,監視候補
7427,"Echo Trading Co., Ltd.",,50.5,0.79,2.3,✗,✗,✓,監視候補
7425,"Hatsuho Shouji Co.,Ltd.",,72.5,0.22,5.8,✗,✗,✓,監視候補
7422,"Toho Lamac Co., Ltd.",,24.7,43.7,16.8,✗,✗,✗,監視候補
7399,"Nansin Co., Ltd.",,39.3,0.37,2.8,✗,✗,✓,監視候補
7375,"REFINVERSE Group, Inc.",,41.9,1.23,17.3,✗,✗,✗,監視候補
7374,Interworks Confidence Inc.,,93.8,5.56,2.1,✗,✗,✓,監視候補
7372,Decollte Holdings Corporation,,21.8,0.88,8.1,✗,✗,✓,監視候補
7371,Zenken Corporation,,97.4,0.45,5.6,✗,✗,✓,監視候補
7370,"Enjin Co., Ltd.",,48.4,0.89,1.3,✗,✗,✓,監視候補
7369,"Meiho Holdings,Inc.",,18.3,0.28,12.7,✗,✗,✓,監視候補
7368,"HYOJITO Co., Ltd.",,81.7,0.51,3.3,✗,✗,✓,監視候補
7367,"CELM,Inc.",,69.2,0.36,1.8,✗,✗,✓,監視候補
7362,Terminalcare Support Institute Inc.,,13.5,0.3,3.7,✗,✗,✓,監視候補
7361,"Human Creation Holdings, Inc.",,40.4,0.6,4.5,✗,✗,✓,監視候補
7544,"Three F Co.,Ltd.",,42.1,0.37,2.0,✗,✗,✓,監視候補
7538,"Daisui Co.,Ltd.",,47.0,0.39,2.9,✗,✗,✓,監視候補
7531,Seiwa Chuo Holdings Corporation,,51.9,0.42,2.7,✗,✗,✓,監視候補
7527,SystemSoft Corporation,,49.7,0.51,14.6,✗,✗,✓,監視候補
7524,Marche Corporation,,28.7,1.22,4.1,✗,✗,✗,監視候補
7509,I.A Group Corporation,,67.7,1.43,1.9,✗,✗,✓,監視候補
7506,"HOUSE OF ROSE Co.,Ltd.",,64.5,0.98,0.6,✗,✗,✓,監視候補
7502,"Plaza Holdings Co.,Ltd.",,33.5,0.89,2.3,✗,✗,✓,監視候補
7501,Tiemco Ltd.,,34.9,0.19,5.8,✗,✗,✓,監視候補
7494,"Konaka Co.,Ltd.",,79.4,1.01,2.9,✗,✗,✓,監視候補
7477,Muraki Corporation,,23.1,1.63,9.9,✗,✗,✗,監視候補
7464,"Saftec Co.,Ltd.",,26.9,0.86,2.4,✗,✗,✓,監視候補
7462,CAPITA Inc.,,30.4,4.05,5.9,✗,✗,✓,監視候補
7461,"Kimura Co.,Ltd.",,69.3,0.24,2.8,✗,✗,✓,監視候補
7446,"Tohoku Chemical Co., Ltd.",,39.1,2.51,2.9,✗,✗,✓,監視候補
7443,"Yokohama Gyorui Co., Ltd.",,41.9,0.91,3.5,✗,✗,✓,監視候補
7674,"NATTY SWANKY holdings Co.,Ltd.",,67.7,0.35,7.0,✗,✗,✗,監視候補
7673,"Daiko Tsusan Co.,Ltd.",,91.1,0.32,3.0,✗,✗,✓,監視候補
7640,"TOP CULTURE Co.,Ltd.",,34.7,0.84,6.5,✗,✗,✓,監視候補
7625,"Global-Dining, Inc.",,47.9,0.79,4.2,✗,✗,✓,監視候補
7619,"Tanaka Co.,Ltd.",,83.2,0.95,8.0,✗,✗,✗,監視候補
7615,"KYOTO KIMONO YUZEN HOLDINGS Co., Ltd.",,19.5,0.58,6.2,✗,✗,✓,監視候補
7610,"Tay Two Co., Ltd.",,84.8,0.72,8.1,✗,✗,✓,監視候補
7604,"Umenohana Group Co.,Ltd.",,81.7,1.25,3.0,✗,✗,✓,監視候補
7602,"Ledax Co.,Ltd.",,34.8,0.31,17.4,✗,✗,✗,監視候補
7601,"Poplar Co., Ltd.",,19.2,0.64,3.1,✗,✗,✓,監視候補
7590,"Takasho Co.,Ltd.",,69.0,9.0,15.3,✗,✗,✓,監視候補
7585,Kan-Nanmaru Corporation,,15.6,2.52,0.7,✗,✗,✓,監視候補
7578,"Nichiryoku Co.,Ltd.",,13.7,0.28,9.3,✗,✗,✓,監視候補
7571,Yamano Holdings Corporation,,29.3,0.84,9.6,✗,✗,✓,監視候補
7567,Sakae Electronics Corporation,,32.4,0.8,5.5,✗,✗,✗,監視候補
7555,"Ota Floriculture Auction Co.,Ltd.",,37.5,1.9,0.9,✗,✗,✓,監視候補
7800,"Amifa Co.,Ltd.",,31.5,0.98,5.6,✗,✗,✓,監視候補
7795,"Kyoritsu Co.,Ltd.",,89.5,0.93,8.0,✗,✗,✓,監視候補
7793,IMAGE MAGIC Inc.,,39.1,0.16,8.6,✗,✗,✗,監視候補
7791,"Dreambed Co.,Ltd.",,33.6,0.19,2.2,✗,✗,✓,監視候補
7782,"Sincere Co., LTD.",,32.9,2.79,4.2,✗,✗,✓,監視候補
7776,CellSeed Inc.,,85.5,0.61,10.3,✗,✗,✓,監視候補
7771,"Nihon Seimitsu Co., Ltd.",,62.1,0.45,12.5,✗,✗,✗,監視候補
7726,Kuroda Precision Industries Ltd.,,78.8,0.46,7.9,✗,✗,✗,監視候補
7719,Tokyo Koki Co. Ltd.,,36.4,0.21,15.2,✗,✗,✗,監視候補
7707,"Precision System Science Co., Ltd.",,56.6,0.24,7.8,✗,✗,✓,監視候補
7695,"Koukandekirukun, Inc.",,66.6,0.81,7.8,✗,✗,✓,監視候補
7692,Earth Infinity Co.Ltd.,,83.7,0.38,7.9,✗,✗,✓,監視候補
7687,"MICREED Co.,Ltd.",,29.6,2.22,4.1,✗,✗,✓,監視候補
7682,"Hamayuu Co.,Ltd.",,80.8,0.69,7.4,✗,✗,✗,監視候補
7681,"LEOCLAN Co.,Ltd.",,58.9,0.1,5.3,✗,✗,✗,監視候補
7677,"Yashima & Co.,Ltd.",,77.5,0.46,4.4,✗,✗,✗,監視候補
7863,"Hiraga Co.,Ltd.",,27.2,0.17,3.5,✗,✗,✓,監視候補
7859,Almedio Inc.,,51.3,1.07,16.0,✗,✗,✗,監視候補
7850,"Sougou Shouken Co.,Ltd.",,24.0,0.34,3.2,✗,✗,✓,監視候補
7847,Graphite Design Inc.,,44.6,0.69,11.4,✗,✗,✗,監視候補
7841,"Endo Manufacturing Co., Ltd.",,95.4,0.27,4.2,✗,✗,✓,監視候補
7837,"R. C. Core Co., Ltd.",,14.4,0.52,8.4,✗,✗,✗,監視候補
7836,"AVIX,Inc.",,26.0,0.23,6.8,✗,✗,✓,監視候補
7833,IFIS Japan Ltd.,,65.9,0.95,5.5,✗,✗,✓,監視候補
7831,Wellco Holdings Corporation,,10.2,0.49,4.6,✗,✗,✓,監視候補
7827,Orvis Corporation,,32.2,2.5,5.9,✗,✗,✗,監視候補
7813,"Platz Co., Ltd.",,29.8,0.61,6.6,✗,✗,✗,監視候補
7810,"Crossfor Co.,Ltd.",,26.7,0.06,16.0,✗,✗,✗,監視候補
7808,"C.S. Lumber Co., Inc",,48.5,0.5,4.9,✗,✗,✓,監視候補
7807,"Kowa Co.,Ltd.",,36.7,0.12,4.8,✗,✗,✗,監視候補
7805,Printnet Inc.,,34.0,0.46,2.3,✗,✗,✓,監視候補
7804,"B&P Co.,Ltd.",,57.5,4.61,3.9,✗,✗,✓,監視候補
7963,Koken Ltd.,,87.4,0.19,3.2,✗,✗,✓,監視候補
7957,"Fujicopian Co., Ltd.",,36.8,26.59,8.5,✗,✗,✗,監視候補
7953,"Kikusui Chemical Industries Co., Ltd.",,50.5,1.33,2.0,✗,✗,✓,監視候補
7939,"Kensoh Co.,Ltd.",,22.5,1.0,1.8,✗,✗,✓,監視候補
7938,Regal Corporation,,61.2,0.88,2.7,✗,✗,✓,監視候補
7928,"Asahi Kagaku Kogyo Co.,Ltd.",,18.7,0.4,3.8,✗,✗,✓,監視候補
7919,"Nozaki Insatsu Shigyo Co., Ltd.",,36.2,0.48,3.6,✗,✗,✓,監視候補
7918,"VIA Holdings,Inc.",,47.9,0.45,2.9,✗,✗,✓,監視候補
7916,"Mitsumura Printing Co., Ltd.",,57.1,2.97,3.5,✗,✗,✗,監視候補
7902,"Sonocom Co.,Ltd.",,40.1,0.54,4.3,✗,✗,✓,監視候補
7898,"Wood One Co.,Ltd.",,87.2,0.12,4.7,✗,✗,✓,監視候補
7896,"Seven Industries Co., Ltd.",,22.5,0.28,1.6,✗,✗,✓,監視候補
7887,"Nankai Plywood Co.,Ltd.",,74.2,0.68,3.2,✗,✗,✓,監視候補
7879,Noda Corporation,,98.1,1.06,2.4,✗,✗,✓,監視候補
7872,"Estelle Holdings Co.,Ltd.",,64.4,2.09,1.0,✗,✗,✓,監視候補
7865,"People Co., Ltd.",,12.7,1.73,12.1,✗,✗,✓,監視候補
8135,Zett Corporation,,84.6,0.51,3.7,✗,✗,✓,監視候補
8123,"T.Kawabe & Co., Ltd.",,25.4,0.26,5.6,✗,✗,✓,監視候補
8119,Sanyei Corporation,,74.6,0.43,1.9,✗,✗,✓,監視候補
8115,"MOONBAT Co.,Ltd.",,59.3,0.31,3.1,✗,✗,✓,監視候補
8107,Kimuratan Corporation,,82.6,0.92,3.3,✗,✗,✓,監視候補
8077,TORQ Inc.,,47.5,0.73,3.8,✗,✗,✓,監視候補
8040,"Tokyo Soir Co., Ltd.",,36.7,0.81,1.5,✗,✗,✓,監視候補
8039,"Tsukiji Uoichiba Company, Limited",,77.7,0.58,3.0,✗,✗,✓,監視候補
8025,"Tsukamoto Corporation Co., Ltd.",,53.9,2.33,4.2,✗,✗,✓,監視候補
8013,"Naigai Co.,Ltd.",,29.7,0.21,8.2,✗,✗,✓,監視候補
7997,Kurogane Kosakusho Ltd.,,19.1,4.97,3.2,✗,✗,✓,監視候補
7992,"The Sailor Pen Co., Ltd.",,30.2,0.33,4.9,✗,✗,✓,監視候補
7986,"Nihon Isk Co.,Ltd.",,29.1,3.82,1.6,✗,✗,✓,監視候補
7983,Miroku Corporation,,34.0,0.12,7.2,✗,✗,✓,監視候補
7980,"Shigematsu Works Co., Ltd.",,59.9,0.94,5.2,✗,✗,✗,監視候補
7975,"Lihit Lab.,Inc.",,40.0,3.06,5.3,✗,✗,✓,監視候補
8769,"Advantage Risk Management Co., Ltd.",,80.1,1.38,9.0,✗,✗,✗,監視候補
8742,"Kobayashi Yoko Co., Ltd.",,68.0,1.14,13.2,✗,✗,✗,監視候補
8700,"Maruhachi Securities Co., Ltd.",,78.6,0.55,7.4,✗,✗,✓,監視候補
8617,"The Kosei Securities Co., Ltd.",,57.2,0.25,8.0,✗,✗,✓,監視候補
8518,"Japan Asia Investment Co., Ltd.",,41.8,0.65,13.9,✗,✗,✓,監視候補
8260,"Izutsuya Co., Ltd.",,41.9,1.56,5.9,✗,✗,✓,監視候補
8247,"Daiwa Co.,Ltd.",,20.0,0.26,18.6,✗,✗,✗,監視候補
8230,"Hasegawa Co., Ltd.",,54.8,4.69,2.3,✗,✗,✓,監視候補
8226,Rikei Corporation,,59.7,0.34,9.1,✗,✗,✗,監視候補
8225,"Takachiho Co.,Ltd.",,25.7,3.59,3.5,✗,✗,✓,監視候補
8181,"Totenko Co., Ltd.",,26.0,0.44,3.1,✗,✗,✓,監視候補
8166,"Taka-Q Co., Ltd.",,32.5,0.4,1.3,✗,✗,✓,監視候補
8165,"Senshukai Co., Ltd.",,47.2,1.46,7.0,✗,✗,✓,監視候補
8147,"Tomita Co., Ltd.",,76.0,1.52,5.1,✗,✗,✓,監視候補
8144,"Denkyo Group Holdings Co.,Ltd.",,78.7,44.41,2.7,✗,✗,✓,監視候補
8138,Sankyo Kasei Corporation,,37.1,1.93,6.1,✗,✗,✓,監視候補
9162,"Bleach, Inc.",,58.7,1.43,2.2,✗,✗,✓,監視候補
9159,W TOKYO Inc.,,49.1,0.92,7.5,✗,✗,✗,監視候補
9127,"Tamai Steamship Co., Ltd.",,55.1,0.94,13.8,✗,✗,✗,監視候補
9073,"Kyogoku unyu shoji Co., Ltd.",,36.7,0.2,4.2,✗,✗,✓,監視候補
9063,"Okayamaken Freight Transportation Co., Ltd.",,83.6,1.7,5.7,✗,✗,✓,監視候補
9060,Japan Logistic Systems Corp.,,56.8,0.1,1.5,✗,✗,✓,監視候補
9051,"Senkon Logistics Co., Ltd.",,61.6,2.4,7.6,✗,✗,✗,監視候補
9036,"Tohbu Network Co., Ltd.",,67.2,0.48,4.4,✗,✗,✓,監視候補
8996,"HouseFreedom Co.,Ltd.",,41.6,0.97,7.9,✗,✗,✓,監視候補
8946,Asian Star Co.,,19.8,1.34,5.6,✗,✗,✓,監視候補
8944,"Land Business Co.,Ltd.",,49.2,1.25,6.6,✗,✗,✓,監視候補
8938,"GLOME Holdings,Inc.",,32.7,0.07,5.6,✗,✗,✓,監視候補
8912,Area Quest Inc.,,23.1,0.35,9.7,✗,✗,✓,監視候補
8891,"AMG Holdings Co.,Ltd.",,59.5,1.45,7.8,✗,✗,✗,監視候補
8836,RISE Inc.,,25.0,0.13,7.7,✗,✗,✓,監視候補
8835,Taiheiyo Kouhatsu Incorporated,,60.8,0.87,1.9,✗,✗,✓,監視候補
9242,"Media Research Institute,Inc.",,24.3,0.36,3.8,✗,✗,✓,監視候補
9241,"Future Link Network Co.,Ltd.",,10.7,0.35,5.2,✗,✗,✓,監視候補
9240,Delivery Consulting Inc.,,18.5,0.39,17.5,✗,✗,✗,監視候補
9236,Japan M&A Solution Incorporated,,21.7,0.59,16.5,✗,✗,✗,監視候補
9225,Bridge Consulting Group Inc.,,20.1,0.84,1.8,✗,✗,✓,監視候補
9220,"FB Care Service Co.,Ltd.",,31.4,1.23,8.9,✗,✗,✗,監視候補
9219,GiXo Ltd.,,50.4,0.59,3.1,✗,✗,✓,監視候補
9218,"Mental Health Technologies Co.,Ltd.",,86.2,2.26,3.6,✗,✗,✗,監視候補
9215,"CaSy Co., Ltd.",,18.9,0.85,3.1,✗,✗,✓,監視候補
9214,"Recovery International Co.,Ltd.",,16.9,5.44,3.8,✗,✗,✓,監視候補
9213,Seyfert Ltd.,,13.7,0.23,6.2,✗,✗,✗,監視候補
9212,"Green Earth Institute Co., Ltd.",,32.3,1.19,19.5,✗,✗,✗,監視候補
9206,Star Flyer Inc.,,73.4,1.1,3.5,✗,✗,✓,監視候補
9193,"Tokyo Kisen Co.,Ltd.",,87.8,0.3,3.6,✗,✗,✓,監視候補
9173,"Tokai Kisen Co., Ltd.",,61.6,0.49,0.5,✗,✗,✓,監視候補
9165,"Qualtec Co.,Ltd.",,43.4,1.25,6.8,✗,✗,✓,監視候補
9339,"Coach A Co., Ltd.",,35.2,3.11,1.4,✗,✗,✓,監視候補
9337,toridori Inc.,,47.6,0.37,5.6,✗,✗,✓,監視候補
9331,Caster Co.Ltd.,705.0,14.0,0.05,6.9,✓,✗,✓,監視候補
9330,AGEHA Inc.,,12.7,3.19,5.0,✗,✗,✓,監視候補
9327,"e-LogiT co.,ltd.",,29.0,0.44,4.9,✗,✗,✓,監視候補
9326,"Kantsu HD Co.,Ltd.",,48.7,0.26,5.6,✗,✗,✓,監視候補
9271,"Wagokoro Co., Ltd.",,83.5,0.51,10.4,✗,✗,✓,監視候補
9265,"Yamashita Health Care Holdings,Inc.",,94.5,0.21,6.5,✗,✗,✓,監視候補
9264,"Puequ CO.,LTD.",,72.6,0.51,4.5,✗,✗,✓,監視候補
9262,"Silver Life Co., Ltd.",,73.8,1.07,4.2,✗,✗,✓,監視候補
9259,"TAKAYOSHI Holdings, INC.",,46.7,1.03,2.1,✗,✗,✓,監視候補
9258,"CS-C.Co.,Ltd.",,19.8,2.74,8.3,✗,✗,✗,監視候補
9254,"Lovable Marketing Group,inc.",,17.3,1.05,2.9,✗,✗,✓,監視候補
9253,Slogan Inc.,,20.8,14.98,7.2,✗,✗,✗,監視候補
9250,GRCS Inc.,,15.3,0.54,9.5,✗,✗,✗,監視候補
9246,"ProjectHoldings, Inc.",,76.6,3.92,5.2,✗,✗,✓,監視候補
9423,Forval RealStraight Inc.,,25.2,1.51,2.9,✗,✗,✓,監視候補
9421,NJ Holdings Inc.,,28.3,0.7,6.5,✗,✗,✓,監視候補
9419,"WirelessGate, Inc.",,32.4,0.91,3.1,✗,✗,✓,監視候補
9417,"Smartvalue Co., Ltd.",,32.8,0.75,6.2,✗,✗,✓,監視候補
9385,Shoei Corporation,,57.3,0.37,2.6,✗,✗,✓,監視候補
9376,"Eurasia Travel Co., Ltd.",,28.7,9.18,3.2,✗,✗,✓,監視候補
9365,Tradia Corporation,,24.0,0.12,4.5,✗,✗,✓,監視候補
9363,"Daiun Co.,Ltd.",,25.3,0.36,7.5,✗,✗,✗,監視候補
9360,Suzuyo Shinwart Corporation,,79.7,0.2,2.1,✗,✗,✓,監視候補
9355,Rinko Corporation,,58.6,0.2,4.5,✗,✗,✓,監視候補
9353,"Sakurajima Futo Kaisha, Ltd.",,45.3,0.06,2.1,✗,✗,✓,監視候補
9346,"Cocorport, Inc.",,69.2,0.32,5.4,✗,✗,✓,監視候補
9345,"Bizmates, Inc.",,19.1,0.77,3.1,✗,✗,✓,監視候補
9344,Axis Consulting Corporation,,69.2,1.81,5.9,✗,✗,✗,監視候補
9342,Sumasapo Inc.,,21.0,2.34,4.4,✗,✗,✓,監視候補
9340,"ASO International, Inc.",,79.4,0.62,9.9,✗,✗,✗,監視候補
9635,"Musashino Kogyo Co., Ltd.",,26.7,2.5,1.8,✗,✗,✓,監視候補
9625,"Cerespo Co., Ltd.",,51.4,0.16,4.6,✗,✗,✓,監視候補
9565,GLOE Inc.,,18.2,3.64,5.3,✗,✗,✓,監視候補
9563,Atlas Technologies Corporation,,25.5,1.22,6.7,✗,✗,✗,監視候補
9561,GLAD CUBE Inc.,,36.4,0.26,5.8,✗,✗,✓,監視候補
9558,"Japaniace Co.,Ltd.",,78.0,0.6,2.5,✗,✗,✓,監視候補
9557,"airCloset, Inc.",,20.9,0.08,14.0,✗,✗,✓,監視候補
9514,EF-ON Inc.,,71.7,0.98,10.4,✗,✗,✗,監視候補
9478,"SE Holdings and Incubations Co., Ltd.",,74.8,1.52,6.3,✗,✗,✓,監視候補
9476,"Chuokeizai-Sha Holdings, Inc.",,38.5,2.05,6.6,✗,✗,✗,監視候補
9475,"Shobunsha Holdings, Inc.",,91.4,1.35,3.8,✗,✗,✓,監視候補
9466,Aidma Marketing Communication Corporation,,31.4,1.01,3.8,✗,✗,✓,監視候補
9446,"SAKAI Holdings CO.,LTD",,51.0,0.83,2.3,✗,✗,✓,監視候補
9445,"Forval Telecom,Inc.",,88.6,1.24,3.6,✗,✗,✓,監視候補
9444,"Toshin Holdings Co.,Ltd",,17.6,6.87,15.1,✗,✗,✓,監視候補
9439,M H Group Ltd.,,33.8,0.11,6.9,✗,✗,✓,監視候補
9827,"Lilycolor Co., Ltd.",,79.8,0.85,3.2,✗,✗,✓,監視候補
9820,MT Genex Corporation,,42.5,0.34,5.8,✗,✗,✓,監視候補
9816,Striders Corporation,,22.9,2.36,5.3,✗,✗,✓,監視候補
9812,"T.O. Holdings CO.,LTD.",,14.8,0.57,6.9,✗,✗,✓,監視候補
9791,Biken Techno Corporation,,88.6,0.19,4.3,✗,✗,✓,監視候補
9778,"Subaru Co., Ltd.",,32.7,0.24,2.9,✗,✗,✓,監視候補
9767,"Nikken Kogaku Co., Ltd.",,31.4,0.21,15.2,✗,✗,✗,監視候補
9761,"Tokai Lease Co.,Ltd.",,82.4,0.83,2.8,✗,✗,✓,監視候補
9760,"Shingakukai Holdings Co.,Ltd.",,19.5,0.15,4.3,✗,✗,✓,監視候補
9723,"The Kyoto Hotel, Ltd.",,76.6,2.08,1.1,✗,✗,✓,監視候補
9720,"Hotel Newgrand Co., Ltd.",,75.6,0.4,3.2,✗,✗,✓,監視候補
9704,"AGORA Hospitality Group Co., Ltd",,72.0,0.31,11.1,✗,✗,✓,監視候補
9685,"KYCOM Holdings Co., Ltd.",,29.2,0.36,4.6,✗,✗,✓,監視候補
9679,"HORAI Co., Ltd.",,95.0,1.01,3.7,✗,✗,✓,監視候補
9656,Greenland Resort Company Limited,,62.1,0.56,2.3,✗,✗,✓,監視候補
9647,"Kyowa Engineering Consultants Co., Ltd.",,39.6,0.23,6.9,✗,✗,✓,監視候補
2183,"Linical Co., Ltd.",205.0,46.3,0.43,2.0,✓,✗,✓,監視候補
2139,"Chuco Co., Ltd.",522.0,35.5,3.25,2.5,✗,✗,✓,監視候補
2138,"CROOZ, Inc.",425.0,40.7,0.1,10.4,✓,✗,✓,監視候補
206A,"PRISM BioLab Co.,LTD",167.0,61.7,0.18,13.1,✗,✗,✗,監視候補
2055,"Nichiwa Sangyo Co., Ltd.",344.0,62.3,0.17,3.2,✗,✗,✓,監視候補
1994,Takahashi Curtain Wall Corporation,606.0,48.0,0.82,4.7,✗,✗,✓,監視候補
198A,PostPrime Inc.,161.0,19.9,0.23,10.6,✗,✗,✓,監視候補
196A,"MFS, Inc.",319.0,32.5,0.87,16.3,✗,✗,✓,監視候補
190A,Chordia Therapeutics Inc.,67.0,50.4,0.46,10.4,✗,✗,✓,監視候補
184A,"Manabi-aid Co.,Ltd.",317.0,10.8,0.06,5.1,✗,✗,✓,監視候補
1844,"Ohmori Co.,Ltd.",438.0,82.0,0.81,12.1,✗,✗,✗,監視候補
1840,"Tsuchiya Holdings Co., Ltd.",254.0,65.5,1.58,4.8,✓,✗,✓,監視候補
177A,"Kohjin Bio Co., Ltd.",825.0,42.2,1.22,3.4,✗,✗,✓,監視候補
175A,"Will Smart Co.,LTD.",632.0,13.6,0.26,6.9,✗,✗,✓,監視候補
9972,"Altech Co., Ltd.",,39.0,0.09,5.5,✗,✗,✓,監視候補
9973,"KOZO Holdings Co.,Ltd.",,56.5,0.37,10.5,✗,✗,✗,監視候補
9976,"Sekichu Co., Ltd.",,61.0,5.08,14.1,✗,✗,✗,監視候補
9978,"Bunkyodo Group Holdings Co., Ltd.",,19.7,0.89,2.3,✗,✗,✓,監視候補
9980,MRK Holdings Inc.,,82.0,5.04,3.2,✗,✗,✓,監視候補
130A,Veritas In Silico Inc.,433.0,28.1,0.68,4.9,✗,✗,✗,監視候補
