trade_id,code,name,signal_date,entry_date,entry_price,signal_score,signal_rank,stop_price,target10,target20,target30,status,days_observed,max_high,min_low,max_gain_pct,max_drawdown_pct,hit_10,hit_20,hit_30,hit_stop,exit_date,exit_price,exit_reason,shares,investment_amount,current_price,unrealized_pnl,unrealized_pnl_pct,realized_pnl,realized_pnl_pct,last_update
2179_20260811,2179,"Seigakusha Co.,Ltd.",2026-08-11,2026-08-11,837.0,87,S,774.23,920.7,1004.4,1088.1,CLOSED,20,888.0,822.0,6.09,-1.79,False,False,False,False,2026-09-08,834.0,20営業日経過,100,83700.0,834.0,0.0,0.0,-300.0,-0.36,2026-09-08
4243_20260811,4243,"Nix, Inc.",2026-08-11,2026-08-11,985.0,87,S,902.26,1083.5,1182.0,1280.5,CLOSED,20,1149.0,961.0,16.65,-2.44,True,False,False,False,2026-09-08,1029.0,20営業日経過,100,98500.0,1029.0,0.0,0.0,4400.0,4.47,2026-09-08
5542_20260811,5542,Shinhokoku Material Corp.,2026-08-11,2026-08-11,873.0,86,S,770.86,960.3,1047.6,1134.9,CLOSED,20,1034.0,873.0,18.44,0.0,True,False,False,False,2026-09-08,926.0,20営業日経過,100,87300.0,926.0,0.0,0.0,5300.0,6.07,2026-09-08
3035_20260811,3035,ktk Inc.,2026-08-11,2026-08-11,809.0,85,S,770.17,889.9,970.8,1051.7,CLOSED,5,809.0,768.0,0.0,-5.07,False,False,False,True,2026-08-18,770.17,STOP,100,80900.0,770.17,0.0,0.0,-3883.0,-4.8,2026-08-27
6155_20260811,6155,"Takamatsu Machinery Co., Ltd.",2026-08-11,2026-08-11,538.0,85,S,479.9,591.8,645.6,699.4,CLOSED,20,556.0,518.0,3.35,-3.72,False,False,False,False,2026-09-08,541.0,20営業日経過,100,53800.0,541.0,0.0,0.0,300.0,0.56,2026-09-08
6964_20260811,6964,"Sanko Co., Ltd.",2026-08-11,2026-08-11,698.0,82,A,653.33,767.8,837.6,907.4,CLOSED,20,709.0,690.0,1.58,-1.15,False,False,False,False,2026-09-08,690.0,20営業日経過,100,69800.0,690.0,0.0,0.0,-800.0,-1.15,2026-09-08
2464_20260811,2464,"Aoba-BBT, Inc.",2026-08-11,2026-08-11,343.0,81,A,314.87,377.3,411.6,445.9,CLOSED,20,382.0,336.0,11.37,-2.04,True,False,False,False,2026-09-08,370.0,20営業日経過,100,34300.0,370.0,0.0,0.0,2700.0,7.87,2026-09-08
3238_20260811,3238,"Central General Development Co., Ltd.",2026-08-11,2026-08-11,401.0,81,A,362.91,441.1,481.2,521.3,CLOSED,20,401.0,377.0,0.0,-5.99,False,False,False,False,2026-09-08,385.0,20営業日経過,100,40100.0,385.0,0.0,0.0,-1600.0,-3.99,2026-09-08
2481_20260811,2481,"Townnews-Sha Co.,Ltd.",2026-08-11,2026-08-11,666.0,80,A,624.71,732.6,799.2,865.8,CLOSED,20,692.0,649.0,3.9,-2.55,False,False,False,False,2026-09-08,685.0,20営業日経過,100,66600.0,685.0,0.0,0.0,1900.0,2.85,2026-09-08
4360_20260811,4360,"MANAC Chemical Partners Co.,Ltd",2026-08-11,2026-08-11,909.0,80,A,769.01,999.9,1090.8,1181.7,CLOSED,20,1040.0,850.0,14.41,-6.49,True,False,False,False,2026-09-08,966.0,20営業日経過,100,90900.0,966.0,0.0,0.0,5700.0,6.27,2026-09-08
4447_20260811,4447,"PBsystems,Inc.",2026-08-11,2026-08-11,473.0,80,A,423.81,520.3,567.6,614.9,CLOSED,20,511.0,472.0,8.03,-0.21,False,False,False,False,2026-09-08,497.0,20営業日経過,100,47300.0,497.0,0.0,0.0,2400.0,5.07,2026-09-08
4245_20260811,4245,"Daiki Axis Co., Ltd.",2026-08-11,2026-08-11,715.0,79,A,655.65,786.5,858.0,929.5,CLOSED,20,729.0,698.0,1.96,-2.38,False,False,False,False,2026-09-08,713.0,20営業日経過,100,71500.0,713.0,0.0,0.0,-200.0,-0.28,2026-09-08
7217_20260811,7217,"Tein, Inc.",2026-08-11,2026-08-11,457.0,79,A,409.01,502.7,548.4,594.1,CLOSED,20,467.0,443.0,2.19,-3.06,False,False,False,False,2026-09-08,452.0,20営業日経過,100,45700.0,452.0,0.0,0.0,-500.0,-1.09,2026-09-08
3958_20260827,3958,"Sasatoku Printing Co.,Ltd.",2026-08-27,2026-08-27,554.0,89,S,546.24,609.4,664.8,720.2,CLOSED,9,555.0,544.0,0.18,-1.81,False,False,False,True,2026-09-09,546.24,STOP,100,55400.0,546.24,0.0,0.0,-776.0,-1.4,2026-09-09
7928_20260827,7928,"Asahi Kagaku Kogyo Co.,Ltd.",2026-08-27,2026-08-27,662.0,86,S,620.29,728.2,794.4,860.6,CLOSED,4,662.0,615.0,0.0,-7.1,False,False,False,True,2026-09-02,620.29,STOP,100,66200.0,620.29,0.0,0.0,-4171.0,-6.3,2026-09-02
2186_20260827,2186,Sobal Corporation,2026-08-27,2026-08-27,923.0,81,A,907.31,1015.3,1107.6,1199.9,CLOSED,1,924.0,892.0,0.11,-3.36,False,False,False,True,2026-08-28,907.31,STOP,100,92300.0,907.31,0.0,0.0,-1569.0,-1.7,2026-08-28
3607_20260827,3607,"Kuraudia Holdings Co.,Ltd.",2026-08-27,2026-08-27,366.0,81,A,348.07,402.6,439.2,475.8,CLOSED,1,366.0,347.0,0.0,-5.19,False,False,False,True,2026-08-28,348.07,STOP,100,36600.0,348.07,0.0,0.0,-1793.0,-4.9,2026-08-28
4707_20260827,4707,KITAC Corporation,2026-08-27,2026-08-27,346.0,81,A,319.01,380.6,415.2,449.8,CLOSED,20,379.0,330.0,9.54,-4.62,False,False,False,False,2026-09-29,370.0,20営業日経過,100,34600.0,370.0,0.0,0.0,2400.0,6.94,2026-10-01
3967_20260827,3967,"Eltes Co.,Ltd.",2026-08-27,2026-08-27,612.0,80,A,558.76,673.2,734.4,795.6,CLOSED,11,612.0,551.0,0.0,-9.97,False,False,False,True,2026-09-11,558.76,STOP,100,61200.0,558.76,0.0,0.0,-5324.0,-8.7,2026-09-11
3440_20260827,3440,"NISSO GROUP Co.,Ltd.",2026-08-27,2026-08-27,958.0,78,A,849.75,1053.8,1149.6,1245.4,CLOSED,20,958.0,850.0,0.0,-11.27,False,False,False,False,2026-09-29,861.0,20営業日経過,100,95800.0,861.0,0.0,0.0,-9700.0,-10.13,2026-10-01
4178_20260827,4178,Sharing Innovations Inc.,2026-08-27,2026-08-27,551.0,73,B,476.06,606.1,661.2,716.3,CLOSED,20,751.0,518.0,36.3,-5.99,True,True,True,False,2026-09-29,716.3,+30%,100,55100.0,716.3,0.0,0.0,16530.0,30.0,2026-10-01
2788_20260828,2788,"Apple International Co., Ltd.",2026-08-28,2026-08-28,439.0,84,A,377.98,482.9,526.8,570.7,OPEN,19,443.0,381.0,0.91,-13.21,False,False,False,False,,,,100,43900.0,408.0,-3100.0,-7.06,0.0,0.0,2026-10-01
3991_20260828,3991,"Wantedly, Inc.",2026-08-28,2026-08-28,1050.0,79,A,851.55,1155.0,1260.0,1365.0,OPEN,19,1050.0,937.0,0.0,-10.76,False,False,False,False,,,,100,105000.0,964.0,-8600.0,-8.19,0.0,0.0,2026-10-01
4394_20260828,4394,"eXmotion Co., Ltd.",2026-08-28,2026-08-28,636.0,79,A,539.96,699.6,763.2,826.8,OPEN,19,762.0,608.0,19.81,-4.4,True,False,False,False,,,,100,63600.0,718.0,8200.0,12.89,0.0,0.0,2026-10-01
7078_20260828,7078,INCLUSIVE Holdings Inc.,2026-08-28,2026-08-28,365.0,79,A,329.96,401.5,438.0,474.5,OPEN,19,365.0,336.0,0.0,-7.95,False,False,False,False,,,,100,36500.0,341.0,-2400.0,-6.58,0.0,0.0,2026-10-01
9340_20260828,9340,"ASO International, Inc.",2026-08-28,2026-08-28,770.0,79,A,685.3,847.0,924.0,1001.0,OPEN,19,847.0,750.0,10.0,-2.6,True,False,False,False,,,,100,77000.0,805.0,3500.0,4.55,0.0,0.0,2026-10-01
6778_20260828,6778,"Artiza Networks, Inc.",2026-08-28,2026-08-28,672.0,78,A,592.7,739.2,806.4,873.6,OPEN,19,685.0,605.0,1.93,-9.97,False,False,False,False,,,,100,67200.0,630.0,-4200.0,-6.25,0.0,0.0,2026-10-01
5033_20260828,5033,Nulab Inc.,2026-08-28,2026-08-28,953.0,75,B,805.28,1048.3,1143.6,1238.9,CLOSED,7,1255.0,933.0,31.69,-2.1,True,True,True,False,2026-09-08,1238.9,+30%,100,95300.0,1238.9,0.0,0.0,28590.0,30.0,2026-09-08
4370_20260828,4370,Mobilus Corporation,2026-08-28,2026-08-28,393.0,73,B,293.18,432.3,471.6,510.9,OPEN,19,506.0,327.0,28.75,-16.79,True,True,False,False,,,,100,39300.0,411.0,1800.0,4.58,0.0,0.0,2026-10-01
6775_20260828,6775,TB Group Inc.,2026-08-28,2026-08-28,130.0,73,B,111.02,143.0,156.0,169.0,OPEN,19,162.0,122.0,24.62,-6.15,True,True,False,False,,,,100,13000.0,131.0,100.0,0.77,0.0,0.0,2026-10-01
5129_20260828,5129,FIXER Inc.,2026-08-28,2026-08-28,342.0,67,C,227.09,376.2,410.4,444.6,OPEN,19,422.0,249.0,23.39,-27.19,True,True,False,False,,,,100,34200.0,250.0,-9200.0,-26.9,0.0,0.0,2026-10-01
3598_20260901,3598,"Yamaki Co.,Ltd.",2026-09-01,2026-09-01,167.0,82,A,157.98,183.7,200.4,217.1,OPEN,17,170.0,158.0,1.8,-5.39,False,False,False,False,,,,100,16700.0,161.0,-600.0,-3.59,0.0,0.0,2026-10-01
6233_20260901,6233,KLASS Corporation,2026-09-01,2026-09-01,404.0,81,A,383.8,444.4,484.8,525.2,OPEN,17,404.73,386.2,0.18,-4.41,False,False,False,False,,,,100,40400.0,400.0,-400.0,-0.99,0.0,0.0,2026-10-01
3750_20260901,3750,ADR Biomedical Holdings Inc.,2026-09-01,2026-09-01,848.0,79,A,758.96,932.8,1017.6,1102.4,OPEN,17,870.0,791.0,2.59,-6.72,False,False,False,False,,,,100,84800.0,810.0,-3800.0,-4.48,0.0,0.0,2026-10-01
8518_20260901,8518,"Japan Asia Investment Co., Ltd.",2026-09-01,2026-09-01,150.0,69,B,121.95,165.0,180.0,195.0,OPEN,17,157.0,146.0,4.67,-2.67,False,False,False,False,,,,100,15000.0,152.0,200.0,1.33,0.0,0.0,2026-10-01
4598_20260901,4598,"Delta-Fly Pharma, Inc.",2026-09-01,2026-09-01,154.0,67,C,91.94,169.4,184.8,200.2,OPEN,17,159.0,106.0,3.25,-31.17,False,False,False,False,,,,100,15400.0,114.0,-4000.0,-25.97,0.0,0.0,2026-10-01
2894_20260902,2894,"Ishii Food Co., Ltd.",2026-09-02,2026-09-02,373.0,81,A,328.99,410.3,447.6,484.9,OPEN,16,374.0,355.0,0.27,-4.83,False,False,False,False,,,,100,37300.0,370.0,-300.0,-0.8,0.0,0.0,2026-10-01
7162_20260902,7162,"ASTMAX Co., Ltd.",2026-09-02,2026-09-02,308.0,81,A,231.92,338.8,369.6,400.4,OPEN,16,328.0,274.0,6.49,-11.04,False,False,False,False,,,,100,30800.0,293.0,-1500.0,-4.87,0.0,0.0,2026-10-01
8247_20260902,8247,"Daiwa Co.,Ltd.",2026-09-02,2026-09-02,341.0,81,A,280.98,375.1,409.2,443.3,OPEN,16,382.0,316.0,12.02,-7.33,True,False,False,False,,,,100,34100.0,357.0,1600.0,4.69,0.0,0.0,2026-10-01
9466_20260902,9466,Aidma Marketing Communication Corporation,2026-09-02,2026-09-02,243.0,81,A,219.92,267.3,291.6,315.9,OPEN,16,243.88,231.14,0.36,-4.88,False,False,False,False,,,,100,24300.0,240.0,-300.0,-1.23,0.0,0.0,2026-10-01
6538_20260902,6538,Disruptors Inc.,2026-09-02,2026-09-02,250.0,74,B,235.0,275.0,300.0,325.0,OPEN,16,256.0,242.0,2.4,-3.2,False,False,False,False,,,,100,25000.0,244.0,-600.0,-2.4,0.0,0.0,2026-10-01
4750_20260902,4750,"Daisan Co., Ltd.",2026-09-02,2026-09-02,568.0,72,B,540.74,624.8,681.6,738.4,OPEN,16,571.0,543.0,0.53,-4.4,False,False,False,False,,,,100,56800.0,562.0,-600.0,-1.06,0.0,0.0,2026-10-01
3143_20260907,3143,O'will Corporation,2026-09-07,2026-09-07,728.0,83,A,679.95,800.8,873.6,946.4,CLOSED,13,988.0,699.41,35.71,-3.93,True,True,True,False,2026-09-29,946.4,+30%,100,72800.0,946.4,0.0,0.0,21840.0,30.0,2026-10-01
5252_20260907,5252,"Nihon Knowledge Co,Ltd.",2026-09-07,2026-09-07,800.0,81,A,716.8,880.0,960.0,1040.0,CLOSED,11,1040.0,800.0,30.0,0.0,True,True,True,False,2026-09-25,1040.0,+30%,100,80000.0,1040.0,0.0,0.0,24000.0,30.0,2026-09-25
7369_20260907,7369,"Meiho Holdings,Inc.",2026-09-07,2026-09-07,399.0,73,B,345.93,438.9,478.8,518.7,OPEN,13,476.0,370.0,19.3,-7.27,True,False,False,False,,,,100,39900.0,389.0,-1000.0,-2.51,0.0,0.0,2026-10-01
6694_20260907,6694,Zoom Corporation,2026-09-07,2026-09-07,768.0,72,B,635.14,844.8,921.6,998.4,OPEN,13,878.0,768.0,14.32,0.0,True,False,False,False,,,,100,76800.0,852.0,8400.0,10.94,0.0,0.0,2026-10-01
2479_20260908,2479,JTEC Corporation,2026-09-08,2026-09-08,267.0,84,A,234.96,293.7,320.4,347.1,OPEN,12,271.0,253.0,1.5,-5.24,False,False,False,False,,,,100,26700.0,266.0,-100.0,-0.37,0.0,0.0,2026-10-01
9219_20260908,9219,GiXo Ltd.,2026-09-08,2026-09-08,906.0,83,A,865.23,996.6,1087.2,1177.8,OPEN,12,910.0,880.0,0.44,-2.87,False,False,False,False,,,,100,90600.0,901.0,-500.0,-0.55,0.0,0.0,2026-10-01
4387_20260908,4387,"ZUU Co.,Ltd.",2026-09-08,2026-09-08,549.0,79,A,468.85,603.9,658.8,713.7,OPEN,12,610.0,501.0,11.11,-8.74,True,False,False,False,,,,100,54900.0,545.0,-400.0,-0.73,0.0,0.0,2026-10-01
4990_20260908,4990,"Showa Chemical Industry Co., Ltd.",2026-09-08,2026-09-08,558.0,78,A,483.79,613.8,669.6,725.4,OPEN,12,560.87,514.13,0.51,-7.86,False,False,False,False,,,,100,55800.0,531.0,-2700.0,-4.84,0.0,0.0,2026-10-01
2735_20260908,2735,"Watts Co., Ltd.",2026-09-08,2026-09-08,748.0,76,B,653.75,822.8,897.6,972.4,OPEN,12,748.0,708.0,0.0,-5.35,False,False,False,False,,,,100,74800.0,716.0,-3200.0,-4.28,0.0,0.0,2026-10-01
6897_20260908,6897,Twinbird Corporation,2026-09-08,2026-09-08,689.0,74,B,573.94,757.9,826.8,895.7,OPEN,12,720.0,590.0,4.5,-14.37,False,False,False,False,,,,100,68900.0,603.0,-8600.0,-12.48,0.0,0.0,2026-10-01
4932_20260908,4932,"Almado, Inc.",2026-09-08,2026-09-08,821.0,72,B,698.67,903.1,985.2,1067.3,OPEN,12,840.0,792.0,2.31,-3.53,False,False,False,False,,,,100,82100.0,807.0,-1400.0,-1.71,0.0,0.0,2026-10-01
4891_20260908,4891,"TMS Co., Ltd.",2026-09-08,2026-09-08,111.0,68,B,92.02,122.1,133.2,144.3,OPEN,12,139.0,109.0,25.23,-1.8,True,True,False,False,,,,100,11100.0,128.0,1700.0,15.32,0.0,0.0,2026-10-01
4421_20260909,4421,"D. I. System Co., Ltd.",2026-09-09,2026-09-09,954.0,86,S,900.58,1049.4,1144.8,1240.2,CLOSED,11,954.0,891.0,0.0,-6.6,False,False,False,True,2026-09-29,900.58,STOP,100,95400.0,900.58,0.0,0.0,-5342.0,-5.6,2026-10-01
5287_20260909,5287,"Ito Yogyo Co., Ltd",2026-09-09,2026-09-09,1011.0,66,C,794.65,1112.1,1213.2,1314.3,OPEN,11,1159.0,875.0,14.64,-13.45,True,False,False,False,,,,100,101100.0,909.0,-10200.0,-10.09,0.0,0.0,2026-10-01
4492_20260910,4492,Genetec Corporation,2026-09-10,2026-09-10,402.0,81,A,358.99,442.2,482.4,522.6,OPEN,10,402.0,380.1,0.0,-5.45,False,False,False,False,,,,100,40200.0,386.0,-1600.0,-3.98,0.0,0.0,2026-10-01
265A_20260910,265A,Hmcomm Inc.,2026-09-10,2026-09-10,808.0,74,B,626.2,888.8,969.6,1050.4,OPEN,10,837.0,726.0,3.59,-10.15,False,False,False,False,,,,100,80800.0,755.0,-5300.0,-6.56,0.0,0.0,2026-10-01
4174_20260910,4174,Appirits Inc.,2026-09-10,2026-09-10,1018.0,73,B,700.38,1119.8,1221.6,1323.4,OPEN,10,1279.0,922.0,25.64,-9.43,True,True,False,False,,,,100,101800.0,1153.0,13500.0,13.26,0.0,0.0,2026-10-01
4883_20260910,4883,Modalis Therapeutics Corporation,2026-09-10,2026-09-10,43.0,67,C,28.98,47.3,51.6,55.9,OPEN,10,50.0,31.0,16.28,-27.91,True,False,False,False,,,,100,4300.0,31.0,-1200.0,-27.91,0.0,0.0,2026-10-01
7042_20260911,7042,"Access Group Holdings Co., Ltd.",2026-09-11,2026-09-11,705.0,86,S,645.08,775.5,846.0,916.5,OPEN,9,705.0,647.0,0.0,-8.23,False,False,False,False,,,,100,70500.0,679.0,-2600.0,-3.69,0.0,0.0,2026-10-01
7980_20260911,7980,"Shigematsu Works Co., Ltd.",2026-09-11,2026-09-11,861.0,83,A,815.37,947.1,1033.2,1119.3,OPEN,9,899.0,839.0,4.41,-2.56,False,False,False,False,,,,100,86100.0,842.0,-1900.0,-2.21,0.0,0.0,2026-10-01
3187_20260911,3187,miratap inc.,2026-09-11,2026-09-11,413.0,75,B,291.99,454.3,495.6,536.9,OPEN,9,466.36,387.15,12.92,-6.26,True,False,False,False,,,,100,41300.0,409.0,-400.0,-0.97,0.0,0.0,2026-10-01
3988_20260914,3988,"SYS Holdings Co., Ltd.",2026-09-14,2026-09-14,560.0,83,A,530.88,616.0,672.0,728.0,OPEN,8,576.0,544.0,2.86,-2.86,False,False,False,False,,,,100,56000.0,559.0,-100.0,-0.18,0.0,0.0,2026-10-01
2373_20260914,2373,Care Twentyone Corporation,2026-09-14,2026-09-14,447.0,81,A,400.96,491.7,536.4,581.1,OPEN,8,454.0,427.0,1.57,-4.47,False,False,False,False,,,,100,44700.0,451.0,400.0,0.89,0.0,0.0,2026-10-01
4429_20260914,4429,"Ricksoft Co., Ltd.",2026-09-14,2026-09-14,750.0,80,A,686.25,825.0,900.0,975.0,OPEN,8,750.0,728.0,0.0,-2.93,False,False,False,False,,,,100,75000.0,739.0,-1100.0,-1.47,0.0,0.0,2026-10-01
6049_20260914,6049,ItoKuro Inc.,2026-09-14,2026-09-14,256.0,80,A,240.13,281.6,307.2,332.8,OPEN,8,256.0,243.0,0.0,-5.08,False,False,False,False,,,,100,25600.0,251.0,-500.0,-1.95,0.0,0.0,2026-10-01
3624_20260914,3624,Axel Mark Inc.,2026-09-14,2026-09-14,93.0,75,B,66.03,102.3,111.6,120.9,OPEN,8,100.0,81.0,7.53,-12.9,False,False,False,False,,,,100,9300.0,86.0,-700.0,-7.53,0.0,0.0,2026-10-01
4892_20260914,4892,Cyfuse Biomedical K.K.,2026-09-14,2026-09-14,667.0,75,B,502.92,733.7,800.4,867.1,OPEN,8,728.0,657.0,9.15,-1.5,False,False,False,False,,,,100,66700.0,657.0,-1000.0,-1.5,0.0,0.0,2026-10-01
4380_20260914,4380,M - mart Inc.,2026-09-14,2026-09-14,712.0,74,B,603.06,783.2,854.4,925.6,OPEN,8,716.0,690.0,0.56,-3.09,False,False,False,False,,,,100,71200.0,700.0,-1200.0,-1.69,0.0,0.0,2026-10-01
3248_20260915,3248,"Early Age Co., Ltd.",2026-09-15,2026-09-15,897.0,81,A,878.16,986.7,1076.4,1166.1,OPEN,7,897.0,884.0,0.0,-1.45,False,False,False,False,,,,100,89700.0,892.0,-500.0,-0.56,0.0,0.0,2026-10-01
2424_20260915,2424,Brass Corporation,2026-09-15,2026-09-15,657.0,79,A,589.99,722.7,788.4,854.1,OPEN,7,657.0,600.0,0.0,-8.68,False,False,False,False,,,,100,65700.0,616.0,-4100.0,-6.24,0.0,0.0,2026-10-01
4379_20260915,4379,Photosynth inc.,2026-09-15,2026-09-15,467.0,78,A,397.88,513.7,560.4,607.1,OPEN,7,524.0,459.0,12.21,-1.71,True,False,False,False,,,,100,46700.0,497.0,3000.0,6.42,0.0,0.0,2026-10-01
3823_20260915,3823,"THE WHY HOW DO COMPANY, Inc.",2026-09-15,2026-09-15,53.0,73,B,28.99,58.3,63.6,68.9,OPEN,7,55.0,38.0,3.77,-28.3,False,False,False,False,,,,100,5300.0,39.0,-1400.0,-26.42,0.0,0.0,2026-10-01
150A_20260916,150A,"JSH Co.,Ltd.",2026-09-16,2026-09-16,841.0,81,A,454.98,925.1,1009.2,1093.3,OPEN,6,879.0,695.0,4.52,-17.36,False,False,False,False,,,,100,84100.0,714.0,-12700.0,-15.1,0.0,0.0,2026-10-01
2376_20260916,2376,Scinex Corporation,2026-09-16,2026-09-16,800.0,79,A,734.4,880.0,960.0,1040.0,OPEN,6,813.0,779.0,1.63,-2.62,False,False,False,False,,,,100,80000.0,783.0,-1700.0,-2.12,0.0,0.0,2026-10-01
5542_20260916,5542,Shinhokoku Material Corp.,2026-09-16,2026-09-16,999.0,79,A,785.21,1098.9,1198.8,1298.7,CLOSED,5,1421.0,999.0,42.24,0.0,True,True,True,False,2026-09-28,1298.7,+30%,100,99900.0,1298.7,0.0,0.0,29970.0,30.0,2026-09-30
9212_20260916,9212,"Green Earth Institute Co., Ltd.",2026-09-16,2026-09-16,288.0,75,B,258.91,316.8,345.6,374.4,OPEN,6,345.0,278.0,19.79,-3.47,True,False,False,False,,,,100,28800.0,284.0,-400.0,-1.39,0.0,0.0,2026-10-01
2796_20260917,2796,Pharmarise Holdings Corporation,2026-09-17,2026-09-17,514.0,82,A,489.84,565.4,616.8,668.2,OPEN,5,514.0,490.0,0.0,-4.67,False,False,False,False,,,,100,51400.0,505.0,-900.0,-1.75,0.0,0.0,2026-10-01
2795_20260917,2795,Nippon Primex Inc.,2026-09-17,2026-09-17,964.0,81,A,934.12,1060.4,1156.8,1253.2,OPEN,5,999.0,956.0,3.63,-0.83,False,False,False,False,,,,100,96400.0,979.0,1500.0,1.56,0.0,0.0,2026-10-01
7624_20260917,7624,"Naito & Co., Ltd.",2026-09-17,2026-09-17,160.0,76,B,136.0,176.0,192.0,208.0,OPEN,5,207.0,160.0,29.37,0.0,True,True,False,False,,,,100,16000.0,194.0,3400.0,21.25,0.0,0.0,2026-10-01
4073_20260917,4073,"Global Communication Planning Co.,Ltd.",2026-09-17,2026-09-17,549.0,73,B,460.06,603.9,658.8,713.7,CLOSED,3,749.0,528.0,36.43,-3.83,True,True,True,False,2026-09-25,713.7,+30%,100,54900.0,713.7,0.0,0.0,16470.0,30.0,2026-09-25
7619_20260918,7619,"Tanaka Co.,Ltd.",2026-09-18,2026-09-18,994.0,87,S,950.26,1093.4,1192.8,1292.2,OPEN,4,1029.85,981.66,3.61,-1.24,False,False,False,False,,,,100,99400.0,1022.0,2800.0,2.82,0.0,0.0,2026-10-01
7953_20260925,7953,"Kikusui Chemical Industries Co., Ltd.",2026-09-25,2026-09-25,406.0,87,S,390.98,446.6,487.2,527.8,OPEN,2,406.0,398.02,0.0,-1.97,False,False,False,False,,,,100,40600.0,403.0,-300.0,-0.74,0.0,0.0,2026-10-01
4442_20260925,4442,"Valtes Holdings Co.,Ltd.",2026-09-25,2026-09-25,407.0,83,A,387.87,447.7,488.4,529.1,OPEN,2,407.0,397.0,0.0,-2.46,False,False,False,False,,,,100,40700.0,407.0,0.0,0.0,0.0,0.0,2026-10-01
7847_20260925,7847,Graphite Design Inc.,2026-09-25,2026-09-25,694.0,78,A,623.21,763.4,832.8,902.2,OPEN,2,694.0,673.0,0.0,-3.03,False,False,False,False,,,,100,69400.0,687.0,-700.0,-1.01,0.0,0.0,2026-10-01
3477_20260930,3477,"FORLIFE Co., Ltd.",2026-09-30,2026-09-30,907.5,88,S,849.42,998.25,1089.0,1179.75,OPEN,0,907.5,907.5,0.0,0.0,False,False,False,False,,,,100,90750.0,907.5,0.0,0.0,0.0,0.0,2026-09-30
5619_20261001,5619,MRSO Inc.,2026-10-01,2026-10-01,870.0,82,A,823.89,957.0,1044.0,1131.0,OPEN,0,870.0,870.0,0.0,0.0,False,False,False,False,,,,100,87000.0,870.0,0.0,0.0,0.0,0.0,2026-10-01
